"Path","GitStatus","Size","LastWriteTimeUtc","SHA256","IndexHash","WorktreeHash","CreatedBeforeSession"
".gitattributes","  ","507","2026-06-29T06:43:40.7398027Z","a28761658e10982b50d678402f2e5d902859cd5b0709444b3dcd39aaae2fc09c","a09c058df261b740ffb702129acc0fa6b76d189a","a28761658e10982b50d678402f2e5d902859cd5b0709444b3dcd39aaae2fc09c","true"
".github/workflows/ci-fast.yml","  ","1103","2026-07-25T06:56:19.6109034Z","6404104020d3e56bf4c58711ee8db69ab2a4124969aa03fb6758d3c227f0abd8","932fa26b74b46723f928a1e085c35fb80bfc86e7","6404104020d3e56bf4c58711ee8db69ab2a4124969aa03fb6758d3c227f0abd8","true"
".github/workflows/ci-nightly.yml","  ","587","2026-07-25T06:56:19.6109034Z","7d27bb1af5e4b78f2da1959ed8700b9dc8560e6df631bcb89cf6a1ec2471898d","aedc305724714c80c48436e3f1d0949eabaa6d3c","7d27bb1af5e4b78f2da1959ed8700b9dc8560e6df631bcb89cf6a1ec2471898d","true"
".gitignore"," M","4362","2026-07-26T06:26:41.4175682Z","aca220da657cc04932df93e1375add9a28aad631d4335377ccf4343f52efd649","cafa8b3c317ea66f64d6e5b5920129c4b2fda9ee","aca220da657cc04932df93e1375add9a28aad631d4335377ccf4343f52efd649","true"
".npmrc","  ","19","2026-07-25T06:55:01.2102848Z","7151cf397def0c2cb0ab65643701d27d335a72c90f775675b5f826bc7005818a","b6f27f135954640c8cc5bfd7b8c9922ca6eb2aad","7151cf397def0c2cb0ab65643701d27d335a72c90f775675b5f826bc7005818a","true"
".nvmrc","  ","3","2026-07-25T06:54:59.2335093Z","f14b4987904bcb5814e4459a057ed4d20f58a633152288a761214dcd28780b56","2bd5a0a98a36cc08ada88b804d3be047e6aa5b8a","f14b4987904bcb5814e4459a057ed4d20f58a633152288a761214dcd28780b56","true"
"AGENTS.md","  ","502","2026-07-23T04:22:29.0857982Z","29e3dc2fb9d21c34035c102957bc5bfd436a643eb1654517f1cd0b52dedc0f65","049c44b69124442aaf2de82e116bb646f6aff27f","29e3dc2fb9d21c34035c102957bc5bfd436a643eb1654517f1cd0b52dedc0f65","true"
"CHANGELOG.md","  ","1750","2026-07-25T07:21:12.0778816Z","0c85a9ce1f6b654dc3bec38fcbd728732cb9e1278eb0734b7af7cfd089095d43","eaa58c9baad04696dc1d875d9ea23288bc6aca90","0c85a9ce1f6b654dc3bec38fcbd728732cb9e1278eb0734b7af7cfd089095d43","true"
"data/trainer-catalog-seed.json","  ","265670","2026-07-13T00:15:57.0037414Z","e65d4ec8f01b3851cde8f83ac409911f05153633d3106fb2a32baa94ab24d52c","c2517e739540e0f423ff3f4ef6d361287b857c9e","e65d4ec8f01b3851cde8f83ac409911f05153633d3106fb2a32baa94ab24d52c","true"
"demo-game/data/items.json","  ","583","2026-06-21T02:00:32.0140551Z","50a5ba3cdd061b947032b1f12a8dfdecbf24799bc612bf5b86ad974114d82134","ed192375a2bc7f2a9e77c64e6fa4e7d69bc74fbf","50a5ba3cdd061b947032b1f12a8dfdecbf24799bc612bf5b86ad974114d82134","true"
"demo-game/data/player_stats.ini","  ","175","2026-06-21T02:00:34.6816071Z","3ce8a6d836975db22b4849400d418746cf413123bc1ba6709194b1f01bd02489","a2da65f9f714708528b0f4b6f30e8a1af6b278fe","3ce8a6d836975db22b4849400d418746cf413123bc1ba6709194b1f01bd02489","true"
"demo-game/save/player.rfsa","  ","36","2026-07-12T14:14:55.1535078Z","11c2a993c69790f42597e2cfc671c466579d0ca55727ecfd1ba649a083604856","aa7fea79c7a5e79c89d6ca5d95493218f7b9ccf1","11c2a993c69790f42597e2cfc671c466579d0ca55727ecfd1ba649a083604856","true"
"demo-game/save/save1.json","  ","785","2026-06-21T02:00:21.6897423Z","2f65830386d65458e07a0e7c0c1333929fd62aa1bbab537ebacc3f7ebb19d371","d32652f9a03ac92243bb7fcb8f041d1e2ef522ee","2f65830386d65458e07a0e7c0c1333929fd62aa1bbab537ebacc3f7ebb19d371","true"
"demo-game/save/save2.json","  ","785","2026-06-21T02:00:27.4092818Z","213d62f3d8b453330147eca7d544c1f69d5838b043aade3b08ee003986a11c40","2839599340b0d727fadce05d15a003e132dff176","213d62f3d8b453330147eca7d544c1f69d5838b043aade3b08ee003986a11c40","true"
"demo-game/save/stardew-fixture.xml","  ","727","2026-06-28T01:51:08.3345631Z","032375d688136487b231a8b5dfd3210309785a5537d7d8de5c3fd7592667b89d","f24d293bf60a2eece8a5ab4d788fe5be0b78012e","032375d688136487b231a8b5dfd3210309785a5537d7d8de5c3fd7592667b89d","true"
"demo-game/saves/terraria/player-fixture-v279.plr","  ","8","2026-07-15T15:19:37.2768419Z","16675586dccaf7bfc6a78671c0132abfcee5b518e5df6b6ec5ad513b4a80b2b3","95938544856997979cb773cd7d1c7d010fb35953","16675586dccaf7bfc6a78671c0132abfcee5b518e5df6b6ec5ad513b4a80b2b3","true"
"Docs/AgentSkills/Solith.skill.md","  ","17759","2026-07-23T04:25:49.4442209Z","be914ff444839aa90da3422a550d4f1c7ad80201fdf5ca565b06453239dc93c0","992f42966d490ded5638a6439b1891691a0404fc","be914ff444839aa90da3422a550d4f1c7ad80201fdf5ca565b06453239dc93c0","true"
"Docs/ANTIVIRUS_SETUP.md","  ","1931","2026-07-23T04:16:34.0622161Z","ccc977adb4274b7f3d5eb66f31279111526a65762b7dda2b708991f5e926a25f","d426993e93efc3a0c315914479c39d0824ee3bc2","ccc977adb4274b7f3d5eb66f31279111526a65762b7dda2b708991f5e926a25f","true"
"Docs/Architecture/ADR_READ_ONLY_SESSION_LIFECYCLE_MONITOR.md","  ","5653","2026-07-21T05:12:16.7803111Z","a87c94bbe2fb5da7b3d197e3874f4cff003266c32c5d523101ac7ef0d688e6f1","d50947be18f7f40bf4b1f70b72a56930fdcc317b","a87c94bbe2fb5da7b3d197e3874f4cff003266c32c5d523101ac7ef0d688e6f1","true"
"Docs/Architecture/APP_PATHS.md","  ","2044","2026-07-23T04:22:28.7036791Z","c79fa3e87d828d8646413e0452a719c814d9a7542fdb01b5de2b9288dc6bac51","ac7cfef45d13535b4f2f4f56245dccc060200b2f","c79fa3e87d828d8646413e0452a719c814d9a7542fdb01b5de2b9288dc6bac51","true"
"Docs/Architecture/COMPATIBILITY_PROFILES.md","  ","5585","2026-07-21T05:12:16.7833175Z","6223543b131099f7eb007fdb6cc945a6426cf308cb687f9e6c4699b3f4571e31","868377d49a6d4bf7b899e5ebad3169f078b2fa18","6223543b131099f7eb007fdb6cc945a6426cf308cb687f9e6c4699b3f4571e31","true"
"Docs/Architecture/ELECTRON_BUILD_PIPELINE.md","  ","3002","2026-07-25T06:56:49.9581313Z","150dfca10437149e3cc910a820a77ceecb368101574430320ca6b7bebe1fb013","c87b1b3594a3819e1b52a42a4cd6c90da99c9d9e","150dfca10437149e3cc910a820a77ceecb368101574430320ca6b7bebe1fb013","true"
"Docs/Architecture/INERT_CT_REGISTRY_BLUEPRINT.md","  ","3473","2026-07-25T06:52:27.0243807Z","e3a1d04b625dbadfd8ca7ac95aafb0ecf47bfabbb75cf940a075959f49e9deae","b19a6f5e4ea84ec96e64599521d1e8a1e5b31468","e3a1d04b625dbadfd8ca7ac95aafb0ecf47bfabbb75cf940a075959f49e9deae","true"
"Docs/Architecture/OPERATION_STATE_MACHINE.md","  ","2374","2026-07-21T05:12:16.7873173Z","ddcc07ffcc1c10f923b244469d24d13cece7ff4659856104c9dd105b33e87c21","ffb5a5cf9a4a2ac73bcd1c53e82186dfb0ff71cb","ddcc07ffcc1c10f923b244469d24d13cece7ff4659856104c9dd105b33e87c21","true"
"Docs/Architecture/PILOT_SANDBOX.md","  ","2537","2026-07-21T05:12:16.7893186Z","5b45f6b6b6598a8aeee570fc4de1ab597d7931a629072153c53e6e1b98761ac8","e9e7508380df479282b9c4060a5547dd0b1be2f1","5b45f6b6b6598a8aeee570fc4de1ab597d7931a629072153c53e6e1b98761ac8","true"
"Docs/Architecture/READ_ONLY_POINTER_CHAIN_L2_DESIGN.md","  ","1639","2026-07-22T21:07:56.5097677Z","9a2cdc4d6697c7b34568076c9a6783ff8156ff9d7726809c9df1d45f6e511e46","634a1279efe907eb18b9c938d8463a001df530f0","9a2cdc4d6697c7b34568076c9a6783ff8156ff9d7726809c9df1d45f6e511e46","true"
"Docs/Architecture/READ_ONLY_SCANNER_HELPER.md","  ","1478","2026-07-22T21:44:28.6945494Z","a10df1cde4382491cb111c800e36f07079e3ee6f39c8efc4d0226ce6d8dd1dff","6ba5f9b3a6ec8bdad58175a26ed0cdf5a588d024","a10df1cde4382491cb111c800e36f07079e3ee6f39c8efc4d0226ce6d8dd1dff","true"
"Docs/Architecture/SOLITH_WISP_COMPANION.md","  ","40456","2026-07-28T08:29:11.7219994Z","c26e76edb5370f2b3cada73fe5bc2a3efd2215a292ac91b86e9f838441a4cee2","9a779309d884aeca424c2acb7690adf22f34c799","c26e76edb5370f2b3cada73fe5bc2a3efd2215a292ac91b86e9f838441a4cee2","true"
"Docs/Architecture/SOLITH_ZERO_INPUT_BLUEPRINT.md","  ","8207","2026-07-21T05:12:16.7903177Z","5156b49b1c6aefdf4374195f67ab36dfe8331f61a5ed229052478c759e920448","df8c97749a6688e0de303affeb9b9a4608ef7452","5156b49b1c6aefdf4374195f67ab36dfe8331f61a5ed229052478c759e920448","true"
"Docs/Architecture/THIRD_PARTY_QUARANTINE_SPEC.md","  ","11853","2026-07-21T05:12:16.7923166Z","f60771842b8a5685d251b357d8abdf4fa48e575ab22197ae718ad7b400b01322","35d990c6ab065e964d099eb450e199baeaa1812f","f60771842b8a5685d251b357d8abdf4fa48e575ab22197ae718ad7b400b01322","true"
"Docs/Architecture/TRAINER_MODE.md","  ","4813","2026-07-21T05:12:16.7943165Z","ba5bd570076bf4b497ddd363407c2a8028abde109ad1c87e3280125cfc9f6314","94041fe38c94f449231e5012f33123f5494bdd89","ba5bd570076bf4b497ddd363407c2a8028abde109ad1c87e3280125cfc9f6314","true"
"Docs/Architecture/WORKSHOP_MODE.md","  ","2684","2026-06-26T02:39:03.2268749Z","339fcc7a050a030b2720530cc66dea96d063c963f714e2fe22905fb68924cdb5","c5b3e3ab8e71de459d7410877fc06266e5a460b5","339fcc7a050a030b2720530cc66dea96d063c963f714e2fe22905fb68924cdb5","true"
"Docs/Baselines/ATOMFALL_L3_EVIDENCE.md","  ","3430","2026-07-21T05:12:16.7953188Z","4902f61bd93b64adbd4395953d189a31a56458ded3be8ce0f4a6a9ee86e3ba5b","1f571f27f8a8742d126471fec92c3dba251a195d","4902f61bd93b64adbd4395953d189a31a56458ded3be8ce0f4a6a9ee86e3ba5b","true"
"Docs/Baselines/AVOWED_CONNECTION_BASELINE_2026-07-20.md","  ","4416","2026-07-21T05:12:16.7978267Z","b40ce6a8ae394e2377e9f7675f2c0ff5a0a929a23035574491d1164fab4d0e4d","27334103298acf6aa1af707f6c97cae7eeb67e91","b40ce6a8ae394e2377e9f7675f2c0ff5a0a929a23035574491d1164fab4d0e4d","true"
"Docs/BinaryFormats/RESEARCH_INDEX.md","  ","2565","2026-07-15T15:06:12.3708811Z","d8739df251ae184bd6079450a2020e52d0553af25bf420cb3da3b24a6f367eab","872736ee577e844e02a6374a27f4e1ccfe93330f","d8739df251ae184bd6079450a2020e52d0553af25bf420cb3da3b24a6f367eab","true"
"Docs/BinaryFormats/RFSA_v1.md","  ","1812","2026-07-21T05:12:16.7988254Z","93bb55b0d7960a7ed3c074289b998f1f8404e0d8fb43631d65f0431aa374d93e","ca29f72d58074eeb1f3ba4554cc189508252261e","93bb55b0d7960a7ed3c074289b998f1f8404e0d8fb43631d65f0431aa374d93e","true"
"Docs/BinaryFormats/TERRARIA_PLR.md","  ","1398","2026-07-12T14:54:06.9096225Z","eaf803ac0e94191715401b4b208c43c79f13c14fab9c36f8ffaeef67818c8f9d","e6e2354771eb68b5f6cd6d82189ca89f3bf9764d","eaf803ac0e94191715401b4b208c43c79f13c14fab9c36f8ffaeef67818c8f9d","true"
"Docs/Certification/CHECKLIST.md","  ","658","2026-07-15T18:10:08.5261080Z","a522159a53aa26c13c3e322fc43bf069b67ef04ef75a672a7a82d1b53b3c32f4","b0bac8bc436f2acf72a299904c286384aeb0af47","a522159a53aa26c13c3e322fc43bf069b67ef04ef75a672a7a82d1b53b3c32f4","true"
"Docs/Certification/EVIDENCE_TEMPLATE.md","  ","497","2026-07-15T18:10:08.5291071Z","4bb90ae1cfcc49acdf72cae03fea1684471fe99ab970de549e5d9410e9440f13","7e71142e5aa0c3927091826b6625f06b57be1198","4bb90ae1cfcc49acdf72cae03fea1684471fe99ab970de549e5d9410e9440f13","true"
"Docs/Certification/LEVELS.md","  ","1367","2026-07-21T05:12:16.8038253Z","dfd8d1fd655eb33e2e827c9849ad08e7b2155447928e06920ba48448bc5d4f20","317f3a4890fad8478f5f6c72e6fdf2b407f9e7ec","dfd8d1fd655eb33e2e827c9849ad08e7b2155447928e06920ba48448bc5d4f20","true"
"Docs/COMMAND_LOG.md","  ","15445","2026-07-23T04:22:28.6966768Z","28e4edbe0b426ce224bee1e62d04cf2bf2e732250147662ed50b069f905df8f5","393fb94a8ee16fc7d97cfbb97f0e1d1531b3cc67","28e4edbe0b426ce224bee1e62d04cf2bf2e732250147662ed50b069f905df8f5","true"
"Docs/Compatibility/PILOT_RESULTS.md","  ","3821","2026-06-28T01:51:08.1924764Z","31a783af832195be984617c08d3f11f44232fa260820860e0a872ac98b44fbf8","d8c7e3eb333bc9b883aa80577f5f202ac1330329","31a783af832195be984617c08d3f11f44232fa260820860e0a872ac98b44fbf8","true"
"Docs/Compatibility/REAL_WORLD_PILOT_CHECKLIST.md","  ","4479","2026-06-26T02:39:03.2328742Z","b77468307a05b62451e2cd32cefbc2944774062c6de0e72e45a08a23008d5b61","72a172e55ce6db3f753e555ca64eaf08a1881831","b77468307a05b62451e2cd32cefbc2944774062c6de0e72e45a08a23008d5b61","true"
"Docs/Compatibility/V1_FORMAT_COMPATIBILITY.md","  ","1760","2026-06-26T02:39:03.2338742Z","f7455b68c2ee12bca8e62cc3a8497f730292e8f0d213a7fad306acd9134c1d16","dab2818555d31aeec84b7f1f8526e6eb4954e320","f7455b68c2ee12bca8e62cc3a8497f730292e8f0d213a7fad306acd9134c1d16","true"
"Docs/Compatibility/V1_GAME_VALIDATION.md","  ","3253","2026-06-28T01:51:08.1934763Z","4fc5696217778b9a8cdaf667795fd53952b85d62527e8bbaa107e05dc7d1f71b","5d35207b49e843fdf170e795f54c126a18e0b7aa","4fc5696217778b9a8cdaf667795fd53952b85d62527e8bbaa107e05dc7d1f71b","true"
"Docs/Compatibility/V1_SUPPORT_MATRIX.md","  ","1717","2026-07-21T05:12:16.8048250Z","7506ff6ab19b8ffa2fcc3c63c34d08bf67726cc826c206f57a4a957d1a7af44a","cd318c0e1ec462615145981a12b7cbce3427bad8","7506ff6ab19b8ffa2fcc3c63c34d08bf67726cc826c206f57a4a957d1a7af44a","true"
"Docs/CONTEXT_HANDOFF.md","  ","8876","2026-06-28T06:03:03.6604189Z","7c84b6ae74f9805fd621f224cb564cef27b0e1db7ed736f06a240861ad192df4","5de3fa9df379e5625cd4d98d0e8996ff6e79ec00","7c84b6ae74f9805fd621f224cb564cef27b0e1db7ed736f06a240861ad192df4","true"
"Docs/CT_LIBRARY.md","  ","1437","2026-07-21T05:12:16.8028254Z","2cddbca9fb6549e768ab4c38285f8d8411d8a63b51f9f18eddd11ff5dd5778d8","b7bbdedafb382e494a7c29f7f0a21a8d7db51ef1","2cddbca9fb6549e768ab4c38285f8d8411d8a63b51f9f18eddd11ff5dd5778d8","true"
"Docs/Guides/REAL_WORLD_PILOT_EXECUTION.md","  ","2630","2026-07-21T05:12:16.8068259Z","5180be3f6464cac6eb4be109b57135497cf51b1c50dbcfd3864cad5aa323b617","37ed52c660882d3d1577c6c03fa8b67a26dfe853","5180be3f6464cac6eb4be109b57135497cf51b1c50dbcfd3864cad5aa323b617","true"
"Docs/Guides/REAL_WORLD_PILOT_INTAKE.md","  ","4745","2026-07-21T05:12:16.8078254Z","f97f8a4dd16ade3395113e32a983cb12f50dde22c88225c2dfeeb1b55963920c","5bb039329f5240a8ebb0654ce30d07dd7798cc85","f97f8a4dd16ade3395113e32a983cb12f50dde22c88225c2dfeeb1b55963920c","true"
"Docs/Guides/TRAINER_MODE_GUIDE.md","  ","2286","2026-07-21T05:12:16.8108254Z","06f5fad41945a6bc191ee7c743e37405aab3c675085efedb8e63d3cf5aae15de","ec0fcf916048a959180db96812bdd6e24acc5d0b","06f5fad41945a6bc191ee7c743e37405aab3c675085efedb8e63d3cf5aae15de","true"
"Docs/Guides/V1_5_DISTRIBUTION_GUIDE.md","  ","2439","2026-07-23T04:22:28.7096819Z","a82ea66c17e5190740f3281219feaf579e66ac46e73e8919fd674d4021d6db46","dd4ccd80d1b94e44723ce3bae593870a5c626bcc","a82ea66c17e5190740f3281219feaf579e66ac46e73e8919fd674d4021d6db46","true"
"Docs/Guides/WORKSHOP_MODE_GUIDE.md","  ","1818","2026-07-21T05:12:16.8138265Z","086efd9be3eb4689a4d0fdc7f16883c7bcfbf90c9c2a2058f6fdc509bab861b7","bd2cc20b51514d81af0acd9e8817d0d94b0a8ab2","086efd9be3eb4689a4d0fdc7f16883c7bcfbf90c9c2a2058f6fdc509bab861b7","true"
"Docs/IMPLEMENTATION_STATUS.md","  ","15046","2026-07-21T05:12:16.8148254Z","32718ee8e76987b2760f2fde83f35cce1a06576d6793062d4a2f877901d0a3ad","8bee9f20243f1ec604a3249e2c00a254b079baa6","32718ee8e76987b2760f2fde83f35cce1a06576d6793062d4a2f877901d0a3ad","true"
"Docs/IN_PROCESS_PILOT_SAFETY_CHARTER.md","  ","2533","2026-07-26T01:38:52.7211432Z","0925fa667204be63563daa588635b35531796e6934c66886b0c91cdad78aabb4","ff4e391643db12cdee94217260a4203fe9c2e357","0925fa667204be63563daa588635b35531796e6934c66886b0c91cdad78aabb4","true"
"Docs/KNOWN_ISSUES.md","  ","15170","2026-07-25T06:55:52.6614865Z","8943e698460b2db7f19370b6abcd2a9599c5536a415df6d8e5be01c2a55cbd78","df3fd3dc96f553a8e2e45d62c235a5bcafe6bad0","8943e698460b2db7f19370b6abcd2a9599c5536a415df6d8e5be01c2a55cbd78","true"
"Docs/KNOWN_LIMITATIONS.md","  ","1325","2026-07-21T05:12:16.8188264Z","0df5133fd5f57fee0758d42234e826f8fc12f0b075b6c5592f428c74e660e857","8130b9ff269b718601d07097b4da9e0c76d68fd2","0df5133fd5f57fee0758d42234e826f8fc12f0b075b6c5592f428c74e660e857","true"
"Docs/MANAGED_RUNTIME_STRATEGY.md","  ","3635","2026-07-12T07:57:46.5082423Z","913c62e404bd559fe52f80e8108d85d24a91a5e76330ec1baebd5ac5f0a59d2b","6a9b94d1320a245da346790a2524cf9068437c41","913c62e404bd559fe52f80e8108d85d24a91a5e76330ec1baebd5ac5f0a59d2b","true"
"Docs/MULTI_GAME_TRAINER_SUMMARY.md","  ","14734","2026-07-23T04:26:54.8354567Z","fd4be2b0d523c07f139be799ae37d465acb6932e2cdc68a54af3c566e1dcd9d9","a8c0a11b1000294dc6ae8d9b82b29159bd1cdec6","fd4be2b0d523c07f139be799ae37d465acb6932e2cdc68a54af3c566e1dcd9d9","true"
"Docs/NEXT_ACTIONS.md","  ","7723","2026-07-12T14:21:08.2552926Z","1e2d76aea698ab8d8f62f9859e0eea44189f30044dcba364555dca43b94e3812","b4e8558c53a6fcff1b8e1c881b3bba17abb11da6","1e2d76aea698ab8d8f62f9859e0eea44189f30044dcba364555dca43b94e3812","true"
"Docs/Plans/AVOWED_LIVE_VALIDATION_SOP.md","  ","11394","2026-07-21T05:12:16.8223341Z","c253a691788f0aa0d17d57f39696ca5908d040420693732e83182aed65a0427f","d1de135ac5db74296546839debd19aca6c020787","c253a691788f0aa0d17d57f39696ca5908d040420693732e83182aed65a0427f","true"
"Docs/Plans/PHASE10_GATED_WRITE_ARCHITECTURE.md","  ","2500","2026-07-21T05:12:16.8233345Z","f749127c0ede4de4ed54d842c0c07941798ab57e3ff99a8ef1cc462b8ee868ef","7b75a867e976529ffe09a63bc7f4067af56e5fc6","f749127c0ede4de4ed54d842c0c07941798ab57e3ff99a8ef1cc462b8ee868ef","true"
"Docs/Plans/PHASE2_4_CT_LIVE_BRIDGE.md","  ","1256","2026-07-21T05:12:16.8253349Z","0a1ac734d3e94c3a9ee0354954a52e077abfeda81be283290a01c755efa77a9f","c8a91288e9cb9ce37f7875616a3ebe8ea615c5c7","0a1ac734d3e94c3a9ee0354954a52e077abfeda81be283290a01c755efa77a9f","true"
"Docs/Plans/PHASE9_ADDRESS_DATA_RESEARCH_TOOLS.md","  ","2630","2026-07-21T05:12:16.8263344Z","640506df05e8b9e6848f25ec688ad78e505341c7718dd31aadb29f9f92701fc5","069fae8b7c72b535881e720e4830af9a250c959f","640506df05e8b9e6848f25ec688ad78e505341c7718dd31aadb29f9f92701fc5","true"
"Docs/Plans/SCHEMA_V1_PHASE0_CONSUMER_INVENTORY.md","  ","3752","2026-07-16T16:39:27.0270785Z","7e1cdd4c52806950dfd23319b1e2fc62116667798aa3589bb26d78951105e75e","d057420d314abf87b871aed4b1ca9a547fa195af","7e1cdd4c52806950dfd23319b1e2fc62116667798aa3589bb26d78951105e75e","true"
"Docs/Plans/SCHEMA_V1_UNIFICATION_PLAN.md","  ","8966","2026-07-21T05:12:16.8283357Z","7389257ac9a9659abc5b0e2216aeacbc37d2fbc16e685c6f14f723ebe69a69be","248b3066220f108adfb5623178303d4c3b747601","7389257ac9a9659abc5b0e2216aeacbc37d2fbc16e685c6f14f723ebe69a69be","true"
"Docs/Plans/SOLITH_PINNACLE_MASTER_PLAN.md","  ","23570","2026-07-12T14:43:56.2779506Z","ad45be5ec985f3c9412f77a048c0badc646d8651a4b249a089f05dddcc50bfca","8368a9fe7e942880d0316db1047508c83cebe528","ad45be5ec985f3c9412f77a048c0badc646d8651a4b249a089f05dddcc50bfca","true"
"Docs/Plans/WEMOD_ADOPTION_MATRIX.md","  ","2093","2026-07-15T18:10:08.5341128Z","008e2f37936dc395aeb3a8b7282ec003ab6f7ff4102ae5d9b27174fbc0b48c8f","7e6cda0261d9beaad0ec5f3c497fc16a4d069083","008e2f37936dc395aeb3a8b7282ec003ab6f7ff4102ae5d9b27174fbc0b48c8f","true"
"Docs/Plans/WEMOD_ADOPTION_PLAN.md","  ","19510","2026-07-23T04:22:28.7136819Z","ce02c35d7de2ec804699627733a4f9095e80dd239429ace32708f106e71c093f","c017396bd29ef621817df811a5c88671cf160b1f","ce02c35d7de2ec804699627733a4f9095e80dd239429ace32708f106e71c093f","true"
"Docs/RELEASE_CHECKLIST.md","  ","2635","2026-07-23T05:49:52.6376974Z","ea7f4be7e6afcb90d27dddb261c347089785f38636b38808c932f312de26fcf4","8945473fe74fa98bb7f75cfac8db2f8c70ea26e7","ea7f4be7e6afcb90d27dddb261c347089785f38636b38808c932f312de26fcf4","true"
"Docs/Reports/ACCESSIBILITY_POLISH_VERIFICATION.md","  ","1031","2026-06-26T02:39:03.2478772Z","b0aee841ccfb0897b8a455463445b83dc345e23b9560eb427d93162124c1ecc5","4b4ee94aefe3db3e0c4a71bd1b5b9a856ca0cfcc","b0aee841ccfb0897b8a455463445b83dc345e23b9560eb427d93162124c1ecc5","true"
"Docs/Reports/ACCESSIBILITY_REPORT.md","  ","2452","2026-06-26T02:39:03.2488769Z","03c4471969afd35e78354a81f6ccfa1304aff7d7b69eac2c80652ef29d70b19e","91ac7236ae96edf10498bcbb7cea85f8ed28a419","03c4471969afd35e78354a81f6ccfa1304aff7d7b69eac2c80652ef29d70b19e","true"
"Docs/Reports/COMPATIBILITY_PILOT_REPORT.md","  ","3823","2026-07-21T05:12:16.8323364Z","ef24b59617c3913479ebb9537add405ac73da9d5ba72eaf0de45ab4fedb9b48e","3ed3a89e1d9406e1abf5b9ac2a6def71e91ebf37","ef24b59617c3913479ebb9537add405ac73da9d5ba72eaf0de45ab4fedb9b48e","true"
"Docs/Reports/DEPENDENCY_AUDIT_PHASE4.md","  ","7768","2026-07-25T07:20:46.4790223Z","bc75aee4590b088b78d768efa07f6d22ae613f7e730e682e4dcfa971ecf28baa","941f6de17954d0d2fc8f496a1994d039840461b9","bc75aee4590b088b78d768efa07f6d22ae613f7e730e682e4dcfa971ecf28baa","true"
"Docs/Reports/DRILL_CORE_MASTER_VOLUME_EVIDENCE.md","  ","2742","2026-06-28T01:51:08.2139881Z","fa84c9bb62a183ed9aa7e6efdb2e886e91aec4bf92818e5e0d32a0c4b60ce3f6","b6f1d2e8df03f1c994ee6b72316b95bf7ca9f578","fa84c9bb62a183ed9aa7e6efdb2e886e91aec4bf92818e5e0d32a0c4b60ce3f6","true"
"Docs/Reports/DRILL_CORE_MASTER_VOLUME_SANDBOX_PILOT.md","  ","3179","2026-06-28T01:51:08.2154917Z","61a87bb9e8ee79322e9ab3e455d069a695b558c0ffd6a0789847ea1996d05089","ab7a0f0bc9b5e114a94547fac07d50a4f4a2af94","61a87bb9e8ee79322e9ab3e455d069a695b558c0ffd6a0789847ea1996d05089","true"
"Docs/Reports/ELECTRON_ACCEPTANCE_GATE_RECONCILIATION.md","  ","14432","2026-07-25T07:01:07.3550258Z","be94e90f74b4dc40f6f63e12a4f682c69be4831fd388ce8298d087da4399a01b","8ce8ff1cb1db367e501130b67d0b0fe781b6a97b","be94e90f74b4dc40f6f63e12a4f682c69be4831fd388ce8298d087da4399a01b","true"
"Docs/Reports/ELECTRON_RUNTIME_VERIFICATION.md","  ","4264","2026-07-25T06:56:50.9875643Z","4941c41608ae0ccba8fcab5e8fe229972a338d64e72d99d015799dc02bed184f","d526cd39b767d55ac9c0c96d81e0cbe4377e366a","4941c41608ae0ccba8fcab5e8fe229972a338d64e72d99d015799dc02bed184f","true"
"Docs/Reports/Evidence/OfflineBlocker2/2026-07-28/electron-typecheck-base-head.txt","  ","16623","2026-07-28T07:59:25.9182108Z","0a86976125a93f7c692257ea5bb6356f06ec06dccbb6996da5582c398073c3a2","0dfd365304099c51d53a2d48179018e65f7e315b","0a86976125a93f7c692257ea5bb6356f06ec06dccbb6996da5582c398073c3a2","true"
"Docs/Reports/Evidence/OfflineBlocker2/2026-07-28/electron-typecheck-current.txt","  ","13180","2026-07-28T07:59:05.0839705Z","bf8b792bfdf9dd5fd50f7a540b9e271fc5f34e15139322c622033eb19b7f27de","3bd08f2392de6b7206399e9482b273cc497030ca","bf8b792bfdf9dd5fd50f7a540b9e271fc5f34e15139322c622033eb19b7f27de","true"
"Docs/Reports/Evidence/OfflineBlocker2/2026-07-28/invalid-archive-visible-error.png","  ","539446","2026-07-28T07:56:33.1142636Z","e5b4a3a8ffb001a71ff5d875b2d9f6798093482ab55452aa62b5869596711af0","2e40549b9341a242518293f7dd01863a5b23c0fc","e5b4a3a8ffb001a71ff5d875b2d9f6798093482ab55452aa62b5869596711af0","true"
"Docs/Reports/Evidence/OfflineBlocker2/2026-07-28/verification.md","  ","2522","2026-07-28T08:02:28.3016548Z","b069f7734319177be0ebc90a01be9da03aa219dbd7a05bd6a7cab5330123bf78","08a4b9f0f03104763a415a91a500c43827f5b1a7","b069f7734319177be0ebc90a01be9da03aa219dbd7a05bd6a7cab5330123bf78","true"
"Docs/Reports/Evidence/OfflineBlocker3/2026-07-28/registry-explorer-wisp-layering-pass.png","??","471448","2026-07-28T08:29:14.4283464Z","4d0715dc1f54bb6e0517053531ea6b62d5c529f607eefbfc0c5d37661d4540be","","4d0715dc1f54bb6e0517053531ea6b62d5c529f607eefbfc0c5d37661d4540be","true"
"Docs/Reports/Evidence/OfflineBlocker3/2026-07-28/verification.md","??","4940","2026-07-28T08:30:27.8797043Z","d9fc0a34bdc60694ff8a3e62926bbb46feaeb1cecfdc0375525dd1997b103129","","d9fc0a34bdc60694ff8a3e62926bbb46feaeb1cecfdc0375525dd1997b103129","true"
"Docs/Reports/Evidence/Phase-1/2026-07-26/00-windows-ui-unavailable.md","??","540","2026-07-26T11:57:53.3260389Z","ebceeedf26d27271407f581b1b447fbc8812a2c61be996e98db91c10ee667a41","","ebceeedf26d27271407f581b1b447fbc8812a2c61be996e98db91c10ee667a41","true"
"Docs/Reports/FRESH_CLONE_VERIFICATION_2026-07-12.md","  ","3021","2026-07-23T04:22:28.7196838Z","2a4fda2fde25550f13a113ed70d305c3e0c6c3cbb79fa66023327b59ced7b1e7","8832a2d57e2f3e4747f954896584225d83650d19","2a4fda2fde25550f13a113ed70d305c3e0c6c3cbb79fa66023327b59ced7b1e7","true"
"Docs/Reports/FRESH_CLONE_VERIFICATION_2026-07-15.md","  ","1663","2026-07-23T04:22:28.7211908Z","154734872fc387c0e47e7434492a5f988313076e9b581128157b85647865fca3","8bc2306f64fd6be2b0f2ed455bd66d73396c2b2b","154734872fc387c0e47e7434492a5f988313076e9b581128157b85647865fca3","true"
"Docs/Reports/GATE_OUTPUT_2026-07-12.txt","  ","1015","2026-07-21T05:12:16.8423371Z","e8245d13b57d6c4d634ddbe76d5a27e84d7993514b1bf17a992f9a644d030cca","a01db9a01fd815525df953ab5df0af80a55210c8","e8245d13b57d6c4d634ddbe76d5a27e84d7993514b1bf17a992f9a644d030cca","true"
"Docs/Reports/HARDENING_RECONCILIATION_MATRIX.md","  ","3965","2026-06-22T18:35:50.6156441Z","01c5dc4a774097c301e326e2b6914dcce1066c7deb3a95979104a8a9d9beed03","49e9416f4cb7b95b876dd5fef2d20a45a0811db5","01c5dc4a774097c301e326e2b6914dcce1066c7deb3a95979104a8a9d9beed03","true"
"Docs/Reports/INDEPENDENT_HOSTILE_REAUDIT_08fffd8.md","  ","9037","2026-07-26T00:45:38.6182116Z","28d7503bdf812a95f4caef65226b602222496d6b3eb8c4e29bfb0de101a601fa","4f76b6f741cc31333f8100db0cb4bef093159d08","28d7503bdf812a95f4caef65226b602222496d6b3eb8c4e29bfb0de101a601fa","true"
"Docs/Reports/INDEPENDENT_HOSTILE_REAUDIT_5eea539.md","  ","3937","2026-07-26T01:22:11.3225182Z","352cc14c02bd9dac261fbd433df65908ce4a8407188495eacf5a16f13e01f001","2caf3b110e071beb69d62d096137024ee2daa62c","352cc14c02bd9dac261fbd433df65908ce4a8407188495eacf5a16f13e01f001","true"
"Docs/Reports/INDEPENDENT_HOSTILE_REAUDIT_e9183db.md","  ","4949","2026-07-26T02:07:11.0565190Z","abb12184a01200e20dc4f2da0d48cadbe8b73d53151f2a9ddb0a8e4dc8166535","56ff13bebfcb011871bdd8d82363f3f254bd3259","abb12184a01200e20dc4f2da0d48cadbe8b73d53151f2a9ddb0a8e4dc8166535","true"
"Docs/Reports/KI_013_RESOLUTION.md","  ","1792","2026-06-26T02:39:03.2508774Z","2b68211bd5248166b5614a4323e8a25d95e3b2eec92f7fb19e81f0f481246545","473093973887199200c51bcd1217fafaaa51c5be","2b68211bd5248166b5614a4323e8a25d95e3b2eec92f7fb19e81f0f481246545","true"
"Docs/Reports/MILESTONE_I_STARDew_FIELD_SURVEY.txt","  ","15167","2026-06-29T02:11:31.2090860Z","5da5f00eb69afcec6f266b380186f8bb551f4c01bf1b8969eaeb762312976906","bd9f24024d2a657272d4072b44539b9df342c5ba","5da5f00eb69afcec6f266b380186f8bb551f4c01bf1b8969eaeb762312976906","true"
"Docs/Reports/MILESTONE_I_XP_MAPPING_SURVEY.txt","  ","2308","2026-06-28T01:51:08.2545107Z","f92072f33b3cb0a3693ae6b8451d7fcf38188076f1ddb703696382f8532a294b","9b61da4767bf3f014513f5670349f02fe0c3cf87","f92072f33b3cb0a3693ae6b8451d7fcf38188076f1ddb703696382f8532a294b","true"
"Docs/Reports/MILESTONE_J_PHASE_1_AUDIT_2026-06-27T09-43-17.txt","  ","12419","2026-06-28T01:51:08.2650229Z","440d4d23a8c1e10b388ed4a6723f30152c614984b870beb150ad76f91544d926","8b3a0e8c3c632248801a0a0d19b35fc287476b88","440d4d23a8c1e10b388ed4a6723f30152c614984b870beb150ad76f91544d926","true"
"Docs/Reports/MILESTONE_K_ACCEPTANCE_SUMMARY.md","  ","1839","2026-07-21T05:12:16.8488432Z","6efdf9c2f2ae75568366c0a5667a2bfd9ed5f50880f8e64a68118a1784c07237","18e5b1c3d37096adca85f4a04cb0c8d0da2b938b","6efdf9c2f2ae75568366c0a5667a2bfd9ed5f50880f8e64a68118a1784c07237","true"
"Docs/Reports/MILESTONE_K_GATE_COMMANDS.md","  ","833","2026-07-23T04:22:28.7251955Z","9830f527863c3840c0a929ef26af719f092401014b7a5d72b70d2309ba2e3827","8f5161157bc25078cf69aa36182f3c74c7d26218","9830f527863c3840c0a929ef26af719f092401014b7a5d72b70d2309ba2e3827","true"
"Docs/Reports/MILESTONE_K_RELEASE_EVIDENCE_PLAN.md","  ","1715","2026-07-21T05:12:16.8498438Z","75fe3eb42fcdc9013c48724ab3ebeaad5fea57d243a30b4b013714274524f530","4567151f8ab25f4eb03f3b1e4214a6a74630dc4c","75fe3eb42fcdc9013c48724ab3ebeaad5fea57d243a30b4b013714274524f530","true"
"Docs/Reports/MILESTONE_K_RELEASE_READINESS_CHECKLIST.md","  ","1603","2026-06-28T01:51:08.3260571Z","a27ed2dffd006319abd064f4466ba44fa1be052ff251d6586226308c766370a0","4392c78871aeba3a08e9b5278520e94a42258cbd","a27ed2dffd006319abd064f4466ba44fa1be052ff251d6586226308c766370a0","true"
"Docs/Reports/MILESTONE_L_CONTRACT_REVIEW.md","  ","1943","2026-07-21T05:12:16.8508428Z","fd0bdea11a585f2714c437e866af2af2f9b6f2f9be993c88bc74d1a2bf4f19a7","d0906324dac601e4f7943b89d543a3e431499b05","fd0bdea11a585f2714c437e866af2af2f9b6f2f9be993c88bc74d1a2bf4f19a7","true"
"Docs/Reports/MILESTONE_L_FULL_GATE_RESULTS.md","  ","1290","2026-07-23T04:22:28.7261953Z","13c04fadf21fc9a4aaa441c44a8cd8e8007d8b6f6129733c180b651f18b0784e","b51f5d1429ae71ec6a73b4ffd3c9b411f7e49380","13c04fadf21fc9a4aaa441c44a8cd8e8007d8b6f6129733c180b651f18b0784e","true"
"Docs/Reports/MILESTONE_L_NEXT_DECISION_OPTIONS.md","  ","584","2026-06-28T01:51:08.3295633Z","facf7cf119ea5ee885c68595de78c26f7885083289001501e07ecb0814f0087a","4132d59935af9cddb35c97962031b3cbc0526a2e","facf7cf119ea5ee885c68595de78c26f7885083289001501e07ecb0814f0087a","true"
"Docs/Reports/MILESTONE_L_RELEASE_CANDIDATE_LOCK_AUDIT.md","  ","1581","2026-06-28T01:51:08.3315633Z","f03f52ef75925803bd9c1bad83b6f0c660545512bd79eee4766d6bfcdafb755d","0cf8c15566c93ecad035b94e1b5414138b314598","f03f52ef75925803bd9c1bad83b6f0c660545512bd79eee4766d6bfcdafb755d","true"
"Docs/Reports/MILESTONE_L_RESEARCH_LAB_ACCEPTANCE.md","  ","5939","2026-07-23T04:22:28.7281944Z","465d7f93d10e4ed0e47d895ad082f140922b21f8622c0fbb5d92771c43f669f3","23f9f4cfe669e4f077ae02002925dba94148a109","465d7f93d10e4ed0e47d895ad082f140922b21f8622c0fbb5d92771c43f669f3","true"
"Docs/Reports/MILESTONE_M_IN_PROCESS_PILOT_ACCEPTANCE.md","  ","3531","2026-07-23T04:22:28.7291943Z","1bc11d81f2ee44093f22286a05c9fc5e390c6b161d708330d2d232b8e2a3ce59","a70fab5b36e6a3c0d05a946707f948f7dc4435a7","1bc11d81f2ee44093f22286a05c9fc5e390c6b161d708330d2d232b8e2a3ce59","true"
"Docs/Reports/OVERLAY_BOUNDS_BUNDLED_TITLES.md","  ","1749","2026-07-15T15:32:20.4630375Z","860a281fb859f557ef196ba1f891550989c4261553befc235023d7dab44df10c","23fc2ce161866a5d1fd80796721c0fda534e8d8e","860a281fb859f557ef196ba1f891550989c4261553befc235023d7dab44df10c","true"
"Docs/Reports/PACKAGED_SMOKE_REPORT.md","  ","2639","2026-07-25T07:01:07.3675286Z","7a1b1c20d7ac567007dc23464d5f898e6154c9cc7050921ccac5b8d1666c2bd2","2550a0f9f9107b688eec030e8649b612b0215ac7","7a1b1c20d7ac567007dc23464d5f898e6154c9cc7050921ccac5b8d1666c2bd2","true"
"Docs/Reports/PERFORMANCE_REPORT.md","  ","2854","2026-06-26T02:39:03.2518778Z","a594e5b564d63b1927460deac1f99faf43d84567f66aeca33f58d1bbeb02e2f5","ae14a98a87da91e956ec711c99c2ae7c534f12a6","a594e5b564d63b1927460deac1f99faf43d84567f66aeca33f58d1bbeb02e2f5","true"
"Docs/Reports/PHASE_1_MANUAL_CERTIFICATION_2026-07-26.md","??","5010","2026-07-27T06:57:36.4376177Z","2ce849d0f1787ade4ed242b4daf38666a774eb3ded74b37468dee02648d32b8c","","2ce849d0f1787ade4ed242b4daf38666a774eb3ded74b37468dee02648d32b8c","true"
"Docs/Reports/PHASE_2_CT_IMPORT_LIBRARY_AUDIT_2026-07-28.md","  ","3379","2026-07-28T08:54:53.8948212Z","55a75a0cf20c3f02f9b35f5a8bc46e7401d06a75cc8c534b1eca0f8112943884","b189640faafd32a8f1433f6aedfd76d764cb8a0d","55a75a0cf20c3f02f9b35f5a8bc46e7401d06a75cc8c534b1eca0f8112943884","true"
"Docs/Reports/PHASE4_CLEAN_CLONE_CERTIFICATION_6a8967f.md","  ","3299","2026-07-26T00:39:15.1624230Z","4907c70879b400e8c4210f71f0a43f7e14ce9b12fba70c3276da2045498d1080","dbaea040f8e23495cbfe95d2b26353ea780d935e","4907c70879b400e8c4210f71f0a43f7e14ce9b12fba70c3276da2045498d1080","true"
"Docs/Reports/PHASE4_CLEAN_CLONE_CERTIFICATION_a435db0.md","  ","3552","2026-07-25T07:46:07.6151406Z","4c68f44c75fcec0261d69b9b3ebd1090640342393e2212eeb76663d77b9c2799","28160bd8f2d3ff2cd4cba03baf306307bc1d2ed5","4c68f44c75fcec0261d69b9b3ebd1090640342393e2212eeb76663d77b9c2799","true"
"Docs/Reports/PHASE4_CLEAN_CLONE_CERTIFICATION.md","  ","4797","2026-07-25T07:12:26.6083337Z","403b96d5d99317a6523d3cca3e55806a3af0ce952d185adc488ebceb6588ca79","d75c19acafbf0f07636cb5e4f1cecdc0d058c42e","403b96d5d99317a6523d3cca3e55806a3af0ce952d185adc488ebceb6588ca79","true"
"Docs/Reports/PHASE4_HYGIENE_STATUS.md","  ","2042","2026-07-26T00:39:15.6728138Z","3904ebcda8cae4d2cd3519adfc9a16ebbba8923f222dc600f7bb0f1a39a13ced","467437e9098321c07f9fdc811ff530c46d05eb02","3904ebcda8cae4d2cd3519adfc9a16ebbba8923f222dc600f7bb0f1a39a13ced","true"
"Docs/Reports/PILOT_READINESS_POLISH.md","  ","731","2026-06-26T02:39:03.2528772Z","c495a7766fe8fb819fffec35f7898d861d612e7287c8214f1e67c4e8a8b566e4","c8f3d90b22b1273636ee4c49d9ced1dea764c5f6","c495a7766fe8fb819fffec35f7898d861d612e7287c8214f1e67c4e8a8b566e4","true"
"Docs/Reports/REAL_WORLD_PILOT_REPORT.md","  ","1377","2026-07-21T05:12:16.8538435Z","4c4ab949c69755dc39a5546a136ffd0b32a46f5d298246cbe22e9a00031901ed","dd5ed8f236b8e2993b26ae500537f0077145fb94","4c4ab949c69755dc39a5546a136ffd0b32a46f5d298246cbe22e9a00031901ed","true"
"Docs/Reports/RELEASE_EVIDENCE_PACK_PROPOSAL.md","  ","1132","2026-07-15T15:19:37.2718419Z","4bb6e43a3ca909fe2ee8d67afaf9f9c49739db495acc57a48f3a3cf0fdb8e2c9","88a93733e7ddd52befb6e4971ad105a31dc9c332","4bb6e43a3ca909fe2ee8d67afaf9f9c49739db495acc57a48f3a3cf0fdb8e2c9","true"
"Docs/Reports/RESIDUAL_SECURITY_REPAIR_FOLLOWUP.md","  ","2007","2026-07-26T01:08:29.7700806Z","f18cad6d348ec166c83c4c4a3096381970c5c189cbde7f23ea3a6b100303f0e0","9a162ed630159fbd51885628e785eb31812a7e7c","f18cad6d348ec166c83c4c4a3096381970c5c189cbde7f23ea3a6b100303f0e0","true"
"Docs/Reports/SECURITY_HARDENING_REPORT.md","  ","6376","2026-07-21T05:12:16.8558445Z","c0f095cac9aa2aacb3d7078be18644513aa0f8ecb5327e3c87478433aa2f9e06","615507f45800b9125886117b4432182f70355f1b","c0f095cac9aa2aacb3d7078be18644513aa0f8ecb5327e3c87478433aa2f9e06","true"
"Docs/Reports/SHELL_POLISH_ACCEPTANCE_SUMMARY.md","  ","2003","2026-07-15T18:10:08.5431127Z","efee95e4a3ea9ac83f0585d8e841dfd6de9a078e070126434415eb7978509cc3","9db3e12f923f33118c7b605c3eedab4a5621d297","efee95e4a3ea9ac83f0585d8e841dfd6de9a078e070126434415eb7978509cc3","true"
"Docs/Reports/SOLITH_2_0_RELEASE_EVIDENCE.md","  ","1680","2026-07-21T05:12:16.8578436Z","db9f18ff751638f50dc6095e1aeebc0cfd64fab36f7a3e272110f746fc0b35ba","7a0eb9783af1de1dd05b2c1069972ea75ffae2f2","db9f18ff751638f50dc6095e1aeebc0cfd64fab36f7a3e272110f746fc0b35ba","true"
"Docs/Reports/SOLITH_2_0_RELEASE_NOTES.md","  ","992","2026-07-23T04:22:28.7331941Z","0ded6e2223b3ae2089215c1cead0807ca649c82578d5fd70c35bb10affa27016","1cf2c88042624366ebd15407fed9af4ae0f79881","0ded6e2223b3ae2089215c1cead0807ca649c82578d5fd70c35bb10affa27016","true"
"Docs/Reports/solith-branding-screenshots/solith-dashboard-default.png","  ","254340","2026-07-11T09:22:08.1122980Z","a714c9809603f95d83190d84a799e6a58d9a6b04815d967ada019cf7e0924b79","e8fae4fa7f882742104da670540148490e545c8b","a714c9809603f95d83190d84a799e6a58d9a6b04815d967ada019cf7e0924b79","true"
"Docs/Reports/solith-branding-screenshots/solith-dashboard-maximized.png","  ","410477","2026-07-11T09:22:08.8795960Z","e04e208c902f9a328370a0eddc28734915a34d080c7a255303adb0a53299ec84","4962b7806fe81cede8ddc2147de17efd1cb7534d","e04e208c902f9a328370a0eddc28734915a34d080c7a255303adb0a53299ec84","true"
"Docs/Reports/STRICT_EXECUTIVE_PROJECT_REVIEW_2026-07-26.md","??","30240","2026-07-26T09:02:31.8002001Z","c56ae280765d4ec251d679f87dc203fdb2e1cd0e6a05875315547fba0d0e342d","","c56ae280765d4ec251d679f87dc203fdb2e1cd0e6a05875315547fba0d0e342d","true"
"Docs/Reports/TRAINER_LIST_PERFORMANCE.md","  ","866","2026-06-26T02:39:03.2548774Z","db6ba8acef9ef15e2deb329802643f1b4a2cdfc025130623fb60b74137187215","c8f33de68a3981ac971db46a8a1f5cf80ad2fbdc","db6ba8acef9ef15e2deb329802643f1b4a2cdfc025130623fb60b74137187215","true"
"Docs/Reports/TRAINER_UX_VERIFICATION.md","  ","7744","2026-07-23T04:22:28.7341944Z","085f5a25df15d517dd0f7586d9a269ffc6e9e530df93c0925c8c3b8236bd12bd","0543991401904118849be2828d12c026f95dce87","085f5a25df15d517dd0f7586d9a269ffc6e9e530df93c0925c8c3b8236bd12bd","true"
"Docs/Reports/UI_RUNTIME_VERIFICATION.md","  ","1486","2026-07-21T05:12:16.8588428Z","a221bf36090a186b2305b10a0092e46295ce02e5f8a3c5c8827d4928f8e2771a","74dc1ca415808b54bff885b74dcaf1ef2285ec83","a221bf36090a186b2305b10a0092e46295ce02e5f8a3c5c8827d4928f8e2771a","true"
"Docs/Reports/V1_0_0_RELEASE_SMOKE_REPORT.md","  ","1719","2026-07-23T04:22:28.7361938Z","2ce46402b722545417b5c67c6fbbbdd7648c12506bb17b92651856e35f586f9f","5973c1816a3ae281fe092e75239fda0cb932a791","2ce46402b722545417b5c67c6fbbbdd7648c12506bb17b92651856e35f586f9f","true"
"Docs/Reports/V1_0_0_TAG_READINESS_REPORT.md","  ","3763","2026-07-23T04:22:28.7371978Z","f3ad3d38298fa461939d41b299a4e1f46aad50e6d8c32028f212596b13b5b8bc","652a4d35ae824386b4c8d751101b8d3290401b06","f3ad3d38298fa461939d41b299a4e1f46aad50e6d8c32028f212596b13b5b8bc","true"
"Docs/Reports/V1_4_0_RELEASE_READINESS_REPORT.md","  ","4622","2026-07-23T04:22:28.7381944Z","eeed7406835d7637b6c57873ed6c75dfa934e5fd248295d91221157b314684be","6a4323f07e38305c4639c0e1f60fcf3817df4399","eeed7406835d7637b6c57873ed6c75dfa934e5fd248295d91221157b314684be","true"
"Docs/Reports/V1_5_0_RELEASE_READINESS_REPORT.md","  ","6575","2026-07-23T04:22:28.7396977Z","3bce796414099fac01d60c2b96b9b9d6f6d75f677feb03ccd4f1223d985a2cd6","94a8d424f90223f13623ebe0236b0acca7b71535","3bce796414099fac01d60c2b96b9b9d6f6d75f677feb03ccd4f1223d985a2cd6","true"
"Docs/Reports/V1_5_RELEASE_CHECKLIST.md","  ","1761","2026-07-23T04:22:28.7417017Z","7d57d0cad185f7dfe5207889da8187e73fe30855e93509fb23ea95e82688c4a3","9cfe3bd4939c093275782aa21f75ddfdb6659589","7d57d0cad185f7dfe5207889da8187e73fe30855e93509fb23ea95e82688c4a3","true"
"Docs/Reports/V1_NON_USER_DATA_CLOSEOUT.md","  ","19995","2026-07-23T04:22:28.7427011Z","af9f234ecd694180c341182adc8e1ba25d58696180e6fac7e1edc818070aa5cb","27a8c0066eaaa01391ae0f2d7dd0189d22bdbf05","af9f234ecd694180c341182adc8e1ba25d58696180e6fac7e1edc818070aa5cb","true"
"Docs/Reports/V1_RC1_MANUAL_SMOKE_TEST_CHECKLIST.md","  ","4215","2026-07-23T04:22:28.7447017Z","523674245cd0299c20f3f334a32aeb8d6256173de5db16fbd40b1e2d0dee5e55","247e8bd454587074b71002cee6a693c7222de2b1","523674245cd0299c20f3f334a32aeb8d6256173de5db16fbd40b1e2d0dee5e55","true"
"Docs/Reports/V2_0_0_RELEASE_READINESS_REPORT.md","  ","4266","2026-07-23T04:22:28.7457052Z","45e7fe21b083d937290d3de2865db30aaa1bf503dfb807d6f1201ab7c9685005","e513d108286a511367d4ba8a9bfe8259924c39e7","45e7fe21b083d937290d3de2865db30aaa1bf503dfb807d6f1201ab7c9685005","true"
"Docs/Reports/V2_2_WEMOD_ADOPTION_TAG_LOCK.md","  ","739","2026-07-15T18:10:08.5441130Z","f42f740aeb9433ed69adac77b438b306001060a0261684c4eb656bad8f896c26","2c66f8886cb50011705904d89e144fe7f84a7b87","f42f740aeb9433ed69adac77b438b306001060a0261684c4eb656bad8f896c26","true"
"Docs/Research/AVOWED_CT_IMPORT_NOTES.md","  ","1129","2026-07-21T05:12:16.8733503Z","861799a9b97558560bcc27d387b8c65588c7db99b8b4c18a00dad6779831f74c","2080b9c5205974cecf316739c7b56df509feb0e2","861799a9b97558560bcc27d387b8c65588c7db99b8b4c18a00dad6779831f74c","true"
"Docs/Research/LEGACY_TRAINER_RUNTIME_FINDINGS.md","  ","7120","2026-07-21T05:12:16.8753525Z","bf517500f4896d20cac238765e948dc697946c1c99c5401bdb1e0baa3a57d59a","db957166ae7d3e9b19edd6322f675db0e7afced3","bf517500f4896d20cac238765e948dc697946c1c99c5401bdb1e0baa3a57d59a","true"
"Docs/safety-architecture.md","  ","10405","2026-07-21T05:12:16.8793497Z","33e567e7a2a23c14a15867c05e268488d6e300b57f00be83ca48d33cd6e1d921","e072f748040180985f1a782d0ae1cdc962696ebb","33e567e7a2a23c14a15867c05e268488d6e300b57f00be83ca48d33cd6e1d921","true"
"Docs/SECURITY_AUDIT_EXCEPTIONS.md","  ","2053","2026-07-23T05:49:52.6351879Z","c952ceee7845fad95d0deb129b1fdf673320dec4c73cbd23e2e6a6b6d6963d41","f6cdbb9c655c8b94e47437d0dc472d43d7fa277f","c952ceee7845fad95d0deb129b1fdf673320dec4c73cbd23e2e6a6b6d6963d41","true"
"Docs/Security/B2A/freeze-consent-lifecycle-discovery.md","??","19514","2026-07-27T14:15:10.2651158Z","e551e895ab1e7f45d485826b65505fc84b44775aff001eeee3dbced288f4534e","","e551e895ab1e7f45d485826b65505fc84b44775aff001eeee3dbced288f4534e","true"
"Docs/Security/BATCH_A_COMPLETION_MATRIX.md","??","9594","2026-07-27T00:04:18.2039848Z","8c7c6cda286d036c77ee9ba70f4dea8edbebde0a5b2761342e9483309f8a255a","","8c7c6cda286d036c77ee9ba70f4dea8edbebde0a5b2761342e9483309f8a255a","true"
"Docs/Security/BATCH_A_FINAL_REPORT.md","??","17075","2026-07-26T12:37:21.2517054Z","293ed9aadd9d4238eb4377abe487fc8ff23fca607895f95fbb3504f21a72356d","","293ed9aadd9d4238eb4377abe487fc8ff23fca607895f95fbb3504f21a72356d","true"
"Docs/Security/Evidence/BatchA/branch.txt","??","8","2026-07-27T05:38:04.6857463Z","20c33ec3becb9fdfd2ebb8086c3b6623fe2e81a9a65f8c5a5b8ab187b35002d5","","20c33ec3becb9fdfd2ebb8086c3b6623fe2e81a9a65f8c5a5b8ab187b35002d5","true"
"Docs/Security/Evidence/BatchA/consent-state-machine-audit.txt","??","10100","2026-07-27T06:09:12.1034480Z","7b23b8f0ef6cab521bf7c05b3b3d1724d19a36478c7ba2af71a5b5dab1980b10","","7b23b8f0ef6cab521bf7c05b3b3d1724d19a36478c7ba2af71a5b5dab1980b10","true"
"Docs/Security/Evidence/BatchA/git-diff-check.txt","??","1488","2026-07-27T05:38:04.9593766Z","fedc983c18666e53c03b7bd1174bd46ab540750c6dfef991bcb108f68a7aa102","","fedc983c18666e53c03b7bd1174bd46ab540750c6dfef991bcb108f68a7aa102","true"
"Docs/Security/Evidence/BatchA/git-diff-stat.txt","??","1087","2026-07-27T05:38:04.8112995Z","45c20429e17ab5841c8ac9d83cb68ec100d9a757dae72c949baffff316c433d5","","45c20429e17ab5841c8ac9d83cb68ec100d9a757dae72c949baffff316c433d5","true"
"Docs/Security/Evidence/BatchA/git-status-full.txt","??","3078","2026-07-27T05:38:04.7492746Z","796128c55a2253f0e4a450fa3248c5e209cbcc2ca2b59e2875e6e0413d608477","","796128c55a2253f0e4a450fa3248c5e209cbcc2ca2b59e2875e6e0413d608477","true"
"Docs/Security/Evidence/BatchA/handler-authorization-audit.csv","??","28368","2026-07-27T06:04:19.1317794Z","9a3efcd7d99db95a698ddbae8404b1123d8f268b05aabff57838dee885e37095","","9a3efcd7d99db95a698ddbae8404b1123d8f268b05aabff57838dee885e37095","true"
"Docs/Security/Evidence/BatchA/handler-validation-audit.csv","??","29558","2026-07-27T06:04:19.0964684Z","a7131ec507eaa18d591689759b26d6f163ca7cad846022ce243dd571b7a81c73","","a7131ec507eaa18d591689759b26d6f163ca7cad846022ce243dd571b7a81c73","true"
"Docs/Security/Evidence/BatchA/HANDOVER_EXECUTION_PLAN.txt","??","10061","2026-07-27T05:45:46.0199395Z","34fc480a0c76467cba9033386412e1f88177bec1b08fcde05208b6e114cf97a3","","34fc480a0c76467cba9033386412e1f88177bec1b08fcde05208b6e114cf97a3","true"
"Docs/Security/Evidence/BatchA/ipc-channel-reconciliation.csv","??","82707","2026-07-27T07:08:44.4608427Z","a1ec0007a33d69fc2706b80cfa52f064c2b6cbee7aaeb7d5bc8f727bd9c6ea0b","","a1ec0007a33d69fc2706b80cfa52f064c2b6cbee7aaeb7d5bc8f727bd9c6ea0b","true"
"Docs/Security/Evidence/BatchA/ipc-preload-orphans.csv","??","1498","2026-07-27T05:50:41.4899468Z","6ec8faae6c2d684c0a495d253bb9d5df59e3e17dc29ceb80ba710c385588cc8b","","6ec8faae6c2d684c0a495d253bb9d5df59e3e17dc29ceb80ba710c385588cc8b","true"
"Docs/Security/Evidence/BatchA/ipc-renderer-callers.csv","??","31487","2026-07-27T06:06:35.2939984Z","42a0853d3ff4da9e4f8016363456510f6e66f3851867279998a011634158e95a","","42a0853d3ff4da9e4f8016363456510f6e66f3851867279998a011634158e95a","true"
"Docs/Security/Evidence/BatchA/ipc-summary.txt","??","2826","2026-07-27T05:38:21.4743059Z","394b2837446d2bde4edee386c0b53ce80ed82bb6a7619d4ce7c4332bd99bfd27","","394b2837446d2bde4edee386c0b53ce80ed82bb6a7619d4ce7c4332bd99bfd27","true"
"Docs/Security/Evidence/BatchA/process-execution-audit.csv","??","6784","2026-07-27T06:07:25.1322606Z","d18d9dd906abc0d7193ec56513b60fa061c7d6c44af523d535eba3eb941cdcf1","","d18d9dd906abc0d7193ec56513b60fa061c7d6c44af523d535eba3eb941cdcf1","true"
"Docs/Security/Evidence/BatchA/registry-operations-audit.txt","??","4285","2026-07-27T06:06:54.9027643Z","6c9da181ab89aacbbd61dd51ee78362ed22dac936549f1a2e609b143816154df","","6c9da181ab89aacbbd61dd51ee78362ed22dac936549f1a2e609b143816154df","true"
"Docs/Security/Evidence/BatchA/repository-root.txt","??","27","2026-07-27T05:38:04.6442390Z","d7d377e51ae115205992285072eb6d43453c893b392213e0b444ad7a44d02964","","d7d377e51ae115205992285072eb6d43453c893b392213e0b444ad7a44d02964","true"
"Docs/Security/Evidence/BatchA/secret-scan-summary.txt","??","3238","2026-07-27T06:04:37.5530030Z","351f93be815625ddb886e3187d396203fb8e6c0e2baf2b1eb7b2db2039371cd0","","351f93be815625ddb886e3187d396203fb8e6c0e2baf2b1eb7b2db2039371cd0","true"
"Docs/Security/Evidence/BatchA/verification-final.txt","??","12080","2026-07-27T06:12:22.6068847Z","4a4d9f80ea8de5c073ab554da4f0d1c689c0b8f177ffe74ba20ebb3d35067b02","","4a4d9f80ea8de5c073ab554da4f0d1c689c0b8f177ffe74ba20ebb3d35067b02","true"
"Docs/Security/Evidence/BatchB1_1_Closeout/branch.txt","??","6","2026-07-27T17:47:13.7365960Z","fc613b4dfd6736a7bd268c8a0e74ed0d1c04a959f59dd74ef2874983fd443fc9","","fc613b4dfd6736a7bd268c8a0e74ed0d1c04a959f59dd74ef2874983fd443fc9","true"
"Docs/Security/Evidence/BatchB1_1_Closeout/electron-typecheck-postfix-raw.txt","??","13180","2026-07-27T21:59:35.3530075Z","bf8b792bfdf9dd5fd50f7a540b9e271fc5f34e15139322c622033eb19b7f27de","","bf8b792bfdf9dd5fd50f7a540b9e271fc5f34e15139322c622033eb19b7f27de","true"
"Docs/Security/Evidence/BatchB1_1_Closeout/electron-typecheck-postfix-summary.txt","??","565","2026-07-27T21:59:35.3575168Z","dfe63d78ba99eb9bcb3d265c41ea0dd614e4910479f95a3450b8a6184b220a71","","dfe63d78ba99eb9bcb3d265c41ea0dd614e4910479f95a3450b8a6184b220a71","true"
"Docs/Security/Evidence/BatchB1_1_Closeout/Gate2_1/baseline-diff-check.txt","??","4591","2026-07-28T23:32:31.1886908Z","4e16b2281605d6b1762d4a23fb45af4395def1268770963ff65ba67172ae25cc","","4e16b2281605d6b1762d4a23fb45af4395def1268770963ff65ba67172ae25cc","true"
"Docs/Security/Evidence/BatchB1_1_Closeout/Gate2_1/baseline-diff-name-only.txt","??","5847","2026-07-28T23:32:31.1121364Z","a6c1013ca356df9867148cf910ea3436ab4845e82555d23e4eadb815f9b3422d","","a6c1013ca356df9867148cf910ea3436ab4845e82555d23e4eadb815f9b3422d","true"
"Docs/Security/Evidence/BatchB1_1_Closeout/Gate2_1/baseline-diff-stat.txt","??","7241","2026-07-28T23:32:31.0466277Z","e965369a6b9e541e0fd5eb652a0d782053ae89d8c7b6111694200ea1e07618f8","","e965369a6b9e541e0fd5eb652a0d782053ae89d8c7b6111694200ea1e07618f8","true"
"Docs/Security/Evidence/BatchB1_1_Closeout/Gate2_1/baseline-status.txt","??","3936","2026-07-28T23:32:30.6712399Z","42d9c80ecbe45e36ef900d37c998f30d2be758dbf60d52b75252073cc681a46f","","42d9c80ecbe45e36ef900d37c998f30d2be758dbf60d52b75252073cc681a46f","true"
"Docs/Security/Evidence/BatchB1_1_Closeout/Gate2_1/build-electron-v2.txt","??","4281","2026-07-28T23:42:43.6104618Z","3256caba1873eefe0b20631b763ab0b1ce3be9a9a57c7cb6207dda9dc6dd90a5","","3256caba1873eefe0b20631b763ab0b1ce3be9a9a57c7cb6207dda9dc6dd90a5","true"
"Docs/Security/Evidence/BatchB1_1_Closeout/Gate2_1/build-electron-v3.txt","??","4281","2026-07-28T23:47:53.3174265Z","ab9beef14a68aac31f269a2108184b848f979f60f01e3038ec6ccf07329b1d55","","ab9beef14a68aac31f269a2108184b848f979f60f01e3038ec6ccf07329b1d55","true"
"Docs/Security/Evidence/BatchB1_1_Closeout/Gate2_1/build-electron.txt","??","4304","2026-07-28T23:39:23.0075591Z","ba587cbf37ef303d3fa70de1d959ed59febb4879af0a0ab9d0af64d7fb110c06","","ba587cbf37ef303d3fa70de1d959ed59febb4879af0a0ab9d0af64d7fb110c06","true"
"Docs/Security/Evidence/BatchB1_1_Closeout/Gate2_1/build-vite.txt","??","3634","2026-07-28T23:39:16.5655444Z","837e037e7466b6858f51bfc5c69647b4a617aeb04dd3c2a123d4ac6c32ec8c28","","837e037e7466b6858f51bfc5c69647b4a617aeb04dd3c2a123d4ac6c32ec8c28","true"
"Docs/Security/Evidence/BatchB1_1_Closeout/Gate2_1/changed-files.txt","??","6037","2026-07-28T23:49:55.1441703Z","6b4f6e69239f5d0593bc88e812f4585ebe611eeaab2bc692329041800f5ff14b","","6b4f6e69239f5d0593bc88e812f4585ebe611eeaab2bc692329041800f5ff14b","true"
"Docs/Security/Evidence/BatchB1_1_Closeout/Gate2_1/control-provenance.csv","??","3590","2026-07-28T23:50:22.0980468Z","b87ce1aeda8481d0960cdbe720de4f646ef58b986999db22845edac4103c15fb","","b87ce1aeda8481d0960cdbe720de4f646ef58b986999db22845edac4103c15fb","true"
"Docs/Security/Evidence/BatchB1_1_Closeout/Gate2_1/dist-dir-build-v2.txt","??","1177","2026-07-28T23:42:56.3720941Z","a28b8db2705fc50b1d88e3cd3ecdff3baa5d7c304939302a8d5ea3e69aa70a34","","a28b8db2705fc50b1d88e3cd3ecdff3baa5d7c304939302a8d5ea3e69aa70a34","true"
"Docs/Security/Evidence/BatchB1_1_Closeout/Gate2_1/dist-dir-build-v3.txt","??","1177","2026-07-28T23:48:01.9627343Z","a28b8db2705fc50b1d88e3cd3ecdff3baa5d7c304939302a8d5ea3e69aa70a34","","a28b8db2705fc50b1d88e3cd3ecdff3baa5d7c304939302a8d5ea3e69aa70a34","true"
"Docs/Security/Evidence/BatchB1_1_Closeout/Gate2_1/dist-dir-build.txt","??","1194","2026-07-28T23:39:38.3465894Z","d95bfaf80b0f79f67b2e0f4407beb0c7b33c07bac8eed54a9bc557bce6d9a295","","d95bfaf80b0f79f67b2e0f4407beb0c7b33c07bac8eed54a9bc557bce6d9a295","true"
"Docs/Security/Evidence/BatchB1_1_Closeout/Gate2_1/final-git-diff-check.txt","??","4732","2026-07-28T23:49:22.7773819Z","fbfc43f84341b7190159a49bda1f2b9a36ada6f123a1d8d9d9200ceff708cd2e","","fbfc43f84341b7190159a49bda1f2b9a36ada6f123a1d8d9d9200ceff708cd2e","true"
"Docs/Security/Evidence/BatchB1_1_Closeout/Gate2_1/final-git-diff-name-only.txt","??","6037","2026-07-28T23:49:29.0019943Z","6b4f6e69239f5d0593bc88e812f4585ebe611eeaab2bc692329041800f5ff14b","","6b4f6e69239f5d0593bc88e812f4585ebe611eeaab2bc692329041800f5ff14b","true"
"Docs/Security/Evidence/BatchB1_1_Closeout/Gate2_1/final-git-status-clean.txt","??","4036","2026-07-28T23:49:55.2136927Z","8f736af1e7c456a2ef018f740bbc97a7e3e23895a32a60911107dffb4d1ded78","","8f736af1e7c456a2ef018f740bbc97a7e3e23895a32a60911107dffb4d1ded78","true"
"Docs/Security/Evidence/BatchB1_1_Closeout/Gate2_1/final-git-status.txt","??","4036","2026-07-28T23:49:28.9374725Z","8f736af1e7c456a2ef018f740bbc97a7e3e23895a32a60911107dffb4d1ded78","","8f736af1e7c456a2ef018f740bbc97a7e3e23895a32a60911107dffb4d1ded78","true"
"Docs/Security/Evidence/BatchB1_1_Closeout/Gate2_1/final-npm-test.txt","??","252248","2026-07-28T23:49:12.1122204Z","51520550628d874ec733cf13019868e42dadea2883db3d54d7d6cfaa91d8b225","","51520550628d874ec733cf13019868e42dadea2883db3d54d7d6cfaa91d8b225","true"
"Docs/Security/Evidence/BatchB1_1_Closeout/Gate2_1/final-test-live-memory.txt","??","61210","2026-07-28T23:48:42.2545275Z","96d3b7ed2f0747a74e15ecb72eb09c1699b5374c263a3f96e1e4478a1d3f3a87","","96d3b7ed2f0747a74e15ecb72eb09c1699b5374c263a3f96e1e4478a1d3f3a87","true"
"Docs/Security/Evidence/BatchB1_1_Closeout/Gate2_1/final-typescript-electron.txt","??","13197","2026-07-28T23:49:22.5873117Z","342167bd6373bcb3f2b5b9d0805e1d4a80a674933caa552d4505cf049cc21736","","342167bd6373bcb3f2b5b9d0805e1d4a80a674933caa552d4505cf049cc21736","true"
"Docs/Security/Evidence/BatchB1_1_Closeout/Gate2_1/final-typescript-main.txt","??","13","2026-07-28T23:49:20.7875715Z","1cfb71414d976d3aa534f5c23248a527ec68b4af994a0bb60f75d3087d0b0a59","","1cfb71414d976d3aa534f5c23248a527ec68b4af994a0bb60f75d3087d0b0a59","true"
"Docs/Security/Evidence/BatchB1_1_Closeout/Gate2_1/npm-test-after-wiring.txt","??","252128","2026-07-28T23:35:24.0880671Z","3704cb277063b4434e8e5e325fad32590610f3fdf189367019252cc91bed380d","","3704cb277063b4434e8e5e325fad32590610f3fdf189367019252cc91bed380d","true"
"Docs/Security/Evidence/BatchB1_1_Closeout/Gate2_1/npm-test-live-memory-after-wiring.txt","??","24531","2026-07-28T23:33:43.6945558Z","81a10657d3799a0a7d922bff2f51704ceabc66e7b2a6102c5f89a0c790d8e1ae","","81a10657d3799a0a7d922bff2f51704ceabc66e7b2a6102c5f89a0c790d8e1ae","true"
"Docs/Security/Evidence/BatchB1_1_Closeout/Gate2_1/orphaned-tests-direct-before.txt","??","9691","2026-07-28T23:33:00.0984779Z","51b1a5e592c101e2ec13fa742e6cc497dbb047424f6302d9de87e66c5279f5f6","","51b1a5e592c101e2ec13fa742e6cc497dbb047424f6302d9de87e66c5279f5f6","true"
"Docs/Security/Evidence/BatchB1_1_Closeout/Gate2_1/packaged-environment.txt","??","217","2026-07-28T23:32:31.3958455Z","1983266b4553a3d761d113f241df3d879ab26ad1cb6012e3d1df14463a5bb18c","","1983266b4553a3d761d113f241df3d879ab26ad1cb6012e3d1df14463a5bb18c","true"
"Docs/Security/Evidence/BatchB1_1_Closeout/Gate2_1/packaged-lifecycle-run1.txt","??","2386","2026-07-28T23:46:42.4095090Z","bbd92f3973b015f3f2cb364253c747f50ed2983a959f49565bafcfa01da42186","","bbd92f3973b015f3f2cb364253c747f50ed2983a959f49565bafcfa01da42186","true"
"Docs/Security/Evidence/BatchB1_1_Closeout/Gate2_1/packaged-lifecycle-run2.txt","??","843","2026-07-28T23:48:24.3432332Z","c58db3a791892cddba6ab19c6b237771a8864917fa0f5c1ab3d273f94477a638","","c58db3a791892cddba6ab19c6b237771a8864917fa0f5c1ab3d273f94477a638","true"
"Docs/Security/Evidence/BatchB1_1_Closeout/Gate2_1/packaged-smoke-after-hooks.txt","??","3950","2026-07-28T23:39:53.8744128Z","9e50e4dbd11ba79271f28c97bc0ae53dc2c2fa8374fb2b8978526e3b4313bfb4","","9e50e4dbd11ba79271f28c97bc0ae53dc2c2fa8374fb2b8978526e3b4313bfb4","true"
"Docs/Security/Evidence/BatchB1_1_Closeout/Gate2_1/remaining-risks.md","??","3993","2026-07-28T23:50:40.9484323Z","718f71e39c6ce72c44aceb9beca42f3d15bc0fa05d0774b1ff586a1f28d15097","","718f71e39c6ce72c44aceb9beca42f3d15bc0fa05d0774b1ff586a1f28d15097","true"
"Docs/Security/Evidence/BatchB1_1_Closeout/Gate2_1/tests-summary.csv","??","1011","2026-07-28T23:50:04.5363556Z","756ad8a2f118b1922309897755ae62a288e591fb93ebd8eb5ebe8749c9dc730d","","756ad8a2f118b1922309897755ae62a288e591fb93ebd8eb5ebe8749c9dc730d","true"
"Docs/Security/Evidence/BatchB1_1_Closeout/Gate2_1/typescript-electron-node22-gate2_1.txt","??","13197","2026-07-28T23:39:03.1895024Z","342167bd6373bcb3f2b5b9d0805e1d4a80a674933caa552d4505cf049cc21736","","342167bd6373bcb3f2b5b9d0805e1d4a80a674933caa552d4505cf049cc21736","true"
"Docs/Security/Evidence/BatchB1_1_Closeout/Gate2_1/typescript-main-node22-gate2_1.txt","??","13","2026-07-28T23:39:01.3801178Z","1cfb71414d976d3aa534f5c23248a527ec68b4af994a0bb60f75d3087d0b0a59","","1cfb71414d976d3aa534f5c23248a527ec68b4af994a0bb60f75d3087d0b0a59","true"
"Docs/Security/Evidence/BatchB1_1_Closeout/Gate2_1/verification-final.txt","??","6180","2026-07-28T23:51:08.7946837Z","b2cf6cf037d64306283657f54ca3dadcfc89be94ff601c9a8b3ba52a54c3f8b6","","b2cf6cf037d64306283657f54ca3dadcfc89be94ff601c9a8b3ba52a54c3f8b6","true"
"Docs/Security/Evidence/BatchB1_1_Closeout/Gate2_2_Resume/baseline-diff-check.txt","??","4731","2026-07-29T15:56:14.6358578Z","92681ea66e13a3f2d51b4fb5128f68b6049a4d09a02819c6f13544e638fbb3f5","","92681ea66e13a3f2d51b4fb5128f68b6049a4d09a02819c6f13544e638fbb3f5","true"
"Docs/Security/Evidence/BatchB1_1_Closeout/Gate2_2_Resume/baseline-diff-name-status.txt","??","6317","2026-07-29T15:56:14.5037463Z","9d2f8ec5a902067146277ef99059d1cd957f57d6b6ca233f36938c129b6a10ae","","9d2f8ec5a902067146277ef99059d1cd957f57d6b6ca233f36938c129b6a10ae","true"
"Docs/Security/Evidence/BatchB1_1_Closeout/Gate2_2_Resume/baseline-diff-stat.txt","??","7793","2026-07-29T15:56:14.4391987Z","078cb3233b163219dbbf2074b2ee85fbef566ca54866643453331d38802953ad","","078cb3233b163219dbbf2074b2ee85fbef566ca54866643453331d38802953ad","true"
"Docs/Security/Evidence/BatchB1_1_Closeout/Gate2_2_Resume/baseline-file-manifest.csv","??","342","2026-07-29T16:22:08.4399073Z","e9e0c7f42568a4f811cac99b20931f38644945ea0df04446e2e5bf1100c29da5","","e9e0c7f42568a4f811cac99b20931f38644945ea0df04446e2e5bf1100c29da5","true"
"Docs/Security/Evidence/BatchB1_1_Closeout/Gate2_2_Resume/baseline-staged-name-status.txt","??","0","2026-07-29T15:56:14.5257603Z","e3b0c44298fc1c149afbf4c8996fb92427ae41e4649b934ca495991b7852b855","","e3b0c44298fc1c149afbf4c8996fb92427ae41e4649b934ca495991b7852b855","true"
"Docs/Security/Evidence/BatchB1_1_Closeout/Gate2_2_Resume/baseline-status.txt","??","33596","2026-07-29T15:56:14.3591432Z","24550d64febd8888677d3cef573f62e7b08de51c42bd517bc63975fc8fd783b4","","24550d64febd8888677d3cef573f62e7b08de51c42bd517bc63975fc8fd783b4","true"
"Docs/Security/Evidence/BatchB1_1_Closeout/Gate2_2_Resume/changed-files.txt","??","2922","2026-07-29T16:22:01.8099407Z","3523d467a066b3fd81c0c26ea4d4d35f41167c3421c606c1277ca13050c7bd3c","","3523d467a066b3fd81c0c26ea4d4d35f41167c3421c606c1277ca13050c7bd3c","true"
"Docs/Security/Evidence/BatchB1_1_Closeout/Gate2_2_Resume/control-provenance.csv","??","4354","2026-07-29T16:21:56.2651917Z","3d8637e9af0cf3bc6b252ce2e4e91ddc3aa2ae240f2f3d20c28eedeb89df0ebe","","3d8637e9af0cf3bc6b252ce2e4e91ddc3aa2ae240f2f3d20c28eedeb89df0ebe","true"
"Docs/Security/Evidence/BatchB1_1_Closeout/Gate2_2_Resume/debug-run.txt","??","1775","2026-07-29T16:07:00.8255086Z","c607859d44565009e270634e7448318ccd0c070fd12fba1261bbd0e5e3be8df2","","c607859d44565009e270634e7448318ccd0c070fd12fba1261bbd0e5e3be8df2","true"
"Docs/Security/Evidence/BatchB1_1_Closeout/Gate2_2_Resume/debug-run2.txt","??","1343","2026-07-29T16:08:24.1867028Z","d472376f54fe7d0277c0dee435fddb53d076f0717285bd52977d51213706937a","","d472376f54fe7d0277c0dee435fddb53d076f0717285bd52977d51213706937a","true"
"Docs/Security/Evidence/BatchB1_1_Closeout/Gate2_2_Resume/failure-classification.csv","??","2396","2026-07-29T16:21:31.6648049Z","800d70fe89d8e14d36212df095be51e333f3cbae8c1776250f42f1b515d80e9a","","800d70fe89d8e14d36212df095be51e333f3cbae8c1776250f42f1b515d80e9a","true"
"Docs/Security/Evidence/BatchB1_1_Closeout/Gate2_2_Resume/final-git-diff-name-only.txt","??","1650","2026-07-29T16:19:02.8093444Z","e5eefccebe7d17a292a9a8a5bbe4bf4d95a0bd526dbe3e7c877183a915f0d9a4","","e5eefccebe7d17a292a9a8a5bbe4bf4d95a0bd526dbe3e7c877183a915f0d9a4","true"
"Docs/Security/Evidence/BatchB1_1_Closeout/Gate2_2_Resume/final-git-diff-stat.txt","??","3232","2026-07-29T16:19:02.7492637Z","cb5ae2641dc775b19f8aa366225fe625350d3af7ff1f016dba1c5991521d2ccb","","cb5ae2641dc775b19f8aa366225fe625350d3af7ff1f016dba1c5991521d2ccb","true"
"Docs/Security/Evidence/BatchB1_1_Closeout/Gate2_2_Resume/final-git-status.txt","??","35060","2026-07-29T16:19:02.6762340Z","08c84229c6952676cad98259dc16ad8e6ae864f3782b2abb9c3b6e298125c535","","08c84229c6952676cad98259dc16ad8e6ae864f3782b2abb9c3b6e298125c535","true"
"Docs/Security/Evidence/BatchB1_1_Closeout/Gate2_2_Resume/fixture-prerequisite-matrix.csv","??","1702","2026-07-29T16:19:18.5979717Z","572668ce9dd25bc096f11d364b1a5b5dccaaa1dcf4332b881a8c90a08b7912eb","","572668ce9dd25bc096f11d364b1a5b5dccaaa1dcf4332b881a8c90a08b7912eb","true"
"Docs/Security/Evidence/BatchB1_1_Closeout/Gate2_2_Resume/lifecycle-final.txt","??","1854","2026-07-29T16:16:42.8482539Z","382f0d7302c72e7ee537b866570d3791ba4483ba4a46ac3e5f785413650b5b4b","","382f0d7302c72e7ee537b866570d3791ba4483ba4a46ac3e5f785413650b5b4b","true"
"Docs/Security/Evidence/BatchB1_1_Closeout/Gate2_2_Resume/lifecycle-run1.txt","??","2943","2026-07-29T16:04:54.5288618Z","d7ab8d048684347ee337a5fae912e247a65e4f31a9937ab44ccc23a280169fbd","","d7ab8d048684347ee337a5fae912e247a65e4f31a9937ab44ccc23a280169fbd","true"
"Docs/Security/Evidence/BatchB1_1_Closeout/Gate2_2_Resume/lifecycle-run2.txt","??","2925","2026-07-29T16:06:11.2035420Z","6e94ac744854d9cd9a868496c7e322635ccbe164116dbb57ea5d225aa022602f","","6e94ac744854d9cd9a868496c7e322635ccbe164116dbb57ea5d225aa022602f","true"
"Docs/Security/Evidence/BatchB1_1_Closeout/Gate2_2_Resume/lifecycle-run3.txt","??","2884","2026-07-29T16:11:50.6149522Z","a14bf8a96a737057f5607db4c2c96defcea2f62dbfaaf332ccad11a79696ab03","","a14bf8a96a737057f5607db4c2c96defcea2f62dbfaaf332ccad11a79696ab03","true"
"Docs/Security/Evidence/BatchB1_1_Closeout/Gate2_2_Resume/lifecycle-run4.txt","??","744","2026-07-29T16:13:31.3554265Z","5f3a0812ba8ba521b59111ac1b837c2ed923853e3b46ef1ecd07b02813dcb013","","5f3a0812ba8ba521b59111ac1b837c2ed923853e3b46ef1ecd07b02813dcb013","true"
"Docs/Security/Evidence/BatchB1_1_Closeout/Gate2_2_Resume/normal-build-test-hook-absence-final-matrix.csv","??","3108","2026-07-29T16:20:46.5063455Z","e5f1bd6a2b9056ec3eff58533bbee5c66609e003e0d07c5b09f0fc6e13ed707f","","e5f1bd6a2b9056ec3eff58533bbee5c66609e003e0d07c5b09f0fc6e13ed707f","true"
"Docs/Security/Evidence/BatchB1_1_Closeout/Gate2_2_Resume/packaged-active-shutdown-matrix.csv","??","5015","2026-07-29T16:19:41.2598170Z","eceacefdc5e7621446984ebb1127b38ccbb861ee8b9f2d92cfc0360d5b942816","","eceacefdc5e7621446984ebb1127b38ccbb861ee8b9f2d92cfc0360d5b942816","true"
"Docs/Security/Evidence/BatchB1_1_Closeout/Gate2_2_Resume/packaged-audit-review.txt","??","440","2026-07-29T16:21:10.7079553Z","d6e0f22fd6d638d1da6a8aa864cd48e42b86f559be5b31fffaca1625f72a193d","","d6e0f22fd6d638d1da6a8aa864cd48e42b86f559be5b31fffaca1625f72a193d","true"
"Docs/Security/Evidence/BatchB1_1_Closeout/Gate2_2_Resume/packaged-build-output.txt","??","5541","2026-07-29T16:04:04.0505630Z","b945c8d047629d4fc536dc2da091444d53a058f089f85c770961a24d55969857","","b945c8d047629d4fc536dc2da091444d53a058f089f85c770961a24d55969857","true"
"Docs/Security/Evidence/BatchB1_1_Closeout/Gate2_2_Resume/packaged-environment.txt","??","395","2026-07-29T16:21:10.6684428Z","ba715564a6a5f95ceef81ea2189e034877acdf08123fe499c9a412cde6871078","","ba715564a6a5f95ceef81ea2189e034877acdf08123fe499c9a412cde6871078","true"
"Docs/Security/Evidence/BatchB1_1_Closeout/Gate2_2_Resume/packaged-feature-disable-final-matrix.csv","??","3097","2026-07-29T16:19:56.2637168Z","d4be0199fe8b37aa6f86ab8f92ac3ae00f1ccb3b4e93011deb1dd9dc3badf146","","d4be0199fe8b37aa6f86ab8f92ac3ae00f1ccb3b4e93011deb1dd9dc3badf146","true"
"Docs/Security/Evidence/BatchB1_1_Closeout/Gate2_2_Resume/packaged-regression-gate2-1.txt","??","843","2026-07-29T16:17:11.0493580Z","4213cb5e17525749a3a27f3b5383ffd66c62158c67a22b23bb563c03bd1f49c3","","4213cb5e17525749a3a27f3b5383ffd66c62158c67a22b23bb563c03bd1f49c3","true"
"Docs/Security/Evidence/BatchB1_1_Closeout/Gate2_2_Resume/packaged-regression-matrix.csv","??","2546","2026-07-29T16:21:01.5308583Z","db0f32ffd257f740a9ae637a3b24d449c73e91edb2c6bba7c79cb92542df58d6","","db0f32ffd257f740a9ae637a3b24d449c73e91edb2c6bba7c79cb92542df58d6","true"
"Docs/Security/Evidence/BatchB1_1_Closeout/Gate2_2_Resume/packaged-regression-write-proof.txt","??","229","2026-07-29T16:17:57.3657053Z","be305bfe2cc84595c1ca837718f6796dfa6a6a868e349f6410f7cd87d6474155","","be305bfe2cc84595c1ca837718f6796dfa6a6a868e349f6410f7cd87d6474155","true"
"Docs/Security/Evidence/BatchB1_1_Closeout/Gate2_2_Resume/packaged-smoke-output.txt","??","3823","2026-07-29T16:17:22.6424712Z","ab2b83c9ae6f211c47eec6d0b59a165b8bd3372e4d65fb6410ac34b0422c4e9e","","ab2b83c9ae6f211c47eec6d0b59a165b8bd3372e4d65fb6410ac34b0422c4e9e","true"
"Docs/Security/Evidence/BatchB1_1_Closeout/Gate2_2_Resume/packaged-window-identity-final-matrix.csv","??","6420","2026-07-29T16:20:30.0485178Z","b21a42b6b343bd9e864213afc130202926e4d0aaae2201749b6961fb4385ef05","","b21a42b6b343bd9e864213afc130202926e4d0aaae2201749b6961fb4385ef05","true"
"Docs/Security/Evidence/BatchB1_1_Closeout/Gate2_2_Resume/remaining-risks.md","??","4689","2026-07-29T16:22:31.0614472Z","927c82051e6798d121de6169130904d3144dae068162e22dc0e5aaca752156db","","927c82051e6798d121de6169130904d3144dae068162e22dc0e5aaca752156db","true"
"Docs/Security/Evidence/BatchB1_1_Closeout/Gate2_2_Resume/tests-run.txt","??","331425","2026-07-29T16:19:02.5526853Z","e7adb4d9e923f986bcc56fa68062c15217dad0f78306b7ec3f317a5e6a316da7","","e7adb4d9e923f986bcc56fa68062c15217dad0f78306b7ec3f317a5e6a316da7","true"
"Docs/Security/Evidence/BatchB1_1_Closeout/Gate2_2_Resume/tests-summary.csv","??","738","2026-07-29T16:21:17.8522944Z","e1cdcdf271fb865eaacec6acf39a019669c02fb029d75f8c8d7ba759a7b9ef5d","","e1cdcdf271fb865eaacec6acf39a019669c02fb029d75f8c8d7ba759a7b9ef5d","true"
"Docs/Security/Evidence/BatchB1_1_Closeout/Gate2_2_Resume/verification-final.txt","??","6126","2026-07-29T16:22:59.8611439Z","bf9ce1b47ddc2f7aacc028d8962c3fde071862ee830eef0d7cb264fbee585794","","bf9ce1b47ddc2f7aacc028d8962c3fde071862ee830eef0d7cb264fbee585794","true"
"Docs/Security/Evidence/BatchB1_1_Closeout/Gate2_2/baseline-diff-check.txt","??","4731","2026-07-29T03:15:49.0748183Z","92681ea66e13a3f2d51b4fb5128f68b6049a4d09a02819c6f13544e638fbb3f5","","92681ea66e13a3f2d51b4fb5128f68b6049a4d09a02819c6f13544e638fbb3f5","true"
"Docs/Security/Evidence/BatchB1_1_Closeout/Gate2_2/baseline-status.txt","??","4036","2026-07-29T03:15:48.9922918Z","8f736af1e7c456a2ef018f740bbc97a7e3e23895a32a60911107dffb4d1ded78","","8f736af1e7c456a2ef018f740bbc97a7e3e23895a32a60911107dffb4d1ded78","true"
"Docs/Security/Evidence/BatchB1_1_Closeout/Gate2_2/fixture-source-snapshot.cs","??","2567","2026-07-29T03:19:26.9734836Z","a8bb1e6ec4029bfc3b78ac55885dfaf81da952e0caa122c261613f19e4407874","","a8bb1e6ec4029bfc3b78ac55885dfaf81da952e0caa122c261613f19e4407874","true"
"Docs/Security/Evidence/BatchB1_1_Closeout/Gate2_2/verify-fixture-real-memory-driver-output.txt","??","581","2026-07-29T03:20:22.8701750Z","cc8f788c47439685c3720f604d13709bd2899b2ddc98a6e36baa6ab6113706bd","","cc8f788c47439685c3720f604d13709bd2899b2ddc98a6e36baa6ab6113706bd","true"
"Docs/Security/Evidence/BatchB1_1_Closeout/Gate2_2/verify-fixture-real-memory-driver.mts","??","3569","2026-07-29T03:20:16.6719412Z","e20a66d84be424045c3415f080fcb3927435e98aaa027c1f902a260fbaa5171e","","e20a66d84be424045c3415f080fcb3927435e98aaa027c1f902a260fbaa5171e","true"
"Docs/Security/Evidence/BatchB1_1_Closeout/Gate2_2A_1_PackagedNative/baseline-diff-check.txt","??","4731","2026-07-29T15:22:02.9702968Z","92681ea66e13a3f2d51b4fb5128f68b6049a4d09a02819c6f13544e638fbb3f5","","92681ea66e13a3f2d51b4fb5128f68b6049a4d09a02819c6f13544e638fbb3f5","true"
"Docs/Security/Evidence/BatchB1_1_Closeout/Gate2_2A_1_PackagedNative/baseline-diff-name-status.txt","??","6317","2026-07-29T15:22:02.8912641Z","9d2f8ec5a902067146277ef99059d1cd957f57d6b6ca233f36938c129b6a10ae","","9d2f8ec5a902067146277ef99059d1cd957f57d6b6ca233f36938c129b6a10ae","true"
"Docs/Security/Evidence/BatchB1_1_Closeout/Gate2_2A_1_PackagedNative/baseline-diff-stat.txt","??","7793","2026-07-29T15:22:02.8122336Z","078cb3233b163219dbbf2074b2ee85fbef566ca54866643453331d38802953ad","","078cb3233b163219dbbf2074b2ee85fbef566ca54866643453331d38802953ad","true"
"Docs/Security/Evidence/BatchB1_1_Closeout/Gate2_2A_1_PackagedNative/baseline-native-binaries-raw.csv","??","399","2026-07-29T15:22:30.6676631Z","268a07e09b4ca42ccb71e34ee4b49a009d63927ed6fbcb5f3a376864b6d74c2b","","268a07e09b4ca42ccb71e34ee4b49a009d63927ed6fbcb5f3a376864b6d74c2b","true"
"Docs/Security/Evidence/BatchB1_1_Closeout/Gate2_2A_1_PackagedNative/baseline-native-binaries.csv","??","821","2026-07-29T15:22:55.5369564Z","a8f257ae757076369d8e723eaa7292b88e9b52ed6508ab96bea4cf3aa5bc3dbb","","a8f257ae757076369d8e723eaa7292b88e9b52ed6508ab96bea4cf3aa5bc3dbb","true"
"Docs/Security/Evidence/BatchB1_1_Closeout/Gate2_2A_1_PackagedNative/baseline-status.txt","??","29800","2026-07-29T15:22:02.7337043Z","de069bf73e87d703d9cc81385cea79a6b1273de6d5cfe3036fcb296185eb7826","","de069bf73e87d703d9cc81385cea79a6b1273de6d5cfe3036fcb296185eb7826","true"
"Docs/Security/Evidence/BatchB1_1_Closeout/Gate2_2A_1_PackagedNative/changed-files.txt","??","3169","2026-07-29T15:34:26.4492219Z","d16cd5de95de96f8b0dae0bc15115f00c5c511145deba6325629cb2765d77c38","","d16cd5de95de96f8b0dae0bc15115f00c5c511145deba6325629cb2765d77c38","true"
"Docs/Security/Evidence/BatchB1_1_Closeout/Gate2_2A_1_PackagedNative/control-provenance.csv","??","3080","2026-07-29T15:34:42.3109444Z","86dd1b89606c3eb888106650bdfe8559c982f5a02295656dd3e6f13c3ed66ce6","","86dd1b89606c3eb888106650bdfe8559c982f5a02295656dd3e6f13c3ed66ce6","true"
"Docs/Security/Evidence/BatchB1_1_Closeout/Gate2_2A_1_PackagedNative/electron-abi-info.txt","??","613","2026-07-29T15:23:27.2982550Z","6c38780a59c92e804adc51e795e580819a893499f9b48a79ac430a08e399297c","","6c38780a59c92e804adc51e795e580819a893499f9b48a79ac430a08e399297c","true"
"Docs/Security/Evidence/BatchB1_1_Closeout/Gate2_2A_1_PackagedNative/electron-native-binary-hashes.csv","??","85","2026-07-29T15:24:01.4512911Z","623e6e7a535a2d6f4113cebc3439e81bc6f59c47513f23d4b5b411c9f1cdd864","","623e6e7a535a2d6f4113cebc3439e81bc6f59c47513f23d4b5b411c9f1cdd864","true"
"Docs/Security/Evidence/BatchB1_1_Closeout/Gate2_2A_1_PackagedNative/electron-native-rebuild-info.txt","??","2017","2026-07-29T15:24:18.4917743Z","0ee59f12c24f37a1157253e9a62db5086dfce9560ca277d247aa79170dc518d4","","0ee59f12c24f37a1157253e9a62db5086dfce9560ca277d247aa79170dc518d4","true"
"Docs/Security/Evidence/BatchB1_1_Closeout/Gate2_2A_1_PackagedNative/electron-native-rebuild-output.txt","??","4997","2026-07-29T15:23:45.1294645Z","45e7e7f763613992e4084c6e52f451ac127a149bbd438710b7f648711a29fc53","","45e7e7f763613992e4084c6e52f451ac127a149bbd438710b7f648711a29fc53","true"
"Docs/Security/Evidence/BatchB1_1_Closeout/Gate2_2A_1_PackagedNative/electron-runtime-native-write-matrix.csv","??","1856","2026-07-29T15:25:15.0295599Z","b38d6e32caff308fff3d40defd91bfada3eb3635d1fe0cc29b047ac54f15d165","","b38d6e32caff308fff3d40defd91bfada3eb3635d1fe0cc29b047ac54f15d165","true"
"Docs/Security/Evidence/BatchB1_1_Closeout/Gate2_2A_1_PackagedNative/electron-runtime-native-write-run.txt","??","2541","2026-07-29T15:25:04.1036075Z","ad48ffefe4bfb565f64d0e3451faa2bd51b7b0ab422fa2e44256923ca02c5cda","","ad48ffefe4bfb565f64d0e3451faa2bd51b7b0ab422fa2e44256923ca02c5cda","true"
"Docs/Security/Evidence/BatchB1_1_Closeout/Gate2_2A_1_PackagedNative/failure-classification.csv","??","985","2026-07-29T15:34:11.7955574Z","d739fe902f51fee6be26462b8750a38a9c585bf58a91ac0d83519aabad3b3f0b","","d739fe902f51fee6be26462b8750a38a9c585bf58a91ac0d83519aabad3b3f0b","true"
"Docs/Security/Evidence/BatchB1_1_Closeout/Gate2_2A_1_PackagedNative/final-git-diff-name-only.txt","??","1650","2026-07-29T15:33:54.7864673Z","e5eefccebe7d17a292a9a8a5bbe4bf4d95a0bd526dbe3e7c877183a915f0d9a4","","e5eefccebe7d17a292a9a8a5bbe4bf4d95a0bd526dbe3e7c877183a915f0d9a4","true"
"Docs/Security/Evidence/BatchB1_1_Closeout/Gate2_2A_1_PackagedNative/final-git-diff-stat.txt","??","3228","2026-07-29T15:33:54.7254474Z","5dc8bb221eeffd898a55789eb744bbdfe00b4a7ff8d6a6c753e9e054e16219f2","","5dc8bb221eeffd898a55789eb744bbdfe00b4a7ff8d6a6c753e9e054e16219f2","true"
"Docs/Security/Evidence/BatchB1_1_Closeout/Gate2_2A_1_PackagedNative/final-git-status.txt","??","32103","2026-07-29T15:33:54.6519191Z","ca0768ce5c445bb35ec884b710d4aa8b5a4b016ca259babb327b07ffe0b27177","","ca0768ce5c445bb35ec884b710d4aa8b5a4b016ca259babb327b07ffe0b27177","true"
"Docs/Security/Evidence/BatchB1_1_Closeout/Gate2_2A_1_PackagedNative/native-binary-inventory.csv","??","2180","2026-07-29T15:45:48.0457581Z","417c6210902c0822893434657236fb91368a12dd07408c5b77db2c53eb104a27","","417c6210902c0822893434657236fb91368a12dd07408c5b77db2c53eb104a27","true"
"Docs/Security/Evidence/BatchB1_1_Closeout/Gate2_2A_1_PackagedNative/packaged-build-info.txt","??","1447","2026-07-29T15:28:30.0717284Z","53af76b8a32b78201d7c76debf4bc8f09ca8b6b2cec019f63719b63386d7c197","","53af76b8a32b78201d7c76debf4bc8f09ca8b6b2cec019f63719b63386d7c197","true"
"Docs/Security/Evidence/BatchB1_1_Closeout/Gate2_2A_1_PackagedNative/packaged-build-output.txt","??","9506","2026-07-29T15:27:00.1394012Z","0f613d513f8766d9db434d298ba080113ba925d5d872ffd486f291b1944e0899","","0f613d513f8766d9db434d298ba080113ba925d5d872ffd486f291b1944e0899","true"
"Docs/Security/Evidence/BatchB1_1_Closeout/Gate2_2A_1_PackagedNative/packaged-native-binary-behavioral-verification.txt","??","486","2026-07-29T15:28:00.9459949Z","3809165de283ca064e67976a75b5d0e28da9ff89b36f38963e6286f25c0590ac","","3809165de283ca064e67976a75b5d0e28da9ff89b36f38963e6286f25c0590ac","true"
"Docs/Security/Evidence/BatchB1_1_Closeout/Gate2_2A_1_PackagedNative/packaged-native-binary-verification.csv","??","2451","2026-07-29T15:45:32.5509129Z","3048c934d94ac3eedcb9e7f3d676630e8924d20393cb2097ff74fd16777f344f","","3048c934d94ac3eedcb9e7f3d676630e8924d20393cb2097ff74fd16777f344f","true"
"Docs/Security/Evidence/BatchB1_1_Closeout/Gate2_2A_1_PackagedNative/packaged-real-process-write-matrix.csv","??","1950","2026-07-29T15:32:17.5828282Z","0fb0b038e66768afd336683b4e48896f74a53d9cacd328ae6eab7a1d47ca573b","","0fb0b038e66768afd336683b4e48896f74a53d9cacd328ae6eab7a1d47ca573b","true"
"Docs/Security/Evidence/BatchB1_1_Closeout/Gate2_2A_1_PackagedNative/packaged-real-process-write-output.txt","??","229","2026-07-29T15:32:05.4747364Z","69e38636513a020e58b71208c3dff66aa4e36c567f5f20116926ce34fee834e1","","69e38636513a020e58b71208c3dff66aa4e36c567f5f20116926ce34fee834e1","true"
"Docs/Security/Evidence/BatchB1_1_Closeout/Gate2_2A_1_PackagedNative/packaged-smoke-matrix.csv","??","127","2026-07-29T15:29:04.0840063Z","76fc87f0e4671da1cce3f0bce48d42d8d347eb626ddce60b53d185943a4169e7","","76fc87f0e4671da1cce3f0bce48d42d8d347eb626ddce60b53d185943a4169e7","true"
"Docs/Security/Evidence/BatchB1_1_Closeout/Gate2_2A_1_PackagedNative/packaged-smoke-output.txt","??","3821","2026-07-29T15:28:58.7089446Z","086720e82ee324af21bc2f93f7d7fed691f9a4904458544f63b7df1b4740ae15","","086720e82ee324af21bc2f93f7d7fed691f9a4904458544f63b7df1b4740ae15","true"
"Docs/Security/Evidence/BatchB1_1_Closeout/Gate2_2A_1_PackagedNative/remaining-risks.md","??","4295","2026-07-29T15:35:04.0079908Z","b33c03584f36c1a3210663f9e10a946f6bbf58717b8a92ab49827a0f09cd61aa","","b33c03584f36c1a3210663f9e10a946f6bbf58717b8a92ab49827a0f09cd61aa","true"
"Docs/Security/Evidence/BatchB1_1_Closeout/Gate2_2A_1_PackagedNative/tests-run.txt","??","331301","2026-07-29T15:33:54.5793897Z","3d0c5ea2c9be39fec14cde4b8d5411514de53438d60d637d63b4e419c8304017","","3d0c5ea2c9be39fec14cde4b8d5411514de53438d60d637d63b4e419c8304017","true"
"Docs/Security/Evidence/BatchB1_1_Closeout/Gate2_2A_1_PackagedNative/tests-summary.csv","??","663","2026-07-29T15:34:03.0372816Z","1e1eff79c198c8df24de3da1caf4002ed4a1994bcd069a57adc5ca20fc11451e","","1e1eff79c198c8df24de3da1caf4002ed4a1994bcd069a57adc5ca20fc11451e","true"
"Docs/Security/Evidence/BatchB1_1_Closeout/Gate2_2A_1_PackagedNative/verification-final.txt","??","7267","2026-07-29T15:46:07.0958151Z","2225b4758cca8c3b432de9cc982ef123f9728ab2c533bce8468899b351e6a213","","2225b4758cca8c3b432de9cc982ef123f9728ab2c533bce8468899b351e6a213","true"
"Docs/Security/Evidence/BatchB1_1_Closeout/Gate2_2A_2_Provenance/baseline-status.txt","??","32969","2026-07-29T15:42:46.2636083Z","e0e90f4aca1483a7c896548419d90857c1831da3ac8a74338cfd73995b7da1a2","","e0e90f4aca1483a7c896548419d90857c1831da3ac8a74338cfd73995b7da1a2","true"
"Docs/Security/Evidence/BatchB1_1_Closeout/Gate2_2A_2_Provenance/behavioral-binary-provenance.csv","??","3937","2026-07-29T15:44:17.8697584Z","e61c93d758d9aed18d3c1256171e2811013328a930546143f1580bbb89af2862","","e61c93d758d9aed18d3c1256171e2811013328a930546143f1580bbb89af2862","true"
"Docs/Security/Evidence/BatchB1_1_Closeout/Gate2_2A_2_Provenance/changed-files.txt","??","3652","2026-07-29T15:46:21.3771616Z","fbcf4b4b343a4ee89349c8a6adf3118dc768204a7190ef1fe8b8b7fbf95790aa","","fbcf4b4b343a4ee89349c8a6adf3118dc768204a7190ef1fe8b8b7fbf95790aa","true"
"Docs/Security/Evidence/BatchB1_1_Closeout/Gate2_2A_2_Provenance/evidence-corrections.md","??","8729","2026-07-29T15:45:12.4894572Z","2288a2df7edddd8a1d3fa6c976212c7546e988aeaef0d913292db0cd9ce8ad85","","2288a2df7edddd8a1d3fa6c976212c7546e988aeaef0d913292db0cd9ce8ad85","true"
"Docs/Security/Evidence/BatchB1_1_Closeout/Gate2_2A_2_Provenance/hash-comparison.csv","??","3344","2026-07-29T15:44:38.6459177Z","0dd02c83972fb2f8978092b4b5c319486889d497a7a671cda2d752940af073c7","","0dd02c83972fb2f8978092b4b5c319486889d497a7a671cda2d752940af073c7","true"
"Docs/Security/Evidence/BatchB1_1_Closeout/Gate2_2A_2_Provenance/native-binary-timeline.csv","??","4876","2026-07-29T15:43:52.5649762Z","467c564ff936a581c49dcd68716bf8ea7ce58d158af7b5d0a338545b7113533e","","467c564ff936a581c49dcd68716bf8ea7ce58d158af7b5d0a338545b7113533e","true"
"Docs/Security/Evidence/BatchB1_1_Closeout/Gate2_2A_2_Provenance/verification-final.txt","??","5829","2026-07-29T15:46:47.0209546Z","2a102af19a0ef5073ce7e1f3e3bdb10768247eefa93b88b57e890964a485030f","","2a102af19a0ef5073ce7e1f3e3bdb10768247eefa93b88b57e890964a485030f","true"
"Docs/Security/Evidence/BatchB1_1_Closeout/Gate2_2A_NativeWrite/baseline-branch.txt","??","7","2026-07-29T14:56:17.1830847Z","9b3162498c21d7f960877099174ecea13410bd21d12440b2ea8868117fc08ae0","","9b3162498c21d7f960877099174ecea13410bd21d12440b2ea8868117fc08ae0","true"
"Docs/Security/Evidence/BatchB1_1_Closeout/Gate2_2A_NativeWrite/baseline-diff-check.txt","??","4731","2026-07-29T14:56:17.4551614Z","92681ea66e13a3f2d51b4fb5128f68b6049a4d09a02819c6f13544e638fbb3f5","","92681ea66e13a3f2d51b4fb5128f68b6049a4d09a02819c6f13544e638fbb3f5","true"
"Docs/Security/Evidence/BatchB1_1_Closeout/Gate2_2A_NativeWrite/baseline-diff-name-only.txt","??","1472","2026-07-29T14:56:17.3831435Z","06bd1c8026d620857d9537181ad0ad98cd0e6767a64bd806aeba35604608bbee","","06bd1c8026d620857d9537181ad0ad98cd0e6767a64bd806aeba35604608bbee","true"
"Docs/Security/Evidence/BatchB1_1_Closeout/Gate2_2A_NativeWrite/baseline-diff-stat.txt","??","2989","2026-07-29T14:56:17.3256249Z","efd33e0cdd3617b409273de2f7197ed4f86bf333710d219b01699ffe7dc5d681","","efd33e0cdd3617b409273de2f7197ed4f86bf333710d219b01699ffe7dc5d681","true"
"Docs/Security/Evidence/BatchB1_1_Closeout/Gate2_2A_NativeWrite/baseline-status.txt","??","26517","2026-07-29T14:56:17.2551068Z","5a2d5cd2c89352fcaeb5d46ff2a06fd9d1659fbc79649a43db55dc3a81c7196b","","5a2d5cd2c89352fcaeb5d46ff2a06fd9d1659fbc79649a43db55dc3a81c7196b","true"
"Docs/Security/Evidence/BatchB1_1_Closeout/Gate2_2A_NativeWrite/baseline-toplevel.txt","??","26","2026-07-29T14:56:17.1380695Z","58179dd849c91f234dbbaa1ec06272a78c4faf9cad26d9d19cabc4512a03a6bc","","58179dd849c91f234dbbaa1ec06272a78c4faf9cad26d9d19cabc4512a03a6bc","true"
"Docs/Security/Evidence/BatchB1_1_Closeout/Gate2_2A_NativeWrite/changed-files.txt","??","280","2026-07-29T15:12:16.7372013Z","6a9ca806a57a01509c1af4d04b456ac481ce733f3ca35d8a39da1fe685d2c93f","","6a9ca806a57a01509c1af4d04b456ac481ce733f3ca35d8a39da1fe685d2c93f","true"
"Docs/Security/Evidence/BatchB1_1_Closeout/Gate2_2A_NativeWrite/control-provenance.csv","??","3173","2026-07-29T15:12:10.7573592Z","0af9c1472aee72e0337e64caf505309abc560290605b989fc2c425c323083e09","","0af9c1472aee72e0337e64caf505309abc560290605b989fc2c425c323083e09","true"
"Docs/Security/Evidence/BatchB1_1_Closeout/Gate2_2A_NativeWrite/failure-classification.csv","??","871","2026-07-29T15:11:55.5634537Z","679b6c28832f8a801463dcaf1172c0932bb4475209fbdfb7e2c646bf82a58d8a","","679b6c28832f8a801463dcaf1172c0932bb4475209fbdfb7e2c646bf82a58d8a","true"
"Docs/Security/Evidence/BatchB1_1_Closeout/Gate2_2A_NativeWrite/final-git-diff-stat.txt","??","3228","2026-07-29T15:10:06.2708919Z","5dc8bb221eeffd898a55789eb744bbdfe00b4a7ff8d6a6c753e9e054e16219f2","","5dc8bb221eeffd898a55789eb744bbdfe00b4a7ff8d6a6c753e9e054e16219f2","true"
"Docs/Security/Evidence/BatchB1_1_Closeout/Gate2_2A_NativeWrite/final-git-status.txt","??","28422","2026-07-29T15:10:06.1848624Z","3aba38ed91d872c30b7264df587e1624c50d3ea468006383d6ac1c02ca1717c1","","3aba38ed91d872c30b7264df587e1624c50d3ea468006383d6ac1c02ca1717c1","true"
"Docs/Security/Evidence/BatchB1_1_Closeout/Gate2_2A_NativeWrite/native-access-rights-model.md","??","2449","2026-07-29T15:10:41.3225984Z","202f32ad23714955868fd6ce1adc4b961fd79858d30b24facf5bd81261fed7de","","202f32ad23714955868fd6ce1adc4b961fd79858d30b24facf5bd81261fed7de","true"
"Docs/Security/Evidence/BatchB1_1_Closeout/Gate2_2A_NativeWrite/native-binary-hashes.csv","??","85","2026-07-29T15:03:18.6705274Z","17fdc6e5570052e58cf20e08467479920f27e9a0a796699e12f03ed85c8bb33b","","17fdc6e5570052e58cf20e08467479920f27e9a0a796699e12f03ed85c8bb33b","true"
"Docs/Security/Evidence/BatchB1_1_Closeout/Gate2_2A_NativeWrite/native-build-info.txt","??","114","2026-07-29T15:03:18.8430820Z","726b1702221a508fb39bb835bea1334f3b9611b366bf4a1f1c06a685ae7e3007","","726b1702221a508fb39bb835bea1334f3b9611b366bf4a1f1c06a685ae7e3007","true"
"Docs/Security/Evidence/BatchB1_1_Closeout/Gate2_2A_NativeWrite/native-build-output.txt","??","4523","2026-07-29T15:03:11.3394590Z","3262dbc4f04644627d6fc9b5d967f4fc0e0628d6126ea16c0cfefab5e2d57b59","","3262dbc4f04644627d6fc9b5d967f4fc0e0628d6126ea16c0cfefab5e2d57b59","true"
"Docs/Security/Evidence/BatchB1_1_Closeout/Gate2_2A_NativeWrite/native-error-propagation.md","??","3183","2026-07-29T15:10:58.9446207Z","d6a0e6c66a99ef9dd54816583cb5c4e9ca4a6c434d4c7f222fbea1531ad18a96","","d6a0e6c66a99ef9dd54816583cb5c4e9ca4a6c434d4c7f222fbea1531ad18a96","true"
"Docs/Security/Evidence/BatchB1_1_Closeout/Gate2_2A_NativeWrite/native-write-root-cause.md","??","2381","2026-07-29T15:10:27.5661523Z","e9cda8676fa1ebd15112e54fff6e79adb6f02a5d646b9091ea981d7bae85662d","","e9cda8676fa1ebd15112e54fff6e79adb6f02a5d646b9091ea981d7bae85662d","true"
"Docs/Security/Evidence/BatchB1_1_Closeout/Gate2_2A_NativeWrite/real-process-failure-matrix.csv","??","2459","2026-07-29T15:11:22.7686724Z","6b060c9fd041711d49468c6877c862bcfaf29c60ee69f723051172b7392da289","","6b060c9fd041711d49468c6877c862bcfaf29c60ee69f723051172b7392da289","true"
"Docs/Security/Evidence/BatchB1_1_Closeout/Gate2_2A_NativeWrite/real-process-freeze-matrix.csv","??","1459","2026-07-29T15:11:31.7812998Z","a08a7ebbe9f60af06c225a016eb9708c86446dcb853c61daa59c31940dcb7d97","","a08a7ebbe9f60af06c225a016eb9708c86446dcb853c61daa59c31940dcb7d97","true"
"Docs/Security/Evidence/BatchB1_1_Closeout/Gate2_2A_NativeWrite/real-process-full-verification-final.txt","??","2541","2026-07-29T15:08:25.2134663Z","f973c8c922ed7a056ef131784656a1bb8f5594db5430cd4a92e8176dfeac0bef","","f973c8c922ed7a056ef131784656a1bb8f5594db5430cd4a92e8176dfeac0bef","true"
"Docs/Security/Evidence/BatchB1_1_Closeout/Gate2_2A_NativeWrite/real-process-full-verification-run1.txt","??","880","2026-07-29T15:06:00.7016461Z","f99502e68e6b18221317e46f1dcef0051f080fa0003fb4d4eea4c6592d960907","","f99502e68e6b18221317e46f1dcef0051f080fa0003fb4d4eea4c6592d960907","true"
"Docs/Security/Evidence/BatchB1_1_Closeout/Gate2_2A_NativeWrite/real-process-full-verification-run2.txt","??","2541","2026-07-29T15:07:05.2198155Z","eb8dff653d2891dba2623143c8f264cfc434f2942b338c5378d6b37d1263c62c","","eb8dff653d2891dba2623143c8f264cfc434f2942b338c5378d6b37d1263c62c","true"
"Docs/Security/Evidence/BatchB1_1_Closeout/Gate2_2A_NativeWrite/real-process-full-verification-run3.txt","??","445","2026-07-29T15:07:48.9238810Z","a923b6ebd6de1989d3c9d92fcc1c9324f6875dea2f31f726b47ce0b4b9bf05e3","","a923b6ebd6de1989d3c9d92fcc1c9324f6875dea2f31f726b47ce0b4b9bf05e3","true"
"Docs/Security/Evidence/BatchB1_1_Closeout/Gate2_2A_NativeWrite/real-process-rollback-matrix.csv","??","2249","2026-07-29T15:11:42.5725840Z","2d80f3a14d5664e1d283958f4b4afc89f4cecba13a8554282f71b389f0e6bc50","","2d80f3a14d5664e1d283958f4b4afc89f4cecba13a8554282f71b389f0e6bc50","true"
"Docs/Security/Evidence/BatchB1_1_Closeout/Gate2_2A_NativeWrite/real-process-write-matrix.csv","??","1532","2026-07-29T15:11:08.5058090Z","886827635890e0cbac93b695bc383a4d0aa505584a47fe82e7a896dcbdf2a846","","886827635890e0cbac93b695bc383a4d0aa505584a47fe82e7a896dcbdf2a846","true"
"Docs/Security/Evidence/BatchB1_1_Closeout/Gate2_2A_NativeWrite/real-process-write-rerun.txt","??","454","2026-07-29T15:03:26.3876208Z","927c8eb96a8df15e457bad4d3edeb4759bde13af9a90e12939489c99e1470a52","","927c8eb96a8df15e457bad4d3edeb4759bde13af9a90e12939489c99e1470a52","true"
"Docs/Security/Evidence/BatchB1_1_Closeout/Gate2_2A_NativeWrite/remaining-risks.md","??","5257","2026-07-29T15:12:40.6418735Z","3a4031e005bc18c70fc805b811e57ce7a6062cb7dbc03ee0fd41f50900273057","","3a4031e005bc18c70fc805b811e57ce7a6062cb7dbc03ee0fd41f50900273057","true"
"Docs/Security/Evidence/BatchB1_1_Closeout/Gate2_2A_NativeWrite/tests-run-git-diff-check.txt","??","4731","2026-07-29T15:10:06.0613259Z","92681ea66e13a3f2d51b4fb5128f68b6049a4d09a02819c6f13544e638fbb3f5","","92681ea66e13a3f2d51b4fb5128f68b6049a4d09a02819c6f13544e638fbb3f5","true"
"Docs/Security/Evidence/BatchB1_1_Closeout/Gate2_2A_NativeWrite/tests-run-npm-test-live-memory.txt","??","61216","2026-07-29T15:09:40.3868742Z","48df3043449678595298233c214d4ce70bfd1fa65cfabe9b1f3f9a6688ba42a7","","48df3043449678595298233c214d4ce70bfd1fa65cfabe9b1f3f9a6688ba42a7","true"
"Docs/Security/Evidence/BatchB1_1_Closeout/Gate2_2A_NativeWrite/tests-run-npm-test.txt","??","252243","2026-07-29T15:09:23.7140622Z","af541c481aedcca3a54912f8c7d3048c66bc1a15cd2b197c71708cc98be44836","","af541c481aedcca3a54912f8c7d3048c66bc1a15cd2b197c71708cc98be44836","true"
"Docs/Security/Evidence/BatchB1_1_Closeout/Gate2_2A_NativeWrite/tests-run-tsc-electron.txt","??","13187","2026-07-29T15:09:54.1869705Z","ba6f90a03a832939a5e7d538a188c8498ee73d0854ef6a0caf5447c30dde0f27","","ba6f90a03a832939a5e7d538a188c8498ee73d0854ef6a0caf5447c30dde0f27","true"
"Docs/Security/Evidence/BatchB1_1_Closeout/Gate2_2A_NativeWrite/tests-run-tsc-main.txt","??","7","2026-07-29T15:09:51.9949555Z","4bef30cdfc89fa687fcb49b5e4c26c6c375903005d1ff63fe05b9d4b7265b8b4","","4bef30cdfc89fa687fcb49b5e4c26c6c375903005d1ff63fe05b9d4b7265b8b4","true"
"Docs/Security/Evidence/BatchB1_1_Closeout/Gate2_2A_NativeWrite/tests-summary.csv","??","556","2026-07-29T15:11:48.9418219Z","a2c7a25ba2d210c6d5e310fee0bf3264fccd4a59cdeafe87c3bdc22c36b05040","","a2c7a25ba2d210c6d5e310fee0bf3264fccd4a59cdeafe87c3bdc22c36b05040","true"
"Docs/Security/Evidence/BatchB1_1_Closeout/Gate2_2A_NativeWrite/verification-final.txt","??","4713","2026-07-29T15:13:03.4637059Z","4d0592ffdfa15435a4cdd96f6c7739529b905869f695e08ca39b09239a906a24","","4d0592ffdfa15435a4cdd96f6c7739529b905869f695e08ca39b09239a906a24","true"
"Docs/Security/Evidence/BatchB1_1_Closeout/Gate2_2A_NativeWrite/verify-write-freeze-rollback.mts","??","13901","2026-07-29T15:07:55.1544495Z","d1a69ad0e8ee553c151b84f8584615ce037ebc550816f23643e4a946ebdc540b","","d1a69ad0e8ee553c151b84f8584615ce037ebc550816f23643e4a946ebdc540b","true"
"Docs/Security/Evidence/BatchB1_1_Closeout/Gate2_3/baseline-diff-check.txt","??","4724","2026-07-29T16:37:19.2347687Z","b13fe47be29590e39f1a12a76b8c424c88641278831879d9c77f95cab302c7ce","","b13fe47be29590e39f1a12a76b8c424c88641278831879d9c77f95cab302c7ce","true"
"Docs/Security/Evidence/BatchB1_1_Closeout/Gate2_3/baseline-diff-name-status.txt","??","1752","2026-07-29T16:37:19.1027131Z","d99a701c770bff3f05300ba75b7d382f3ecc397ad27446412053133a4c535796","","d99a701c770bff3f05300ba75b7d382f3ecc397ad27446412053133a4c535796","true"
"Docs/Security/Evidence/BatchB1_1_Closeout/Gate2_3/baseline-diff-stat.txt","??","3232","2026-07-29T16:37:19.0396924Z","cb5ae2641dc775b19f8aa366225fe625350d3af7ff1f016dba1c5991521d2ccb","","cb5ae2641dc775b19f8aa366225fe625350d3af7ff1f016dba1c5991521d2ccb","true"
"Docs/Security/Evidence/BatchB1_1_Closeout/Gate2_3/baseline-staged-name-status.txt","??","0","2026-07-29T16:37:19.1257255Z","e3b0c44298fc1c149afbf4c8996fb92427ae41e4649b934ca495991b7852b855","","e3b0c44298fc1c149afbf4c8996fb92427ae41e4649b934ca495991b7852b855","true"
"Docs/Security/Evidence/BatchB1_1_Closeout/Gate2_3/baseline-status.txt","??","36643","2026-07-29T16:37:18.9616523Z","e5491ee1f81a5f7337fc01011e206e5500b7f4e1fdf45a9f4894dbf4578d95e2","","e5491ee1f81a5f7337fc01011e206e5500b7f4e1fdf45a9f4894dbf4578d95e2","true"
"Docs/Security/Evidence/BatchB1_1_Closeout/Gate2_3/changed-files-gate2-3-only.txt","??","1701","2026-07-29T16:52:34.6695775Z","01e54959a09444d759f530def20f68c2c2460d30a9aac70ab134b341d25509c2","","01e54959a09444d759f530def20f68c2c2460d30a9aac70ab134b341d25509c2","true"
"Docs/Security/Evidence/BatchB1_1_Closeout/Gate2_3/changed-files.txt","??","5835","2026-07-29T16:52:21.0974170Z","697148e8f796a027f1f55a4e03f959051c3d8f8e73013a5dfe0358ed44092beb","","697148e8f796a027f1f55a4e03f959051c3d8f8e73013a5dfe0358ed44092beb","true"
"Docs/Security/Evidence/BatchB1_1_Closeout/Gate2_3/consent-security-matrix.csv","??","2060","2026-07-29T16:51:24.1405928Z","9ac29eadbc0b4efb6b8ad3beb4ccb68a28b65f2020ecfbd61458cf18a5e4653e","","9ac29eadbc0b4efb6b8ad3beb4ccb68a28b65f2020ecfbd61458cf18a5e4653e","true"
"Docs/Security/Evidence/BatchB1_1_Closeout/Gate2_3/control-provenance.csv","??","4059","2026-07-29T16:53:14.4198568Z","61d2354ec90e0327af9570ff36b9a2eefd57e2dd04d5d2057908157409fca33b","","61d2354ec90e0327af9570ff36b9a2eefd57e2dd04d5d2057908157409fca33b","true"
"Docs/Security/Evidence/BatchB1_1_Closeout/Gate2_3/current-freeze-flow.md","??","3473","2026-07-29T16:50:05.7158001Z","58656cdd10d169b2b264a14de644015f727c82bf120d7be64e8b7b5a5a01f9fb","","58656cdd10d169b2b264a14de644015f727c82bf120d7be64e8b7b5a5a01f9fb","true"
"Docs/Security/Evidence/BatchB1_1_Closeout/Gate2_3/failure-classification.csv","??","2165","2026-07-29T16:52:52.5550932Z","94affb383bcb22c18784b6cfe8ce51c06fd8241c3400233c1de0033481c20b1a","","94affb383bcb22c18784b6cfe8ce51c06fd8241c3400233c1de0033481c20b1a","true"
"Docs/Security/Evidence/BatchB1_1_Closeout/Gate2_3/freeze-api-compatibility.md","??","1846","2026-07-29T16:50:24.0993829Z","25afee0eee89c23e469e7171edd405d861a559f83ad61487b1c7ca01572ee61a","","25afee0eee89c23e469e7171edd405d861a559f83ad61487b1c7ca01572ee61a","true"
"Docs/Security/Evidence/BatchB1_1_Closeout/Gate2_3/freeze-flow-gap-matrix.csv","??","2208","2026-07-29T16:50:14.1743433Z","485e8fca5ea3af03a9651bde51624b04f96d60dc8fcc216518abe91a00689871","","485e8fca5ea3af03a9651bde51624b04f96d60dc8fcc216518abe91a00689871","true"
"Docs/Security/Evidence/BatchB1_1_Closeout/Gate2_3/gate23-diff-check.txt","??","4724","2026-07-29T16:42:52.5096382Z","b13fe47be29590e39f1a12a76b8c424c88641278831879d9c77f95cab302c7ce","","b13fe47be29590e39f1a12a76b8c424c88641278831879d9c77f95cab302c7ce","true"
"Docs/Security/Evidence/BatchB1_1_Closeout/Gate2_3/lifecycle-revocation-matrix.csv","??","1718","2026-07-29T16:51:38.4257208Z","3f2509d6b410e0889e035b05396e61524826fa2e7817656ab4c8ea12ffb04fcc","","3f2509d6b410e0889e035b05396e61524826fa2e7817656ab4c8ea12ffb04fcc","true"
"Docs/Security/Evidence/BatchB1_1_Closeout/Gate2_3/node22-abi-restore.txt","??","4479","2026-07-29T16:48:57.2219021Z","83e0ad154760f5c137e5b69aeff8d6b07452988a6433cd923767c2c06ba9ab1b","","83e0ad154760f5c137e5b69aeff8d6b07452988a6433cd923767c2c06ba9ab1b","true"
"Docs/Security/Evidence/BatchB1_1_Closeout/Gate2_3/normal-build-freeze-api-security-matrix.csv","??","2687","2026-07-29T16:52:14.2962556Z","69f07ddacf7a61377fe0ce3526773524811c2b81079ba986a96ea7d18d6e7144","","69f07ddacf7a61377fe0ce3526773524811c2b81079ba986a96ea7d18d6e7144","true"
"Docs/Security/Evidence/BatchB1_1_Closeout/Gate2_3/npm-test-final.txt","??","252224","2026-07-29T16:49:39.0682280Z","ecf83a32f15e9c0403b4989a50b0f7054dd4557cba6610a56c5cde61cf0e7848","","ecf83a32f15e9c0403b4989a50b0f7054dd4557cba6610a56c5cde61cf0e7848","true"
"Docs/Security/Evidence/BatchB1_1_Closeout/Gate2_3/npm-test-live-memory-final.txt","??","61195","2026-07-29T16:49:41.8891490Z","815a375c37fcae0fee1837e0e9b8f7a533360e1b6e59de3ff603b55b47f43505","","815a375c37fcae0fee1837e0e9b8f7a533360e1b6e59de3ff603b55b47f43505","true"
"Docs/Security/Evidence/BatchB1_1_Closeout/Gate2_3/npm-test-live-memory-output.txt","??","61206","2026-07-29T16:42:46.9403116Z","63c2f174590116d7fca043f767127e2aa99632e3cb04097638ed2704984ef7e0","","63c2f174590116d7fca043f767127e2aa99632e3cb04097638ed2704984ef7e0","true"
"Docs/Security/Evidence/BatchB1_1_Closeout/Gate2_3/npm-test-output.txt","??","252234","2026-07-29T16:42:32.9446020Z","43f238b5dcfec4d722fdbe9de5529356aaf37884cdb377bf16bfe34b563ffbdf","","43f238b5dcfec4d722fdbe9de5529356aaf37884cdb377bf16bfe34b563ffbdf","true"
"Docs/Security/Evidence/BatchB1_1_Closeout/Gate2_3/packaged-build-output.txt","??","9121","2026-07-29T16:43:27.7630190Z","6d6e715fce05eaa1112e00c12b0ef23e7dff3d239fc9dd034c6424ef9ee23b25","","6d6e715fce05eaa1112e00c12b0ef23e7dff3d239fc9dd034c6424ef9ee23b25","true"
"Docs/Security/Evidence/BatchB1_1_Closeout/Gate2_3/packaged-production-flow-lifecycle-matrix.csv","??","2899","2026-07-29T16:52:05.7990305Z","11a7b711e59215911cc0c1b17cfd3216ca2bbe823ef80d1fb4850443aba9a497","","11a7b711e59215911cc0c1b17cfd3216ca2bbe823ef80d1fb4850443aba9a497","true"
"Docs/Security/Evidence/BatchB1_1_Closeout/Gate2_3/packaged-real-flow-run.txt","??","1847","2026-07-29T16:46:56.0858566Z","fed1b3f6483ebf115da8e337f8693f5ca94f4a2bdad178df07cc3d5914b94afa","","fed1b3f6483ebf115da8e337f8693f5ca94f4a2bdad178df07cc3d5914b94afa","true"
"Docs/Security/Evidence/BatchB1_1_Closeout/Gate2_3/packaged-real-freeze-authorization-matrix.csv","??","2777","2026-07-29T16:51:54.1609553Z","04cc8a1ed328514ab57614f241b633c7fc10dc63e0442da9c00134f34b9e0f66","","04cc8a1ed328514ab57614f241b633c7fc10dc63e0442da9c00134f34b9e0f66","true"
"Docs/Security/Evidence/BatchB1_1_Closeout/Gate2_3/packaged-security-matrix-run.txt","??","566","2026-07-29T16:48:33.7538492Z","a1cfec4d6b0f61cfe1d6fb2d49b25c1610e7440dccc6c183d08288ab7ec45009","","a1cfec4d6b0f61cfe1d6fb2d49b25c1610e7440dccc6c183d08288ab7ec45009","true"
"Docs/Security/Evidence/BatchB1_1_Closeout/Gate2_3/packaged-smoke-output.txt","??","3816","2026-07-29T16:43:42.4589197Z","539bffdde282ed7dfecac8d4bb3cec98c42a8af71f452d9d2a73a689c74a7864","","539bffdde282ed7dfecac8d4bb3cec98c42a8af71f452d9d2a73a689c74a7864","true"
"Docs/Security/Evidence/BatchB1_1_Closeout/Gate2_3/preload-contract-matrix.csv","??","1611","2026-07-29T16:50:57.5573298Z","8e946840f14d3e719d3242931c4f6cd2774e8a78428a5c213635d74e34651d23","","8e946840f14d3e719d3242931c4f6cd2774e8a78428a5c213635d74e34651d23","true"
"Docs/Security/Evidence/BatchB1_1_Closeout/Gate2_3/production-freeze-protocol.md","??","3486","2026-07-29T16:50:48.7311360Z","6f6b9d9fb942e56f9d48eca4f939bab9d3b6a0b25bd2da6befc8b37d42ec2c74","","6f6b9d9fb942e56f9d48eca4f939bab9d3b6a0b25bd2da6befc8b37d42ec2c74","true"
"Docs/Security/Evidence/BatchB1_1_Closeout/Gate2_3/proposal-security-matrix.csv","??","2595","2026-07-29T16:51:16.5056786Z","10192439b2980d084428e21d2d26fd8dd7fe284486839bfc89e18ac0c893a077","","10192439b2980d084428e21d2d26fd8dd7fe284486839bfc89e18ac0c893a077","true"
"Docs/Security/Evidence/BatchB1_1_Closeout/Gate2_3/remaining-risks.md","??","4580","2026-07-29T16:53:30.2429458Z","9d24dae3059164f4455da0251723fcdba76ec431bc88a0f867835005b2784469","","9d24dae3059164f4455da0251723fcdba76ec431bc88a0f867835005b2784469","true"
"Docs/Security/Evidence/BatchB1_1_Closeout/Gate2_3/renderer-flow-matrix.csv","??","1869","2026-07-29T16:51:05.9262026Z","af3acef26adb7cf71b4413306366bd9f6b88dcd24a4587402d0d1495d24abc45","","af3acef26adb7cf71b4413306366bd9f6b88dcd24a4587402d0d1495d24abc45","true"
"Docs/Security/Evidence/BatchB1_1_Closeout/Gate2_3/sender-boundary-matrix.csv","??","1828","2026-07-29T16:51:31.8291918Z","c298a6b0e8d16f0cdcc6e132eb216b6d71917c0608ea15eac819558dd389e9c7","","c298a6b0e8d16f0cdcc6e132eb216b6d71917c0608ea15eac819558dd389e9c7","true"
"Docs/Security/Evidence/BatchB1_1_Closeout/Gate2_3/test-hook-disposition.md","??","2409","2026-07-29T16:50:35.0095455Z","61dcef3cefe33e49441476ce4a761fb73daef14260a630ea0d597680af53fea8","","61dcef3cefe33e49441476ce4a761fb73daef14260a630ea0d597680af53fea8","true"
"Docs/Security/Evidence/BatchB1_1_Closeout/Gate2_3/tests-run.txt","??","1225","2026-07-29T16:52:40.5339546Z","e071306672da5f660e81cbacd7ea96afc020f7ff438e02bb2d502da03a1455f8","","e071306672da5f660e81cbacd7ea96afc020f7ff438e02bb2d502da03a1455f8","true"
"Docs/Security/Evidence/BatchB1_1_Closeout/Gate2_3/tests-summary.csv","??","723","2026-07-29T16:52:43.8523196Z","e8afb47986439b03cf211dc8033ffea9fa12f3ae3b975c4e6bb9571244e583ca","","e8afb47986439b03cf211dc8033ffea9fa12f3ae3b975c4e6bb9571244e583ca","true"
"Docs/Security/Evidence/BatchB1_1_Closeout/Gate2_3/tsc-electron-check.txt","??","13180","2026-07-29T16:41:38.5241455Z","bf8b792bfdf9dd5fd50f7a540b9e271fc5f34e15139322c622033eb19b7f27de","","bf8b792bfdf9dd5fd50f7a540b9e271fc5f34e15139322c622033eb19b7f27de","true"
"Docs/Security/Evidence/BatchB1_1_Closeout/Gate2_3/tsc-main-check.txt","??","0","2026-07-29T16:41:29.8591410Z","e3b0c44298fc1c149afbf4c8996fb92427ae41e4649b934ca495991b7852b855","","e3b0c44298fc1c149afbf4c8996fb92427ae41e4649b934ca495991b7852b855","true"
"Docs/Security/Evidence/BatchB1_1_Closeout/Gate2_3/verification-final.txt","??","7140","2026-07-29T16:53:59.4317524Z","dac47e6b99457ac20d3fd8e681d51daccc229e27a0cdf5b695d5e298e017b540","","dac47e6b99457ac20d3fd8e681d51daccc229e27a0cdf5b695d5e298e017b540","true"
"Docs/Security/Evidence/BatchB1_1_Closeout/Gate2_4/baseline-diff-check.txt","??","159","2026-07-29T17:07:36.8312214Z","66060549e2e277869da96302b985a299e37c76366a29bd3c81a30ff6a38efafe","","66060549e2e277869da96302b985a299e37c76366a29bd3c81a30ff6a38efafe","true"
"Docs/Security/Evidence/BatchB1_1_Closeout/Gate2_4/baseline-diff-name-status.txt","??","1833","2026-07-29T17:07:36.6901562Z","a751fc834b0f7395c07b22b1f57b4da342d0d1d8af4ba3d86cc504c4f039cc32","","a751fc834b0f7395c07b22b1f57b4da342d0d1d8af4ba3d86cc504c4f039cc32","true"
"Docs/Security/Evidence/BatchB1_1_Closeout/Gate2_4/baseline-diff-stat.txt","??","3347","2026-07-29T17:07:36.6251245Z","eda116e304f41789591e2c640a27e2f54fc17a0ca06a183adb711bf9a0846d2e","","eda116e304f41789591e2c640a27e2f54fc17a0ca06a183adb711bf9a0846d2e","true"
"Docs/Security/Evidence/BatchB1_1_Closeout/Gate2_4/baseline-file-manifest.csv","??","1207","2026-07-29T17:28:42.8491216Z","3f3461d272e740dc6d9a65bfd341110902c4958034e28583f8447312f76668d9","","3f3461d272e740dc6d9a65bfd341110902c4958034e28583f8447312f76668d9","true"
"Docs/Security/Evidence/BatchB1_1_Closeout/Gate2_4/baseline-staged-name-status.txt","??","0","2026-07-29T17:07:36.7151608Z","e3b0c44298fc1c149afbf4c8996fb92427ae41e4649b934ca495991b7852b855","","e3b0c44298fc1c149afbf4c8996fb92427ae41e4649b934ca495991b7852b855","true"
"Docs/Security/Evidence/BatchB1_1_Closeout/Gate2_4/baseline-status.txt","??","39893","2026-07-29T17:07:36.5410983Z","4e7b51151026e639c4c26ad1dc95211df8c0b62a86d401fbf30f65f2dc972e42","","4e7b51151026e639c4c26ad1dc95211df8c0b62a86d401fbf30f65f2dc972e42","true"
"Docs/Security/Evidence/BatchB1_1_Closeout/Gate2_4/canonical-url-boundary-matrix.csv","??","4967","2026-07-29T17:23:54.1615696Z","9fb0fa5d25ca8849f4f5788d82f5fc34870d9225b1b228ac97b13b6fb96d4d40","","9fb0fa5d25ca8849f4f5788d82f5fc34870d9225b1b228ac97b13b6fb96d4d40","true"
"Docs/Security/Evidence/BatchB1_1_Closeout/Gate2_4/changed-files.txt","??","1790","2026-07-29T17:28:06.1064775Z","f9e595f8491b837688f619d1d381589664c5ca70aeef474c302c68a9cc2d68db","","f9e595f8491b837688f619d1d381589664c5ca70aeef474c302c68a9cc2d68db","true"
"Docs/Security/Evidence/BatchB1_1_Closeout/Gate2_4/control-provenance.csv","??","3111","2026-07-29T17:27:57.5799480Z","0f2639190436426d3d35887153193d7e3c1db34f24fe26f38cc8529dd15308fd","","0f2639190436426d3d35887153193d7e3c1db34f24fe26f38cc8529dd15308fd","true"
"Docs/Security/Evidence/BatchB1_1_Closeout/Gate2_4/failure-classification.csv","??","2922","2026-07-29T17:27:42.1833884Z","10f37edb630062026c6244665b8833d79e8c25f1dc990682fd7a933d2f91b72b","","10f37edb630062026c6244665b8833d79e8c25f1dc990682fd7a933d2f91b72b","true"
"Docs/Security/Evidence/BatchB1_1_Closeout/Gate2_4/gate2_3-independent-verification-matrix.csv","??","997","2026-07-29T17:22:42.1979070Z","a3b6a8df25e4123c48bb5332c9dae80d34dcdb7e60b6ea3eb5aa10c76fa996e4","","a3b6a8df25e4123c48bb5332c9dae80d34dcdb7e60b6ea3eb5aa10c76fa996e4","true"
"Docs/Security/Evidence/BatchB1_1_Closeout/Gate2_4/gate24-diff-check.txt","??","4724","2026-07-29T17:22:32.1572313Z","b13fe47be29590e39f1a12a76b8c424c88641278831879d9c77f95cab302c7ce","","b13fe47be29590e39f1a12a76b8c424c88641278831879d9c77f95cab302c7ce","true"
"Docs/Security/Evidence/BatchB1_1_Closeout/Gate2_4/gate24-status-final.txt","??","40721","2026-07-29T17:22:32.2347728Z","081d8e627865316982a5d9134a2033d97a4ad4c93f1d7e37e432439be2f57de1","","081d8e627865316982a5d9134a2033d97a4ad4c93f1d7e37e432439be2f57de1","true"
"Docs/Security/Evidence/BatchB1_1_Closeout/Gate2_4/normal-build-test-hook-final-matrix.csv","??","2924","2026-07-29T17:26:27.3930487Z","d60685083eb02f8ccf6976dd4b8629b25091fd6405a7712fab342a6d56906b1a","","d60685083eb02f8ccf6976dd4b8629b25091fd6405a7712fab342a6d56906b1a","true"
"Docs/Security/Evidence/BatchB1_1_Closeout/Gate2_4/npm-test-live-memory-output.txt","??","61211","2026-07-29T17:22:29.4328254Z","f03d6513192cfa3e43db11900cdbb83880bd61d6652cf4805597bd8d850f65ce","","f03d6513192cfa3e43db11900cdbb83880bd61d6652cf4805597bd8d850f65ce","true"
"Docs/Security/Evidence/BatchB1_1_Closeout/Gate2_4/npm-test-output.txt","??","252231","2026-07-29T17:22:29.3933149Z","da086e122a7821c628afa54e1e73ae8e30ecd1acc5052b958c18f2e5b99bc949","","da086e122a7821c628afa54e1e73ae8e30ecd1acc5052b958c18f2e5b99bc949","true"
"Docs/Security/Evidence/BatchB1_1_Closeout/Gate2_4/packaged-audit-review.txt","??","450","2026-07-29T17:27:18.6226262Z","df9157aaed6148eac8ed18bc1b1dca590f2120493e4e59cfb06f633057dd47d3","","df9157aaed6148eac8ed18bc1b1dca590f2120493e4e59cfb06f633057dd47d3","true"
"Docs/Security/Evidence/BatchB1_1_Closeout/Gate2_4/packaged-build-info.txt","??","500","2026-07-29T17:27:04.1082024Z","5a1f35b85cc95b0af3134cc461c56399168a5527605ffcd98de0ffbeef78df62","","5a1f35b85cc95b0af3134cc461c56399168a5527605ffcd98de0ffbeef78df62","true"
"Docs/Security/Evidence/BatchB1_1_Closeout/Gate2_4/packaged-devtools-boundary-matrix.csv","??","1171","2026-07-29T17:24:35.1744850Z","6b784a81113673f3e3e5792aa66b7e862893e9db09b0bff51cca1cc33be1a188","","6b784a81113673f3e3e5792aa66b7e862893e9db09b0bff51cca1cc33be1a188","true"
"Docs/Security/Evidence/BatchB1_1_Closeout/Gate2_4/packaged-environment.txt","??","68","2026-07-29T17:27:18.5445848Z","b29b81d07dc31cf4e382388b1ed114288c532b85e916ab866765889b9f795c6c","","b29b81d07dc31cf4e382388b1ed114288c532b85e916ab866765889b9f795c6c","true"
"Docs/Security/Evidence/BatchB1_1_Closeout/Gate2_4/packaged-final-regression-matrix.csv","??","3898","2026-07-29T17:26:56.0183868Z","133d58481ac8d89919fd3184c823693b25047714725c381891ae1d3fb94be829","","133d58481ac8d89919fd3184c823693b25047714725c381891ae1d3fb94be829","true"
"Docs/Security/Evidence/BatchB1_1_Closeout/Gate2_4/packaged-frame-boundary-matrix.csv","??","2654","2026-07-29T17:24:26.9287347Z","26fae0d90b57cb778a41123c4ea3a696e4bef45ee765b47b163e8162fcf4e2ed","","26fae0d90b57cb778a41123c4ea3a696e4bef45ee765b47b163e8162fcf4e2ed","true"
"Docs/Security/Evidence/BatchB1_1_Closeout/Gate2_4/packaged-navigation-boundary-matrix.csv","??","3651","2026-07-29T17:24:11.7418691Z","a196ec2ba4c5a810025a3ac439649ba7cc8b974f8c269bdda6021a2a41860003","","a196ec2ba4c5a810025a3ac439649ba7cc8b974f8c269bdda6021a2a41860003","true"
"Docs/Security/Evidence/BatchB1_1_Closeout/Gate2_4/packaged-overlay-permission-matrix.csv","??","2894","2026-07-29T17:23:32.1616847Z","f93f317ebd7af2f9088a19a60b390ea09147ba8961dcf0f185cee5bc855f4ccc","","f93f317ebd7af2f9088a19a60b390ea09147ba8961dcf0f185cee5bc855f4ccc","true"
"Docs/Security/Evidence/BatchB1_1_Closeout/Gate2_4/packaged-owner-isolation-matrix.csv","??","3245","2026-07-29T17:23:08.6491551Z","1acb712b8346af5ae4fe908259f17f85a3a6d5ecc00d000894558d4a127bd7cb","","1acb712b8346af5ae4fe908259f17f85a3a6d5ecc00d000894558d4a127bd7cb","true"
"Docs/Security/Evidence/BatchB1_1_Closeout/Gate2_4/packaged-real-flow-renderer-crash-matrix.csv","??","2378","2026-07-29T17:22:54.0252411Z","d77b1e126fa2bbd7c86e677efecd8107c8a815d1a989895fe94161062ae19b7b","","d77b1e126fa2bbd7c86e677efecd8107c8a815d1a989895fe94161062ae19b7b","true"
"Docs/Security/Evidence/BatchB1_1_Closeout/Gate2_4/packaged-window-recreation-matrix.csv","??","1302","2026-07-29T17:23:17.5976725Z","557a16b0d8cbdbc456d01c93755506dbc9d83f5335d256fb858c1fcee76631a5","","557a16b0d8cbdbc456d01c93755506dbc9d83f5335d256fb858c1fcee76631a5","true"
"Docs/Security/Evidence/BatchB1_1_Closeout/Gate2_4/remaining-risks.md","??","5480","2026-07-29T17:28:33.6621798Z","6c6ec94028983bd35715f0794705df4f091e3cd2b9228ed23cbb8aa53dc287f2","","6c6ec94028983bd35715f0794705df4f091e3cd2b9228ed23cbb8aa53dc287f2","true"
"Docs/Security/Evidence/BatchB1_1_Closeout/Gate2_4/test-hook-inventory.csv","??","2427","2026-07-29T17:24:55.7022240Z","a43a600298fedaa829aa9e13b903f006bc06ba61892568e3eedb5fc1e8fd3435","","a43a600298fedaa829aa9e13b903f006bc06ba61892568e3eedb5fc1e8fd3435","true"
"Docs/Security/Evidence/BatchB1_1_Closeout/Gate2_4/tests-run.txt","??","947","2026-07-29T17:27:28.5624349Z","2ac65b51cc67822c9e1629b9510b6647499a4d3f6718cb38aedda960282fd263","","2ac65b51cc67822c9e1629b9510b6647499a4d3f6718cb38aedda960282fd263","true"
"Docs/Security/Evidence/BatchB1_1_Closeout/Gate2_4/tests-summary.csv","??","604","2026-07-29T17:27:28.5994503Z","16475c4c0fa7cecba99e2123828840c0f451057f71e8d99f9c83e6e5e7e78414","","16475c4c0fa7cecba99e2123828840c0f451057f71e8d99f9c83e6e5e7e78414","true"
"Docs/Security/Evidence/BatchB1_1_Closeout/Gate2_4/tsc-electron-check.txt","??","13180","2026-07-29T17:22:29.4733533Z","bf8b792bfdf9dd5fd50f7a540b9e271fc5f34e15139322c622033eb19b7f27de","","bf8b792bfdf9dd5fd50f7a540b9e271fc5f34e15139322c622033eb19b7f27de","true"
"Docs/Security/Evidence/BatchB1_1_Closeout/Gate2_4/tsc-main-check.txt","??","0","2026-07-29T17:22:29.5058650Z","e3b0c44298fc1c149afbf4c8996fb92427ae41e4649b934ca495991b7852b855","","e3b0c44298fc1c149afbf4c8996fb92427ae41e4649b934ca495991b7852b855","true"
"Docs/Security/Evidence/BatchB1_1_Closeout/Gate2_4/verification-final.txt","??","7150","2026-07-29T17:29:17.8881051Z","753f412a2b452abfb019ae0041a392b06369120b62b3051d7ff9efdfb59411fd","","753f412a2b452abfb019ae0041a392b06369120b62b3051d7ff9efdfb59411fd","true"
"Docs/Security/Evidence/BatchB1_1_Closeout/Gate2_4A_Integrity/baseline-status.txt","??","43180","2026-07-29T17:52:53.4350594Z","0447388fa8ce9f53093d0affcdc5a2eb5e0e16a71c6a1c98ecaa3eddf705d084","","0447388fa8ce9f53093d0affcdc5a2eb5e0e16a71c6a1c98ecaa3eddf705d084","true"
"Docs/Security/Evidence/BatchB1_1_Closeout/Gate2_4A_Integrity/changed-files.txt","??","1321","2026-07-29T17:55:35.6389649Z","36fd8b3dd6b6ad3e201539bf64ef92e59356fbab8b6efdd0b9e81ae29453f67c","","36fd8b3dd6b6ad3e201539bf64ef92e59356fbab8b6efdd0b9e81ae29453f67c","true"
"Docs/Security/Evidence/BatchB1_1_Closeout/Gate2_4A_Integrity/current-diff-check.txt","??","4724","2026-07-29T17:52:53.1759528Z","b13fe47be29590e39f1a12a76b8c424c88641278831879d9c77f95cab302c7ce","","b13fe47be29590e39f1a12a76b8c424c88641278831879d9c77f95cab302c7ce","true"
"Docs/Security/Evidence/BatchB1_1_Closeout/Gate2_4A_Integrity/current-diff-name-status.txt","??","6398","2026-07-29T17:52:53.0108937Z","2ba896cbfcbf476a0e92e999879c07cb719a7697e91a5e1a09c0ec37e2a05994","","2ba896cbfcbf476a0e92e999879c07cb719a7697e91a5e1a09c0ec37e2a05994","true"
"Docs/Security/Evidence/BatchB1_1_Closeout/Gate2_4A_Integrity/current-diff-stat.txt","??","7912","2026-07-29T17:52:52.9432409Z","97f898557ad67f6c740cc6598431ab8c92621e4ff735f2804b904116442f8737","","97f898557ad67f6c740cc6598431ab8c92621e4ff735f2804b904116442f8737","true"
"Docs/Security/Evidence/BatchB1_1_Closeout/Gate2_4A_Integrity/current-staged-name-status.txt","??","0","2026-07-29T17:52:53.0359090Z","e3b0c44298fc1c149afbf4c8996fb92427ae41e4649b934ca495991b7852b855","","e3b0c44298fc1c149afbf4c8996fb92427ae41e4649b934ca495991b7852b855","true"
"Docs/Security/Evidence/BatchB1_1_Closeout/Gate2_4A_Integrity/current-status.txt","??","43059","2026-07-29T17:52:53.2579830Z","99fd989bafe7896dcc683891056abc11005cb4a7feac8caf9a56cdd87d048139","","99fd989bafe7896dcc683891056abc11005cb4a7feac8caf9a56cdd87d048139","true"
"Docs/Security/Evidence/BatchB1_1_Closeout/Gate2_4A_Integrity/evidence-corrections.md","??","4097","2026-07-29T17:55:27.5775759Z","9bee0fef2793e84b8caf5f5d5d38c1a5c36125cdfc8018b38fc77deb0593e932","","9bee0fef2793e84b8caf5f5d5d38c1a5c36125cdfc8018b38fc77deb0593e932","true"
"Docs/Security/Evidence/BatchB1_1_Closeout/Gate2_4A_Integrity/file-origin-analysis.md","??","2922","2026-07-29T17:54:31.0811782Z","4f963ac1c3cb20b831fcd6752ac7e4e5ef796106bdaba97b0435056ac5e94eb6","","4f963ac1c3cb20b831fcd6752ac7e4e5ef796106bdaba97b0435056ac5e94eb6","true"
"Docs/Security/Evidence/BatchB1_1_Closeout/Gate2_4A_Integrity/gate2_4-scope-integrity-matrix.csv","??","2623","2026-07-29T17:54:59.2913761Z","615d34b0f4762dab29a49e278e16a1d3c1dd7d9f063c795b55adb17af4c8539a","","615d34b0f4762dab29a49e278e16a1d3c1dd7d9f063c795b55adb17af4c8539a","true"
"Docs/Security/Evidence/BatchB1_1_Closeout/Gate2_4A_Integrity/gate2_4-verification-impact.md","??","2447","2026-07-29T17:55:11.7401456Z","9d3eed34b5942691fb1cb4efb1c67835a5f425a7bb975291b22a518cd610a2e5","","9d3eed34b5942691fb1cb4efb1c67835a5f425a7bb975291b22a518cd610a2e5","true"
"Docs/Security/Evidence/BatchB1_1_Closeout/Gate2_4A_Integrity/recovery-candidates.csv","??","2884","2026-07-29T17:54:14.9477514Z","0c5fde92fc862388b0e7b779c36c6e21ffb392ae9d7f735492f8f0613b7bb2b8","","0c5fde92fc862388b0e7b779c36c6e21ffb392ae9d7f735492f8f0613b7bb2b8","true"
"Docs/Security/Evidence/BatchB1_1_Closeout/Gate2_4A_Integrity/recovery-decision.md","??","2984","2026-07-29T17:54:47.1112695Z","4a1c7d2a5fa88e40cb971075eca828c606594a08e7015c1af0a8eb0b9097f2c3","","4a1c7d2a5fa88e40cb971075eca828c606594a08e7015c1af0a8eb0b9097f2c3","true"
"Docs/Security/Evidence/BatchB1_1_Closeout/Gate2_4A_Integrity/remaining-risks.md","??","2284","2026-07-29T17:55:45.1612657Z","fc781a95d4e585e395af4462244bf1ac68ddf622083e05eb327b0aeb222355cf","","fc781a95d4e585e395af4462244bf1ac68ddf622083e05eb327b0aeb222355cf","true"
"Docs/Security/Evidence/BatchB1_1_Closeout/Gate2_4A_Integrity/status-diff-baseline-vs-current.txt","??","3324","2026-07-29T17:53:55.9998053Z","e8aeb84db2166a18e1713a7cd6ab79c7a36473766b33392a98204fcfbef40565","","e8aeb84db2166a18e1713a7cd6ab79c7a36473766b33392a98204fcfbef40565","true"
"Docs/Security/Evidence/BatchB1_1_Closeout/Gate2_4A_Integrity/verification-final.txt","??","4463","2026-07-29T17:56:04.2261556Z","661f280a7218ade0655603c2ce79cf8fc4380fb28ee65a92cd935064eba1c8ab","","661f280a7218ade0655603c2ce79cf8fc4380fb28ee65a92cd935064eba1c8ab","true"
"Docs/Security/Evidence/BatchB1_1_Closeout/Gate2/baseline-diff-check.txt","??","4461","2026-07-28T21:30:03.2330512Z","362f99848352f2d15df9328a2ccce1ff5fe7691a65ecea6abc2ce5ecf5630153","","362f99848352f2d15df9328a2ccce1ff5fe7691a65ecea6abc2ce5ecf5630153","true"
"Docs/Security/Evidence/BatchB1_1_Closeout/Gate2/baseline-diff-name-only.txt","??","1386","2026-07-28T21:30:03.1399537Z","aaf32d51f174c669aec802ae45a951de69b3ea89b8c4fa55b0f61121f39dbcea","","aaf32d51f174c669aec802ae45a951de69b3ea89b8c4fa55b0f61121f39dbcea","true"
"Docs/Security/Evidence/BatchB1_1_Closeout/Gate2/baseline-diff-stat.txt","??","2751","2026-07-28T21:30:03.0769215Z","5a26b1e2e1bbb3ea8c58487501d8b5f8ebfe4de369f4ea6e2315a571fc35601a","","5a26b1e2e1bbb3ea8c58487501d8b5f8ebfe4de369f4ea6e2315a571fc35601a","true"
"Docs/Security/Evidence/BatchB1_1_Closeout/Gate2/baseline-status.txt","??","19113","2026-07-28T21:30:03.0018857Z","faf7a3b0967b800371a86a8ebc4812833784ea4bbb52db42ac7b01c7092d7036","","faf7a3b0967b800371a86a8ebc4812833784ea4bbb52db42ac7b01c7092d7036","true"
"Docs/Security/Evidence/BatchB1_1_Closeout/Gate2/changed-files.txt","??","2942","2026-07-28T21:54:43.8124658Z","a88b861e46050a5b2735f2b8151a609b871c6ef8cf2ba1c08c9911617fdd5636","","a88b861e46050a5b2735f2b8151a609b871c6ef8cf2ba1c08c9911617fdd5636","true"
"Docs/Security/Evidence/BatchB1_1_Closeout/Gate2/control-provenance.csv","??","3040","2026-07-28T21:54:43.7724472Z","9de1cf63ed69cdc094390e99d6fc4d2bfeda31084a7a787860c75d5e5312ffe7","","9de1cf63ed69cdc094390e99d6fc4d2bfeda31084a7a787860c75d5e5312ffe7","true"
"Docs/Security/Evidence/BatchB1_1_Closeout/Gate2/failure-classification.csv","??","2210","2026-07-28T21:54:15.0098528Z","7563528edaf0b2ed0ecac940bbce1f2024580d33947fa2958cb1f51a74ffde0d","","7563528edaf0b2ed0ecac940bbce1f2024580d33947fa2958cb1f51a74ffde0d","true"
"Docs/Security/Evidence/BatchB1_1_Closeout/Gate2/final-status-check.txt","??","20525","2026-07-28T21:53:16.0875463Z","709c2ed7c0706edfff0f95957f5add1300b827d9f9e132abc021cb2482e9f714","","709c2ed7c0706edfff0f95957f5add1300b827d9f9e132abc021cb2482e9f714","true"
"Docs/Security/Evidence/BatchB1_1_Closeout/Gate2/git-diff-check-gate2.txt","??","4583","2026-07-28T21:52:50.2410906Z","1e5149021a6062ae5491cbda8c0ecd18a4c89892530d04ea4298aa755b1935c7","","1e5149021a6062ae5491cbda8c0ecd18a4c89892530d04ea4298aa755b1935c7","true"
"Docs/Security/Evidence/BatchB1_1_Closeout/Gate2/live-memory-test-node22.txt","??","51987","2026-07-28T21:52:05.7093955Z","e2404939707404db7333e6f2c26374d647b72741b49e912a489ff19539227087","","e2404939707404db7333e6f2c26374d647b72741b49e912a489ff19539227087","true"
"Docs/Security/Evidence/BatchB1_1_Closeout/Gate2/npm-test-node22.txt","??","250810","2026-07-28T21:53:15.8589607Z","c76dfad68366665dfa97fbea4be4649b4bd97b4c72cde7743a4043c5ce0bd987","","c76dfad68366665dfa97fbea4be4649b4bd97b4c72cde7743a4043c5ce0bd987","true"
"Docs/Security/Evidence/BatchB1_1_Closeout/Gate2/packaged-audit-review.txt","??","4011","2026-07-28T21:50:23.1271145Z","94a019e2bca8d311e118756cee664d976f48b5cc78df230e1e3cd6fa2f5506dc","","94a019e2bca8d311e118756cee664d976f48b5cc78df230e1e3cd6fa2f5506dc","true"
"Docs/Security/Evidence/BatchB1_1_Closeout/Gate2/packaged-build-info.txt","??","471","2026-07-28T21:49:36.3297860Z","96819388c29c2e93666ce4922799603ba080b80d13da7f2e95a7be81e9ab39db","","96819388c29c2e93666ce4922799603ba080b80d13da7f2e95a7be81e9ab39db","true"
"Docs/Security/Evidence/BatchB1_1_Closeout/Gate2/packaged-build-output.txt","??","9832","2026-07-28T21:49:35.9461588Z","e61f68d9cf9fc9cb5fcc3ef4cdf0f052a30ce485deb4e69a20ff44c988d51cca","","e61f68d9cf9fc9cb5fcc3ef4cdf0f052a30ce485deb4e69a20ff44c988d51cca","true"
"Docs/Security/Evidence/BatchB1_1_Closeout/Gate2/packaged-environment.txt","??","85","2026-07-28T21:30:02.8943451Z","e38e7221e94500ccacbd58427467386b8857b102edde8ba76537410ae1c88b89","","e38e7221e94500ccacbd58427467386b8857b102edde8ba76537410ae1c88b89","true"
"Docs/Security/Evidence/BatchB1_1_Closeout/Gate2/packaged-failure-classification.csv","??","1300","2026-07-28T21:51:23.9622499Z","2c5ffddb9d927486397200d8dc5b128587b55195b3e27a358d08e9a1063a40a2","","2c5ffddb9d927486397200d8dc5b128587b55195b3e27a358d08e9a1063a40a2","true"
"Docs/Security/Evidence/BatchB1_1_Closeout/Gate2/packaged-windows-lifecycle-matrix.csv","??","5776","2026-07-28T21:51:16.2268599Z","2fe6ea24a33efbc786aed64f2c6561be27e5f8d32c3e8ac7743ebe51fbd1a658","","2fe6ea24a33efbc786aed64f2c6561be27e5f8d32c3e8ac7743ebe51fbd1a658","true"
"Docs/Security/Evidence/BatchB1_1_Closeout/Gate2/remaining-risks.md","??","5845","2026-07-28T21:55:14.3055775Z","d7712b5215fecad29f88d7c5b00cb39d70f7978c443d2446a7040de6dd159885","","d7712b5215fecad29f88d7c5b00cb39d70f7978c443d2446a7040de6dd159885","true"
"Docs/Security/Evidence/BatchB1_1_Closeout/Gate2/rollback-byte-feasibility.md","??","5986","2026-07-28T21:46:59.2824652Z","daf9431d8ae94330e641cbdf334cfe67f4b6805bc814bca567074f4681ce5417","","daf9431d8ae94330e641cbdf334cfe67f4b6805bc814bca567074f4681ce5417","true"
"Docs/Security/Evidence/BatchB1_1_Closeout/Gate2/rollback-byte-test-matrix.csv","??","6009","2026-07-28T21:47:19.0901631Z","181b8f18aa5b1396cd18f99f29b674060324412fcadef2f9ffb375e0ba1b9882","","181b8f18aa5b1396cd18f99f29b674060324412fcadef2f9ffb375e0ba1b9882","true"
"Docs/Security/Evidence/BatchB1_1_Closeout/Gate2/tests-run.txt","??","192","2026-07-28T21:52:10.6740333Z","eb97f4a741653f196a6f2330842012c2a59061b402b06ee0e3c9425a2f138d13","","eb97f4a741653f196a6f2330842012c2a59061b402b06ee0e3c9425a2f138d13","true"
"Docs/Security/Evidence/BatchB1_1_Closeout/Gate2/tests-summary.csv","??","1337","2026-07-28T21:54:14.7037593Z","2eb9fe84686dc8c2d0897746e1ffb44f427c0c63bf2dcdfee439db37d4de52cd","","2eb9fe84686dc8c2d0897746e1ffb44f427c0c63bf2dcdfee439db37d4de52cd","true"
"Docs/Security/Evidence/BatchB1_1_Closeout/Gate2/typescript-electron-node22.txt","??","13180","2026-07-28T21:52:10.5679964Z","bf8b792bfdf9dd5fd50f7a540b9e271fc5f34e15139322c622033eb19b7f27de","","bf8b792bfdf9dd5fd50f7a540b9e271fc5f34e15139322c622033eb19b7f27de","true"
"Docs/Security/Evidence/BatchB1_1_Closeout/Gate2/typescript-main-node22.txt","??","0","2026-07-28T21:52:05.7864117Z","e3b0c44298fc1c149afbf4c8996fb92427ae41e4649b934ca495991b7852b855","","e3b0c44298fc1c149afbf4c8996fb92427ae41e4649b934ca495991b7852b855","true"
"Docs/Security/Evidence/BatchB1_1_Closeout/Gate2/verification-final.txt","??","5756","2026-07-28T21:55:46.6126418Z","460eadef312a4bbbb08f068e029cae4f281783ac19272eb3671755264cc67082","","460eadef312a4bbbb08f068e029cae4f281783ac19272eb3671755264cc67082","true"
"Docs/Security/Evidence/BatchB1_1_Closeout/git-diff-check-before.txt","??","3734","2026-07-27T17:48:41.5437694Z","f4ad5e59ba02a48c7c72a4bd6b011d1a82218c10248fe0226f2ff876f5056264","","f4ad5e59ba02a48c7c72a4bd6b011d1a82218c10248fe0226f2ff876f5056264","true"
"Docs/Security/Evidence/BatchB1_1_Closeout/git-diff-check-postfix.txt","??","8308","2026-07-27T21:59:42.1940232Z","6628159e6295bb8ba4fb468c057173d951ed4971d5a02d0ff05d2d36f98da0af","","6628159e6295bb8ba4fb468c057173d951ed4971d5a02d0ff05d2d36f98da0af","true"
"Docs/Security/Evidence/BatchB1_1_Closeout/git-diff-name-only-before.txt","??","1302","2026-07-27T17:49:08.0220664Z","ec451d044e21025832b486d97b02288c5dd5132d246ebe633b343b9146128d16","","ec451d044e21025832b486d97b02288c5dd5132d246ebe633b343b9146128d16","true"
"Docs/Security/Evidence/BatchB1_1_Closeout/git-diff-stat-before.txt","??","2545","2026-07-27T17:49:27.8407832Z","c76cae9d0d856f668d510e9b5a70685ff3b38cee5783c2805aa420ec200a28fc","","c76cae9d0d856f668d510e9b5a70685ff3b38cee5783c2805aa420ec200a28fc","true"
"Docs/Security/Evidence/BatchB1_1_Closeout/git-status-before.txt","??","5953","2026-07-27T17:48:01.8556714Z","029007a4707ee1e2ec6ba292c7e3ea218a41179f6a34d0bd7bdfda81e91232a2","","029007a4707ee1e2ec6ba292c7e3ea218a41179f6a34d0bd7bdfda81e91232a2","true"
"Docs/Security/Evidence/BatchB1_1_Closeout/Lifecycle/baseline-diff-check.txt","??","4559","2026-07-28T06:18:32.8380181Z","eec96b64ec3cf7cb1f2de0cb40a70b939ad152798fe6ceeefbd8d8d6cd657a3e","","eec96b64ec3cf7cb1f2de0cb40a70b939ad152798fe6ceeefbd8d8d6cd657a3e","true"
"Docs/Security/Evidence/BatchB1_1_Closeout/Lifecycle/baseline-diff-name-only.txt","??","5773","2026-07-28T06:18:32.9517795Z","f372b303febf25a21ef822bc44088a36d3dcd4e735366453c36bc25f919cf167","","f372b303febf25a21ef822bc44088a36d3dcd4e735366453c36bc25f919cf167","true"
"Docs/Security/Evidence/BatchB1_1_Closeout/Lifecycle/baseline-diff-stat.txt","??","7046","2026-07-28T06:18:32.7264792Z","bf086aabafa854faf316d603b407a59c23131a03677ecc36f90ccdf466cf44e2","","bf086aabafa854faf316d603b407a59c23131a03677ecc36f90ccdf466cf44e2","true"
"Docs/Security/Evidence/BatchB1_1_Closeout/Lifecycle/baseline-live-memory-tests.txt","??","42574","2026-07-27T22:07:51.8700344Z","65d9c1fd2e72317599d1f9524dc1b817827a4a719c8997534f08d64f8ea4ebb3","","65d9c1fd2e72317599d1f9524dc1b817827a4a719c8997534f08d64f8ea4ebb3","true"
"Docs/Security/Evidence/BatchB1_1_Closeout/Lifecycle/baseline-status.txt","??","8654","2026-07-28T06:18:32.3222602Z","aa14dd67bb8c2b2417318b5279978549bb31c8faadabb5935606dedac843b263","","aa14dd67bb8c2b2417318b5279978549bb31c8faadabb5935606dedac843b263","true"
"Docs/Security/Evidence/BatchB1_1_Closeout/Lifecycle/branch.txt","??","18","2026-07-27T22:05:22.9359494Z","da5f7e322467c3f64f71bd96a56df3b39697dbfe14b3be5dd19e2dfae492d4b2","","da5f7e322467c3f64f71bd96a56df3b39697dbfe14b3be5dd19e2dfae492d4b2","true"
"Docs/Security/Evidence/BatchB1_1_Closeout/Lifecycle/changed-files.txt","??","881","2026-07-28T06:21:29.7870377Z","fc0ee3c3ac26778738dc9fad92025f4e7485b0ea4a52edd9a7d4517dc264a00d","","fc0ee3c3ac26778738dc9fad92025f4e7485b0ea4a52edd9a7d4517dc264a00d","true"
"Docs/Security/Evidence/BatchB1_1_Closeout/Lifecycle/cleanup-design.md","??","1842","2026-07-28T06:21:29.7830391Z","e942dae395005c3f1bc5cbbbc979bb831d3bee175892568528f474dc3dfafd9d","","e942dae395005c3f1bc5cbbbc979bb831d3bee175892568528f474dc3dfafd9d","true"
"Docs/Security/Evidence/BatchB1_1_Closeout/Lifecycle/cleanup-failure-test-matrix.csv","??","1072","2026-07-28T06:20:36.8835412Z","12defe27d42066ee1b9a708fe64209f7c570e1e6d477aa73c005fe9a50bf819e","","12defe27d42066ee1b9a708fe64209f7c570e1e6d477aa73c005fe9a50bf819e","true"
"Docs/Security/Evidence/BatchB1_1_Closeout/Lifecycle/control-provenance.csv","??","2142","2026-07-28T06:21:29.7850378Z","678a9576ada5b7abb00d53c815394352340b591d9f90296c6230e8b7f4c06449","","678a9576ada5b7abb00d53c815394352340b591d9f90296c6230e8b7f4c06449","true"
"Docs/Security/Evidence/BatchB1_1_Closeout/Lifecycle/feature-disable-test-matrix.csv","??","576","2026-07-28T06:20:36.8805396Z","30604b69940a183e01d0dfcd8c3d79db9bd6d5583b2b9bff1fbe80b11cfa03a0","","30604b69940a183e01d0dfcd8c3d79db9bd6d5583b2b9bff1fbe80b11cfa03a0","true"
"Docs/Security/Evidence/BatchB1_1_Closeout/Lifecycle/git-diff-check-before.txt","??","8310","2026-07-27T22:05:23.1820285Z","31366ed41c3664a105bdff1c85c01804d52c6f7e177792a9d47de4786c001bba","","31366ed41c3664a105bdff1c85c01804d52c6f7e177792a9d47de4786c001bba","true"
"Docs/Security/Evidence/BatchB1_1_Closeout/Lifecycle/git-diff-name-only-before.txt","??","2690","2026-07-27T22:05:23.2410506Z","efddac1c4c5cf00f36af2801b6ad3d9e50f880c385ea1b9820544d49a984ecc4","","efddac1c4c5cf00f36af2801b6ad3d9e50f880c385ea1b9820544d49a984ecc4","true"
"Docs/Security/Evidence/BatchB1_1_Closeout/Lifecycle/git-diff-stat-before.txt","??","5182","2026-07-27T22:05:23.0779970Z","75d244c5e889e7232dbea1fde263759f6466e4e8b482d7fd4d9169ee0062d57b","","75d244c5e889e7232dbea1fde263759f6466e4e8b482d7fd4d9169ee0062d57b","true"
"Docs/Security/Evidence/BatchB1_1_Closeout/Lifecycle/git-status-before.txt","??","14540","2026-07-27T22:05:23.0019681Z","15418cf5486d943edcde1f338708f036cbd7fe271f325dc697a84c410acd9938","","15418cf5486d943edcde1f338708f036cbd7fe271f325dc697a84c410acd9938","true"
"Docs/Security/Evidence/BatchB1_1_Closeout/Lifecycle/process-selection-test-matrix.csv","??","1310","2026-07-28T06:20:36.8855403Z","fbeb913aa67de12d4b61480b4890a7a70e6568a89e9f1873c0cfd99129b5693b","","fbeb913aa67de12d4b61480b4890a7a70e6568a89e9f1873c0cfd99129b5693b","true"
"Docs/Security/Evidence/BatchB1_1_Closeout/Lifecycle/remaining-risks.md","??","2521","2026-07-28T06:21:29.7890387Z","8bdf00e20e9b0ab6d4374f89ba8fbd7b384c35e89d130582fc05bd9dbe190bc8","","8bdf00e20e9b0ab6d4374f89ba8fbd7b384c35e89d130582fc05bd9dbe190bc8","true"
"Docs/Security/Evidence/BatchB1_1_Closeout/Lifecycle/renderer-crash-test-matrix.csv","??","730","2026-07-28T06:20:36.8755413Z","16de0f4b334e898956f411532a7f16b7f5e06c88a164307af5a633d236f1e73d","","16de0f4b334e898956f411532a7f16b7f5e06c88a164307af5a633d236f1e73d","true"
"Docs/Security/Evidence/BatchB1_1_Closeout/Lifecycle/repository-root.txt","??","56","2026-07-27T22:05:22.8919354Z","5bef17d72eef723db88b8c667ad7f5405ea4509322cdda3a4f9382bb1255fefb","","5bef17d72eef723db88b8c667ad7f5405ea4509322cdda3a4f9382bb1255fefb","true"
"Docs/Security/Evidence/BatchB1_1_Closeout/Lifecycle/rollback-float-integrity-test-matrix.csv","??","1329","2026-07-28T06:20:36.8905384Z","a80f417fe0a2f0ff3b41a70cd392fda1369a020f5c4872153a7ab1eda2b61baf","","a80f417fe0a2f0ff3b41a70cd392fda1369a020f5c4872153a7ab1eda2b61baf","true"
"Docs/Security/Evidence/BatchB1_1_Closeout/Lifecycle/shutdown-test-matrix.csv","??","566","2026-07-28T06:20:36.8785418Z","50363340b3055ac27179cc8f4612354b352c21813eacb6794da9e54772f6ca04","","50363340b3055ac27179cc8f4612354b352c21813eacb6794da9e54772f6ca04","true"
"Docs/Security/Evidence/BatchB1_1_Closeout/Lifecycle/tests-run.txt","??","1009","2026-07-28T06:21:29.7880400Z","8b4b9409f70670094233434eb93985d22b4f33ef5d88179fee5d93061f6c3d52","","8b4b9409f70670094233434eb93985d22b4f33ef5d88179fee5d93061f6c3d52","true"
"Docs/Security/Evidence/BatchB1_1_Closeout/Lifecycle/trusted-sender-boundary-test-matrix.csv","??","1265","2026-07-28T06:20:36.8885407Z","7bef2c47e037c29a88d94094385b78d8465294e05ca1a19547ffb17c9112a65b","","7bef2c47e037c29a88d94094385b78d8465294e05ca1a19547ffb17c9112a65b","true"
"Docs/Security/Evidence/BatchB1_1_Closeout/Lifecycle/verification-diff-check.txt","??","4559","2026-07-28T06:22:57.9846333Z","6e44d7e0fbb94fb60ec6c7fd9fbd4a48cd00de15e96f0bdb4150c4f7945ea90f","","6e44d7e0fbb94fb60ec6c7fd9fbd4a48cd00de15e96f0bdb4150c4f7945ea90f","true"
"Docs/Security/Evidence/BatchB1_1_Closeout/Lifecycle/verification-diff-name-only.txt","??","5774","2026-07-28T06:22:58.0918577Z","c7601f2a2a12192636d90d942cbf1cd11f1b93ebab662e7b55914cedb205d269","","c7601f2a2a12192636d90d942cbf1cd11f1b93ebab662e7b55914cedb205d269","true"
"Docs/Security/Evidence/BatchB1_1_Closeout/Lifecycle/verification-diff-stat.txt","??","7046","2026-07-28T06:22:57.8785898Z","753723fdb0c196117222365a59051bfe909b5e9a77ff2809637feac6880bda71","","753723fdb0c196117222365a59051bfe909b5e9a77ff2809637feac6880bda71","true"
"Docs/Security/Evidence/BatchB1_1_Closeout/Lifecycle/verification-final.txt","??","3023","2026-07-28T06:23:23.0173619Z","d49f48ef1080bd276a17f99cc974d2a7f2ee27c55746e920d2ba6762fe6abf14","","d49f48ef1080bd276a17f99cc974d2a7f2ee27c55746e920d2ba6762fe6abf14","true"
"Docs/Security/Evidence/BatchB1_1_Closeout/Lifecycle/verification-live-memory-tests.txt","??","21451","2026-07-28T06:22:53.6845962Z","cfed5d4d9088cdbc8178e6e99b578424e9b4f77da5ba8253f267d3a17ef1c7a7","","cfed5d4d9088cdbc8178e6e99b578424e9b4f77da5ba8253f267d3a17ef1c7a7","true"
"Docs/Security/Evidence/BatchB1_1_Closeout/Lifecycle/verification-npm-test.txt","??","366","2026-07-28T06:18:05.2870854Z","3c207146ab02d279a273dec1ace78f24ff6c26491f6c7ade1e10dff41b5bc7c9","","3c207146ab02d279a273dec1ace78f24ff6c26491f6c7ade1e10dff41b5bc7c9","true"
"Docs/Security/Evidence/BatchB1_1_Closeout/Lifecycle/verification-scoped-security-tests.txt","??","4221","2026-07-28T06:19:53.0969993Z","3b6508b32d88addc64ec48576a36ac42360a527a44bd5530e425081b247105b0","","3b6508b32d88addc64ec48576a36ac42360a527a44bd5530e425081b247105b0","true"
"Docs/Security/Evidence/BatchB1_1_Closeout/Lifecycle/verification-status.txt","??","10401","2026-07-28T06:22:57.7519988Z","4f2779dc487ede35bde7863e20866cdcc45efd3b9f9b3e0eb5b3641e6996937b","","4f2779dc487ede35bde7863e20866cdcc45efd3b9f9b3e0eb5b3641e6996937b","true"
"Docs/Security/Evidence/BatchB1_1_Closeout/Lifecycle/verification-tsc-electron.txt","??","13388","2026-07-28T06:22:57.6694729Z","d5b69a25ddaddcedaca3addd0ecb0b5ea51b6391ccd1ff80e0afb25b3ebaeb92","","d5b69a25ddaddcedaca3addd0ecb0b5ea51b6391ccd1ff80e0afb25b3ebaeb92","true"
"Docs/Security/Evidence/BatchB1_1_Closeout/Lifecycle/verification-tsc-main.txt","??","180","2026-07-28T06:22:56.1752637Z","34b0274284a34039ca74f0f4f8030e17bfee5b642194a2cc82dd149a7ca059ba","","34b0274284a34039ca74f0f4f8030e17bfee5b642194a2cc82dd149a7ca059ba","true"
"Docs/Security/Evidence/BatchB1_1_Closeout/Node22Gate/branch.txt","??","167","2026-07-28T08:42:48.5411216Z","f543bbd1845c446c91bdf2aef11fdb78173570db5695379dbf9002df1a7c1bae","","f543bbd1845c446c91bdf2aef11fdb78173570db5695379dbf9002df1a7c1bae","true"
"Docs/Security/Evidence/BatchB1_1_Closeout/Node22Gate/changed-files.txt","??","1369","2026-07-28T08:48:19.9969087Z","a877438681cd073e4fed7bb41b8bbbb4b1ba6e0b4ecf63c63ba96b9bc078b5cb","","a877438681cd073e4fed7bb41b8bbbb4b1ba6e0b4ecf63c63ba96b9bc078b5cb","true"
"Docs/Security/Evidence/BatchB1_1_Closeout/Node22Gate/failure-classification.csv","??","1617","2026-07-28T08:48:20.0019085Z","aa3671de1f508620f3cecb92e494536201a46fa6dc7e2f02ef36a0a574a8d6ca","","aa3671de1f508620f3cecb92e494536201a46fa6dc7e2f02ef36a0a574a8d6ca","true"
"Docs/Security/Evidence/BatchB1_1_Closeout/Node22Gate/git-diff-check-before.txt","??","6086","2026-07-28T08:42:48.8097307Z","630f0b868f8978902a5b343d27f45f58138dd7b61c672caebcab6fbad12f505a","","630f0b868f8978902a5b343d27f45f58138dd7b61c672caebcab6fbad12f505a","true"
"Docs/Security/Evidence/BatchB1_1_Closeout/Node22Gate/git-diff-check-node22.txt","??","6109","2026-07-28T08:45:12.3130282Z","aa509d4ef1c798fb15ec3a10bd53be6db8637e68522bec4d6f319f09bd37ce33","","aa509d4ef1c798fb15ec3a10bd53be6db8637e68522bec4d6f319f09bd37ce33","true"
"Docs/Security/Evidence/BatchB1_1_Closeout/Node22Gate/git-diff-name-only-after.txt","??","5818","2026-07-28T08:46:43.5824342Z","1377499f0d0f54cb49acfa71387076ff23112088e92fad7a51cf32ea32b3f1e4","","1377499f0d0f54cb49acfa71387076ff23112088e92fad7a51cf32ea32b3f1e4","true"
"Docs/Security/Evidence/BatchB1_1_Closeout/Node22Gate/git-diff-name-only-before.txt","??","7816","2026-07-28T08:42:48.7126950Z","b9b1ae908fe7f4a654349a123439b7e5a7a2478ae56597f6dcf21c48d52b66a3","","b9b1ae908fe7f4a654349a123439b7e5a7a2478ae56597f6dcf21c48d52b66a3","true"
"Docs/Security/Evidence/BatchB1_1_Closeout/Node22Gate/git-diff-stat-after.txt","??","7068","2026-07-28T08:46:43.5089020Z","ef6298d344fdb147cffbebc90ed0faca78177c729e16252a7c0cfdb8ac8916f1","","ef6298d344fdb147cffbebc90ed0faca78177c729e16252a7c0cfdb8ac8916f1","true"
"Docs/Security/Evidence/BatchB1_1_Closeout/Node22Gate/git-diff-stat-before.txt","??","9396","2026-07-28T08:42:48.6351588Z","443195f7daa8a85aefd03765dde8abc2d6478430f8c58d4e9501324233016e83","","443195f7daa8a85aefd03765dde8abc2d6478430f8c58d4e9501324233016e83","true"
"Docs/Security/Evidence/BatchB1_1_Closeout/Node22Gate/git-status-after.txt","??","12109","2026-07-28T08:46:43.4183613Z","8bf8e0bcc7290d8b34096ffa01d717483d4fbe18c8305ec9c2b8eeb3a0d24f31","","8bf8e0bcc7290d8b34096ffa01d717483d4fbe18c8305ec9c2b8eeb3a0d24f31","true"
"Docs/Security/Evidence/BatchB1_1_Closeout/Node22Gate/git-status-before.txt","??","10630","2026-07-28T08:42:48.5481269Z","993ef2de9337a9baed264561766bd81cde9652c3c89878b6d916eaa98a3f5163","","993ef2de9337a9baed264561766bd81cde9652c3c89878b6d916eaa98a3f5163","true"
"Docs/Security/Evidence/BatchB1_1_Closeout/Node22Gate/live-memory-test-node22.txt","??","53640","2026-07-28T08:43:54.7809971Z","012e0ea0666c905d7bc7141960fb9974af1daf911a5905751fac9e910eea57ba","","012e0ea0666c905d7bc7141960fb9974af1daf911a5905751fac9e910eea57ba","true"
"Docs/Security/Evidence/BatchB1_1_Closeout/Node22Gate/node-paths.txt","??","448","2026-07-28T08:42:48.5451281Z","6d6af799f59a0e91a8ce709d4bf8de7117ccb64b8b3e3bcceeeacc5938543eee","","6d6af799f59a0e91a8ce709d4bf8de7117ccb64b8b3e3bcceeeacc5938543eee","true"
"Docs/Security/Evidence/BatchB1_1_Closeout/Node22Gate/node-version.txt","??","158","2026-07-28T08:42:48.5421254Z","121aeaa6395d2cdfa58c49f9991e04126bcde2cad639a0924674652ecdc8cb5e","","121aeaa6395d2cdfa58c49f9991e04126bcde2cad639a0924674652ecdc8cb5e","true"
"Docs/Security/Evidence/BatchB1_1_Closeout/Node22Gate/npm-test-node22.txt","??","274104","2026-07-28T08:43:33.6320977Z","4eed1e9baf76b204bd6a05b8a0cf56b76426176f305a59a545764458c2789c88","","4eed1e9baf76b204bd6a05b8a0cf56b76426176f305a59a545764458c2789c88","true"
"Docs/Security/Evidence/BatchB1_1_Closeout/Node22Gate/npm-version.txt","??","155","2026-07-28T08:42:48.5441255Z","cece8c9217f341436ec5ab6c748c169590490c678aefd5f9328b9cf5f415491a","","cece8c9217f341436ec5ab6c748c169590490c678aefd5f9328b9cf5f415491a","true"
"Docs/Security/Evidence/BatchB1_1_Closeout/Node22Gate/remaining-risks.md","??","3531","2026-07-28T08:48:20.0049080Z","b0150ae5c668608c1f7a17831f43520a47fab6c2c2531616eba81c2cc7386e96","","b0150ae5c668608c1f7a17831f43520a47fab6c2c2531616eba81c2cc7386e96","true"
"Docs/Security/Evidence/BatchB1_1_Closeout/Node22Gate/repository-root.txt","??","190","2026-07-28T08:42:48.5381244Z","35a061514286c20481a46fe1740276292ab134482f8103a9b31f4c043d1228dd","","35a061514286c20481a46fe1740276292ab134482f8103a9b31f4c043d1228dd","true"
"Docs/Security/Evidence/BatchB1_1_Closeout/Node22Gate/tests-summary.csv","??","764","2026-07-28T08:46:26.8259099Z","61296f638b8814dfeceedfc2aea9033d97a1bb23c8618bc5bceeefe7ecfd234e","","61296f638b8814dfeceedfc2aea9033d97a1bb23c8618bc5bceeefe7ecfd234e","true"
"Docs/Security/Evidence/BatchB1_1_Closeout/Node22Gate/typescript-electron-node22.txt","??","13401","2026-07-28T08:44:52.2192013Z","4827770cb775463e0b8c9490c47e7264a9db16cd3f4f8e594fdf1a4e1305a0a4","","4827770cb775463e0b8c9490c47e7264a9db16cd3f4f8e594fdf1a4e1305a0a4","true"
"Docs/Security/Evidence/BatchB1_1_Closeout/Node22Gate/typescript-main-node22.txt","??","193","2026-07-28T08:44:10.1307225Z","547843b82c96aae230d82fc25198b5f2057f835293c87941074e788c480b28c1","","547843b82c96aae230d82fc25198b5f2057f835293c87941074e788c480b28c1","true"
"Docs/Security/Evidence/BatchB1_1_Closeout/Node22Gate/verification-final.txt","??","2279","2026-07-28T08:48:20.0104155Z","96b11c4c5cb73a12f9994606c90cac7f926a383048147eb5728f86490a0c5fcb","","96b11c4c5cb73a12f9994606c90cac7f926a383048147eb5728f86490a0c5fcb","true"
"Docs/Security/Evidence/BatchB1_1_Closeout/Node22GateReconciliation/actor-indicators.txt","??","9119","2026-07-28T08:56:46.8524057Z","4a4f8b0dc039407036cf86b57c251c8f98dbeda8013b0952e5172c187fbbef4d","","4a4f8b0dc039407036cf86b57c251c8f98dbeda8013b0952e5172c187fbbef4d","true"
"Docs/Security/Evidence/BatchB1_1_Closeout/Node22GateReconciliation/b1_1-impact.csv","??","5716","2026-07-28T08:57:45.1047558Z","99ce33c0ab805c7a827e516c328db1c2fff3cec7c1008ab446324f0859b1a425","","99ce33c0ab805c7a827e516c328db1c2fff3cec7c1008ab446324f0859b1a425","true"
"Docs/Security/Evidence/BatchB1_1_Closeout/Node22GateReconciliation/changed-files.txt","??","1344","2026-07-28T08:58:56.4163902Z","acab26fda1988debb31d25d309ba9a0eacb38f7e4643f703d70600d9fedb3dd6","","acab26fda1988debb31d25d309ba9a0eacb38f7e4643f703d70600d9fedb3dd6","true"
"Docs/Security/Evidence/BatchB1_1_Closeout/Node22GateReconciliation/changed-status-paths.csv","??","10815","2026-07-28T08:55:15.5023590Z","7042bb853608b238c40203f1b93b83a618ebd668edee57e3623ed0ad4442869b","","7042bb853608b238c40203f1b93b83a618ebd668edee57e3623ed0ad4442869b","true"
"Docs/Security/Evidence/BatchB1_1_Closeout/Node22GateReconciliation/current-diff-check.txt","??","4521","2026-07-28T08:52:18.9257161Z","5c129d9abfe5d1c1f515536bf24c11be496ca61263bf51c1d81f1597fb4cab52","","5c129d9abfe5d1c1f515536bf24c11be496ca61263bf51c1d81f1597fb4cab52","true"
"Docs/Security/Evidence/BatchB1_1_Closeout/Node22GateReconciliation/current-diff-name-status.txt","??","5853","2026-07-28T08:52:18.6565446Z","f1fa0085e8a5f819f08f29d355650daa77d2a7b9aae17a534ec6b4eb4af9361c","","f1fa0085e8a5f819f08f29d355650daa77d2a7b9aae17a534ec6b4eb4af9361c","true"
"Docs/Security/Evidence/BatchB1_1_Closeout/Node22GateReconciliation/current-diff-numstat.txt","??","5996","2026-07-28T08:52:18.7460815Z","794a89e8f7798b5d71a2dd84781880451dd952ea533ab7305125f127bf21e06e","","794a89e8f7798b5d71a2dd84781880451dd952ea533ab7305125f127bf21e06e","true"
"Docs/Security/Evidence/BatchB1_1_Closeout/Node22GateReconciliation/current-diff-stat.txt","??","7128","2026-07-28T08:52:18.5419996Z","df868e0f9827cd4d34fa8890cacab346957471e8922b4d841813b1e54b767754","","df868e0f9827cd4d34fa8890cacab346957471e8922b4d841813b1e54b767754","true"
"Docs/Security/Evidence/BatchB1_1_Closeout/Node22GateReconciliation/current-diff-summary.txt","??","4360","2026-07-28T08:52:18.8286108Z","9616462c879aa1dbba1a7ccb348c1704604aa1b08181ace32fb07ebb5902f272","","9616462c879aa1dbba1a7ccb348c1704604aa1b08181ace32fb07ebb5902f272","true"
"Docs/Security/Evidence/BatchB1_1_Closeout/Node22GateReconciliation/current-staged-name-status.txt","??","165","2026-07-28T08:52:19.0998666Z","96c43a5bdb9ca50fc109876be79eb0f23be81b3bc68379201798dc70c36218e1","","96c43a5bdb9ca50fc109876be79eb0f23be81b3bc68379201798dc70c36218e1","true"
"Docs/Security/Evidence/BatchB1_1_Closeout/Node22GateReconciliation/current-staged-stat.txt","??","158","2026-07-28T08:52:19.0288469Z","221fd1eb6a134a7d5f2755faaa88cb0f576535d57c93ee35def8f7c79304c07c","","221fd1eb6a134a7d5f2755faaa88cb0f576535d57c93ee35def8f7c79304c07c","true"
"Docs/Security/Evidence/BatchB1_1_Closeout/Node22GateReconciliation/current-status.txt","??","11645","2026-07-28T08:52:18.4383593Z","3cdc3c6c6ffd88e38d268d0c898aaf5dfe98ad6eadbc51e5d50c7d5efb0d15c1","","3cdc3c6c6ffd88e38d268d0c898aaf5dfe98ad6eadbc51e5d50c7d5efb0d15c1","true"
"Docs/Security/Evidence/BatchB1_1_Closeout/Node22GateReconciliation/file-hashes.csv","??","6970","2026-07-28T08:55:15.5068609Z","a817f67bbcabebb86d1cf32f9a0d27de7a7d462762c6072fa7631706b49e4dc2","","a817f67bbcabebb86d1cf32f9a0d27de7a7d462762c6072fa7631706b49e4dc2","true"
"Docs/Security/Evidence/BatchB1_1_Closeout/Node22GateReconciliation/final-status.txt","??","13522","2026-07-28T08:58:07.5327491Z","fa23106bdfe3bc6854b34e388407592090b134956795a9e12d80a84466cd8aff","","fa23106bdfe3bc6854b34e388407592090b134956795a9e12d80a84466cd8aff","true"
"Docs/Security/Evidence/BatchB1_1_Closeout/Node22GateReconciliation/line-ending-state.txt","??","70077","2026-07-28T08:52:19.6428072Z","089c1afcc970ccce869e0fe1a2c8c4e1ba0ff9f38ca8052103accf6768a7edab","","089c1afcc970ccce869e0fe1a2c8c4e1ba0ff9f38ca8052103accf6768a7edab","true"
"Docs/Security/Evidence/BatchB1_1_Closeout/Node22GateReconciliation/path-diff-evidence.txt","??","259363","2026-07-28T08:54:18.8548321Z","62bb61f0ade1c7fe71f462a7cf08936fe79a1666d7590f8edb047cb045beeaaf","","62bb61f0ade1c7fe71f462a7cf08936fe79a1666d7590f8edb047cb045beeaaf","true"
"Docs/Security/Evidence/BatchB1_1_Closeout/Node22GateReconciliation/reconciliation-findings.md","??","3001","2026-07-28T08:58:56.4208923Z","db27f88cd531daaf8393e0a5a68e8559e6df268e0c02bd97b40b0b4e9ba34eb0","","db27f88cd531daaf8393e0a5a68e8559e6df268e0c02bd97b40b0b4e9ba34eb0","true"
"Docs/Security/Evidence/BatchB1_1_Closeout/Node22GateReconciliation/tracked-file-flags.txt","??","37699","2026-07-28T08:52:19.1938986Z","5c879b8d9fcb269dc4f6f0e84e58bf22fa20f3cc1d818323fb2d7c550ab23e8d","","5c879b8d9fcb269dc4f6f0e84e58bf22fa20f3cc1d818323fb2d7c550ab23e8d","true"
"Docs/Security/Evidence/BatchB1_1_Closeout/Node22GateReconciliation/verification-final.txt","??","1525","2026-07-28T08:59:17.5375000Z","0c872877ae256f31a6b0cb86b60d59cbc53b1ade3a33011db95ec7e9d0ac0419","","0c872877ae256f31a6b0cb86b60d59cbc53b1ade3a33011db95ec7e9d0ac0419","true"
"Docs/Security/Evidence/BatchB1_1_Closeout/Node22GateStableRerun/b1_1-source-integrity.csv","??","274","2026-07-28T09:36:43.6389854Z","3780400c7950946ae1a56d881f28344d0d3f3e6e315fb4cffd02b7b790433e45","","3780400c7950946ae1a56d881f28344d0d3f3e6e315fb4cffd02b7b790433e45","true"
"Docs/Security/Evidence/BatchB1_1_Closeout/Node22GateStableRerun/changed-files.txt","??","749","2026-07-28T09:37:20.6785220Z","41b012d72fa4fd0bb47105f591cf1f70967689096dd55421756c60300c53498f","","41b012d72fa4fd0bb47105f591cf1f70967689096dd55421756c60300c53498f","true"
"Docs/Security/Evidence/BatchB1_1_Closeout/Node22GateStableRerun/concurrent-process-observation.txt","??","20449","2026-07-28T09:36:22.6395831Z","8b894c99e46154c1a6e969903df96f0721d1c433be6dba9b331c7471cc35cb39","","8b894c99e46154c1a6e969903df96f0721d1c433be6dba9b331c7471cc35cb39","true"
"Docs/Security/Evidence/BatchB1_1_Closeout/Node22GateStableRerun/failure-classification.csv","??","274","2026-07-28T09:36:43.6469899Z","3780400c7950946ae1a56d881f28344d0d3f3e6e315fb4cffd02b7b790433e45","","3780400c7950946ae1a56d881f28344d0d3f3e6e315fb4cffd02b7b790433e45","true"
"Docs/Security/Evidence/BatchB1_1_Closeout/Node22GateStableRerun/final-stability-comparison.csv","??","274","2026-07-28T09:36:43.6379848Z","3780400c7950946ae1a56d881f28344d0d3f3e6e315fb4cffd02b7b790433e45","","3780400c7950946ae1a56d881f28344d0d3f3e6e315fb4cffd02b7b790433e45","true"
"Docs/Security/Evidence/BatchB1_1_Closeout/Node22GateStableRerun/git-diff-check-before.txt","??","166","2026-07-28T09:28:22.5563923Z","e43eb42086b2c2c9f73c80ec19200fc1bd8261a54c0a05586c8346d71d6f7632","","e43eb42086b2c2c9f73c80ec19200fc1bd8261a54c0a05586c8346d71d6f7632","true"
"Docs/Security/Evidence/BatchB1_1_Closeout/Node22GateStableRerun/git-diff-check.txt","??","274","2026-07-28T09:36:43.6459900Z","3780400c7950946ae1a56d881f28344d0d3f3e6e315fb4cffd02b7b790433e45","","3780400c7950946ae1a56d881f28344d0d3f3e6e315fb4cffd02b7b790433e45","true"
"Docs/Security/Evidence/BatchB1_1_Closeout/Node22GateStableRerun/git-diff-name-status-before.txt","??","1476","2026-07-28T09:28:22.2062455Z","8751af5b0c999d419e90ad7ef32578397267462c7a26bf306aba575f7a6c5566","","8751af5b0c999d419e90ad7ef32578397267462c7a26bf306aba575f7a6c5566","true"
"Docs/Security/Evidence/BatchB1_1_Closeout/Node22GateStableRerun/git-diff-numstat-before.txt","??","1626","2026-07-28T09:28:22.4213431Z","38fd4a57aa4b648dd9f9830365130399b6474462e093ca6d90ec1c4bd34a17f8","","38fd4a57aa4b648dd9f9830365130399b6474462e093ca6d90ec1c4bd34a17f8","true"
"Docs/Security/Evidence/BatchB1_1_Closeout/Node22GateStableRerun/git-diff-stat-before.txt","??","2751","2026-07-28T09:28:22.1377174Z","5a26b1e2e1bbb3ea8c58487501d8b5f8ebfe4de369f4ea6e2315a571fc35601a","","5a26b1e2e1bbb3ea8c58487501d8b5f8ebfe4de369f4ea6e2315a571fc35601a","true"
"Docs/Security/Evidence/BatchB1_1_Closeout/Node22GateStableRerun/git-eol-before.txt","??","69148","2026-07-28T09:28:23.1306826Z","cce1df2c953274fd0b48117c20080602cc65b6bf5afc8b47ced2480c05c30b2d","","cce1df2c953274fd0b48117c20080602cc65b6bf5afc8b47ced2480c05c30b2d","true"
"Docs/Security/Evidence/BatchB1_1_Closeout/Node22GateStableRerun/git-index-before.txt","??","78784","2026-07-28T09:28:22.6104136Z","987b78690b20a9c3dce497dd0ce344b59c09b131588065944f0e2ebb5df47634","","987b78690b20a9c3dce497dd0ce344b59c09b131588065944f0e2ebb5df47634","true"
"Docs/Security/Evidence/BatchB1_1_Closeout/Node22GateStableRerun/git-staged-name-status-before.txt","??","0","2026-07-28T09:28:22.3152816Z","e3b0c44298fc1c149afbf4c8996fb92427ae41e4649b934ca495991b7852b855","","e3b0c44298fc1c149afbf4c8996fb92427ae41e4649b934ca495991b7852b855","true"
"Docs/Security/Evidence/BatchB1_1_Closeout/Node22GateStableRerun/git-staged-numstat-before.txt","??","0","2026-07-28T09:28:22.4458556Z","e3b0c44298fc1c149afbf4c8996fb92427ae41e4649b934ca495991b7852b855","","e3b0c44298fc1c149afbf4c8996fb92427ae41e4649b934ca495991b7852b855","true"
"Docs/Security/Evidence/BatchB1_1_Closeout/Node22GateStableRerun/git-status-before.txt","??","13354","2026-07-28T09:28:22.0581940Z","063f354617fa44199f9da4d0cd7245a5ce641ea5ca3933b1ef22852dc3230399","","063f354617fa44199f9da4d0cd7245a5ce641ea5ca3933b1ef22852dc3230399","true"
"Docs/Security/Evidence/BatchB1_1_Closeout/Node22GateStableRerun/live-memory-test.txt","??","274","2026-07-28T09:36:43.6409861Z","3780400c7950946ae1a56d881f28344d0d3f3e6e315fb4cffd02b7b790433e45","","3780400c7950946ae1a56d881f28344d0d3f3e6e315fb4cffd02b7b790433e45","true"
"Docs/Security/Evidence/BatchB1_1_Closeout/Node22GateStableRerun/monitored-paths.txt","??","48757","2026-07-28T09:27:19.9889388Z","874fa3cb87fd7e8cb7d60050961b877acd4a2dd9c4a245fc5567ac3caccdc58f","","874fa3cb87fd7e8cb7d60050961b877acd4a2dd9c4a245fc5567ac3caccdc58f","true"
"Docs/Security/Evidence/BatchB1_1_Closeout/Node22GateStableRerun/node-environment.txt","??","1342","2026-07-28T09:36:13.8569782Z","f664ee0b18c3f59fca4ffa96aa516d2e8b17550b98b2075d96748d1007bf2451","","f664ee0b18c3f59fca4ffa96aa516d2e8b17550b98b2075d96748d1007bf2451","true"
"Docs/Security/Evidence/BatchB1_1_Closeout/Node22GateStableRerun/npm-test.txt","??","274","2026-07-28T09:36:43.6399853Z","3780400c7950946ae1a56d881f28344d0d3f3e6e315fb4cffd02b7b790433e45","","3780400c7950946ae1a56d881f28344d0d3f3e6e315fb4cffd02b7b790433e45","true"
"Docs/Security/Evidence/BatchB1_1_Closeout/Node22GateStableRerun/remaining-risks.md","??","2762","2026-07-28T09:37:20.7175368Z","166193741af0854dff4f20d2d48cb5093401c36df9ae9600d99f7bef5cff989c","","166193741af0854dff4f20d2d48cb5093401c36df9ae9600d99f7bef5cff989c","true"
"Docs/Security/Evidence/BatchB1_1_Closeout/Node22GateStableRerun/source-state-after-diff-check.csv","??","274","2026-07-28T09:36:43.6349846Z","3780400c7950946ae1a56d881f28344d0d3f3e6e315fb4cffd02b7b790433e45","","3780400c7950946ae1a56d881f28344d0d3f3e6e315fb4cffd02b7b790433e45","true"
"Docs/Security/Evidence/BatchB1_1_Closeout/Node22GateStableRerun/source-state-after-electron-tsc.csv","??","274","2026-07-28T09:36:43.6339852Z","3780400c7950946ae1a56d881f28344d0d3f3e6e315fb4cffd02b7b790433e45","","3780400c7950946ae1a56d881f28344d0d3f3e6e315fb4cffd02b7b790433e45","true"
"Docs/Security/Evidence/BatchB1_1_Closeout/Node22GateStableRerun/source-state-after-live-memory.csv","??","274","2026-07-28T09:36:43.6309859Z","3780400c7950946ae1a56d881f28344d0d3f3e6e315fb4cffd02b7b790433e45","","3780400c7950946ae1a56d881f28344d0d3f3e6e315fb4cffd02b7b790433e45","true"
"Docs/Security/Evidence/BatchB1_1_Closeout/Node22GateStableRerun/source-state-after-main-tsc.csv","??","274","2026-07-28T09:36:43.6329850Z","3780400c7950946ae1a56d881f28344d0d3f3e6e315fb4cffd02b7b790433e45","","3780400c7950946ae1a56d881f28344d0d3f3e6e315fb4cffd02b7b790433e45","true"
"Docs/Security/Evidence/BatchB1_1_Closeout/Node22GateStableRerun/source-state-after-npm-test.csv","??","274","2026-07-28T09:36:43.6299847Z","3780400c7950946ae1a56d881f28344d0d3f3e6e315fb4cffd02b7b790433e45","","3780400c7950946ae1a56d881f28344d0d3f3e6e315fb4cffd02b7b790433e45","true"
"Docs/Security/Evidence/BatchB1_1_Closeout/Node22GateStableRerun/source-state-before.csv","??","259858","2026-07-28T09:32:42.4880945Z","cd8b586fae033cd02e1c097e448e4f5b510b449fb4bcc4c83504f0141182a6b0","","cd8b586fae033cd02e1c097e448e4f5b510b449fb4bcc4c83504f0141182a6b0","true"
"Docs/Security/Evidence/BatchB1_1_Closeout/Node22GateStableRerun/source-state-final.csv","??","274","2026-07-28T09:36:43.6369856Z","3780400c7950946ae1a56d881f28344d0d3f3e6e315fb4cffd02b7b790433e45","","3780400c7950946ae1a56d881f28344d0d3f3e6e315fb4cffd02b7b790433e45","true"
"Docs/Security/Evidence/BatchB1_1_Closeout/Node22GateStableRerun/source-state-pretest.csv","??","274","2026-07-28T09:36:43.6279847Z","3780400c7950946ae1a56d881f28344d0d3f3e6e315fb4cffd02b7b790433e45","","3780400c7950946ae1a56d881f28344d0d3f3e6e315fb4cffd02b7b790433e45","true"
"Docs/Security/Evidence/BatchB1_1_Closeout/Node22GateStableRerun/stability-comparison.csv","??","474","2026-07-28T09:35:16.5018704Z","6ce189aaabd302019685075cfb9c2ef99fd0242310b519e69c534a98860c443f","","6ce189aaabd302019685075cfb9c2ef99fd0242310b519e69c534a98860c443f","true"
"Docs/Security/Evidence/BatchB1_1_Closeout/Node22GateStableRerun/stability-snapshot-t0.csv","??","259858","2026-07-28T09:32:59.2908876Z","cd8b586fae033cd02e1c097e448e4f5b510b449fb4bcc4c83504f0141182a6b0","","cd8b586fae033cd02e1c097e448e4f5b510b449fb4bcc4c83504f0141182a6b0","true"
"Docs/Security/Evidence/BatchB1_1_Closeout/Node22GateStableRerun/stability-snapshot-t120.csv","??","259858","2026-07-28T09:35:03.3517034Z","cd8b586fae033cd02e1c097e448e4f5b510b449fb4bcc4c83504f0141182a6b0","","cd8b586fae033cd02e1c097e448e4f5b510b449fb4bcc4c83504f0141182a6b0","true"
"Docs/Security/Evidence/BatchB1_1_Closeout/Node22GateStableRerun/stability-snapshot-t60.csv","??","259858","2026-07-28T09:34:01.3499025Z","cd8b586fae033cd02e1c097e448e4f5b510b449fb4bcc4c83504f0141182a6b0","","cd8b586fae033cd02e1c097e448e4f5b510b449fb4bcc4c83504f0141182a6b0","true"
"Docs/Security/Evidence/BatchB1_1_Closeout/Node22GateStableRerun/tests-summary.csv","??","274","2026-07-28T09:36:43.6479900Z","3780400c7950946ae1a56d881f28344d0d3f3e6e315fb4cffd02b7b790433e45","","3780400c7950946ae1a56d881f28344d0d3f3e6e315fb4cffd02b7b790433e45","true"
"Docs/Security/Evidence/BatchB1_1_Closeout/Node22GateStableRerun/typescript-electron.txt","??","274","2026-07-28T09:36:43.6439912Z","3780400c7950946ae1a56d881f28344d0d3f3e6e315fb4cffd02b7b790433e45","","3780400c7950946ae1a56d881f28344d0d3f3e6e315fb4cffd02b7b790433e45","true"
"Docs/Security/Evidence/BatchB1_1_Closeout/Node22GateStableRerun/typescript-main.txt","??","274","2026-07-28T09:36:43.6429916Z","3780400c7950946ae1a56d881f28344d0d3f3e6e315fb4cffd02b7b790433e45","","3780400c7950946ae1a56d881f28344d0d3f3e6e315fb4cffd02b7b790433e45","true"
"Docs/Security/Evidence/BatchB1_1_Closeout/Node22GateStableRerun/verification-final.txt","??","4650","2026-07-28T09:38:07.4383887Z","b61261eae4515d1e141cb112823890f6b360f103c201ebd327d62efee64241d4","","b61261eae4515d1e141cb112823890f6b360f103c201ebd327d62efee64241d4","true"
"Docs/Security/Evidence/BatchB1_1_Closeout/Node22GateStableRerun2/b1_1-source-integrity.csv","??","7611","2026-07-28T09:54:53.9526040Z","5a402e58d761d0902489809d74f58851c20399c4d6a596ef763c23904d99cf3b","","5a402e58d761d0902489809d74f58851c20399c4d6a596ef763c23904d99cf3b","true"
"Docs/Security/Evidence/BatchB1_1_Closeout/Node22GateStableRerun2/changed-files.txt","??","1208","2026-07-28T09:55:35.2335789Z","89b2f57f0c0b44311b3f226c307e5c38673572bff495ae8ca7ed3f88ba0a5144","","89b2f57f0c0b44311b3f226c307e5c38673572bff495ae8ca7ed3f88ba0a5144","true"
"Docs/Security/Evidence/BatchB1_1_Closeout/Node22GateStableRerun2/failure-classification.csv","??","1100","2026-07-28T09:55:08.5589323Z","bc88efdc2a5999ab86fb454da0b44fe652de8dde6388d18d65281e6de29d66cb","","bc88efdc2a5999ab86fb454da0b44fe652de8dde6388d18d65281e6de29d66cb","true"
"Docs/Security/Evidence/BatchB1_1_Closeout/Node22GateStableRerun2/final-stability-comparison.csv","??","658","2026-07-28T09:54:27.0604868Z","5452481096c4cc7e9bf39a3f88d208eb774e8f09e4e4c9cfe4df77c237f667a6","","5452481096c4cc7e9bf39a3f88d208eb774e8f09e4e4c9cfe4df77c237f667a6","true"
"Docs/Security/Evidence/BatchB1_1_Closeout/Node22GateStableRerun2/git-diff-check.txt","??","4602","2026-07-28T09:52:48.4826118Z","a016b9fac2af0c4cd2d59cf698493216cb8ba2365474779fc18beec4436ba025","","a016b9fac2af0c4cd2d59cf698493216cb8ba2365474779fc18beec4436ba025","true"
"Docs/Security/Evidence/BatchB1_1_Closeout/Node22GateStableRerun2/git-status-final.txt","??","18237","2026-07-28T09:54:15.4171161Z","3f71779b71bd15563fe371c82bb2328e4d1a4537d9a77ecae0eccf1bc5ef20e4","","3f71779b71bd15563fe371c82bb2328e4d1a4537d9a77ecae0eccf1bc5ef20e4","true"
"Docs/Security/Evidence/BatchB1_1_Closeout/Node22GateStableRerun2/git-status-pretest.txt","??","16883","2026-07-28T09:49:34.5945783Z","9a9b8b19ffe18955dc7e931d379da35d9d597151c5d7ad06a4bccbe838bd8065","","9a9b8b19ffe18955dc7e931d379da35d9d597151c5d7ad06a4bccbe838bd8065","true"
"Docs/Security/Evidence/BatchB1_1_Closeout/Node22GateStableRerun2/live-memory-test-node22.txt","??","52351","2026-07-28T09:51:45.8461352Z","eb12f418504a8a7d6f9e8c08e99ced463e739a3626a167b9266610d6185ca225","","eb12f418504a8a7d6f9e8c08e99ced463e739a3626a167b9266610d6185ca225","true"
"Docs/Security/Evidence/BatchB1_1_Closeout/Node22GateStableRerun2/node22-candidates.csv","??","839","2026-07-28T09:48:15.3033030Z","7c54e34aaf0cc1eb5b62894f47058d7e04362c203636b2833a89ea7a8c263150","","7c54e34aaf0cc1eb5b62894f47058d7e04362c203636b2833a89ea7a8c263150","true"
"Docs/Security/Evidence/BatchB1_1_Closeout/Node22GateStableRerun2/node22-direct-invocation.txt","??","1737","2026-07-28T09:49:10.9204477Z","c370d18f5576f4678fe956e9f46f0e76d90b7449013630c6c28f9ddcf0040608","","c370d18f5576f4678fe956e9f46f0e76d90b7449013630c6c28f9ddcf0040608","true"
"Docs/Security/Evidence/BatchB1_1_Closeout/Node22GateStableRerun2/npm-test-node22.txt","??","251141","2026-07-28T09:51:25.2227776Z","306ecd362000bbbe24b461431b34bb20b5e172656515926216d5f9667cb3d69a","","306ecd362000bbbe24b461431b34bb20b5e172656515926216d5f9667cb3d69a","true"
"Docs/Security/Evidence/BatchB1_1_Closeout/Node22GateStableRerun2/pretest-stability-comparison.csv","??","217","2026-07-28T09:50:47.3695012Z","068d1cdf57bc4a6772a0ff67156c13c1a997525122dbdc1e5bbdbc23695f5a34","","068d1cdf57bc4a6772a0ff67156c13c1a997525122dbdc1e5bbdbc23695f5a34","true"
"Docs/Security/Evidence/BatchB1_1_Closeout/Node22GateStableRerun2/prior-node22-environment.md","??","2931","2026-07-28T09:47:48.6188813Z","5a2f8b7cdad93bb5241a0f8fe101f7e13883d3c91217a54e7dc24d2ca9710b7a","","5a2f8b7cdad93bb5241a0f8fe101f7e13883d3c91217a54e7dc24d2ca9710b7a","true"
"Docs/Security/Evidence/BatchB1_1_Closeout/Node22GateStableRerun2/remaining-risks.md","??","2949","2026-07-28T09:55:35.2745960Z","47abfc27a6d7728fe1c4c72af1e95184d568aa00a8c43b90ce5e11c681629df5","","47abfc27a6d7728fe1c4c72af1e95184d568aa00a8c43b90ce5e11c681629df5","true"
"Docs/Security/Evidence/BatchB1_1_Closeout/Node22GateStableRerun2/source-state-after-diff-check.csv","??","268349","2026-07-28T09:53:02.1929380Z","302de26891559f5ebb6b631f733bb13710700660543d40a99eeca90cfc00dbc5","","302de26891559f5ebb6b631f733bb13710700660543d40a99eeca90cfc00dbc5","true"
"Docs/Security/Evidence/BatchB1_1_Closeout/Node22GateStableRerun2/source-state-after-electron-tsc.csv","??","268349","2026-07-28T09:53:00.2386866Z","302de26891559f5ebb6b631f733bb13710700660543d40a99eeca90cfc00dbc5","","302de26891559f5ebb6b631f733bb13710700660543d40a99eeca90cfc00dbc5","true"
"Docs/Security/Evidence/BatchB1_1_Closeout/Node22GateStableRerun2/source-state-after-live-memory.csv","??","268349","2026-07-28T09:51:56.3497583Z","302de26891559f5ebb6b631f733bb13710700660543d40a99eeca90cfc00dbc5","","302de26891559f5ebb6b631f733bb13710700660543d40a99eeca90cfc00dbc5","true"
"Docs/Security/Evidence/BatchB1_1_Closeout/Node22GateStableRerun2/source-state-after-main-tsc.csv","??","268349","2026-07-28T09:52:58.2676782Z","302de26891559f5ebb6b631f733bb13710700660543d40a99eeca90cfc00dbc5","","302de26891559f5ebb6b631f733bb13710700660543d40a99eeca90cfc00dbc5","true"
"Docs/Security/Evidence/BatchB1_1_Closeout/Node22GateStableRerun2/source-state-after-npm-test.csv","??","268349","2026-07-28T09:51:54.3588208Z","302de26891559f5ebb6b631f733bb13710700660543d40a99eeca90cfc00dbc5","","302de26891559f5ebb6b631f733bb13710700660543d40a99eeca90cfc00dbc5","true"
"Docs/Security/Evidence/BatchB1_1_Closeout/Node22GateStableRerun2/source-state-final.csv","??","268349","2026-07-28T09:54:17.2873568Z","302de26891559f5ebb6b631f733bb13710700660543d40a99eeca90cfc00dbc5","","302de26891559f5ebb6b631f733bb13710700660543d40a99eeca90cfc00dbc5","true"
"Docs/Security/Evidence/BatchB1_1_Closeout/Node22GateStableRerun2/source-state-pretest-t60.csv","??","268349","2026-07-28T09:50:43.1467252Z","8c28e4d14286598ef2fc3c9f547e27959059992a5daed5cc9e6b73b0ff40202c","","8c28e4d14286598ef2fc3c9f547e27959059992a5daed5cc9e6b73b0ff40202c","true"
"Docs/Security/Evidence/BatchB1_1_Closeout/Node22GateStableRerun2/source-state-pretest.csv","??","268349","2026-07-28T09:49:36.6261961Z","8c28e4d14286598ef2fc3c9f547e27959059992a5daed5cc9e6b73b0ff40202c","","8c28e4d14286598ef2fc3c9f547e27959059992a5daed5cc9e6b73b0ff40202c","true"
"Docs/Security/Evidence/BatchB1_1_Closeout/Node22GateStableRerun2/tests-summary.csv","??","798","2026-07-28T09:55:08.5168783Z","9520b343856eb0425c3bb985cc52ba2ddda8ab520284b8b1d3d5949c4d853c7c","","9520b343856eb0425c3bb985cc52ba2ddda8ab520284b8b1d3d5949c4d853c7c","true"
"Docs/Security/Evidence/BatchB1_1_Closeout/Node22GateStableRerun2/typescript-electron-node22.txt","??","13486","2026-07-28T09:52:32.0355846Z","3e76125be7093dd5f5df21303e7ffabe4fa7edece7b9424c5bb4359db9d4983a","","3e76125be7093dd5f5df21303e7ffabe4fa7edece7b9424c5bb4359db9d4983a","true"
"Docs/Security/Evidence/BatchB1_1_Closeout/Node22GateStableRerun2/typescript-main-node22.txt","??","276","2026-07-28T09:52:21.9337213Z","7c48702aed576b303edd9d7b5dd8427de5e8aa58cfba6343759e7f496f84153e","","7c48702aed576b303edd9d7b5dd8427de5e8aa58cfba6343759e7f496f84153e","true"
"Docs/Security/Evidence/BatchB1_1_Closeout/Node22GateStableRerun2/verification-final.txt","??","4554","2026-07-28T09:55:57.5517201Z","43dd379e395e7bd0390b11831ba224521c4e24417b444245b8a5c3706e4a277b","","43dd379e395e7bd0390b11831ba224521c4e24417b444245b8a5c3706e4a277b","true"
"Docs/Security/Evidence/BatchB1_1_Closeout/repository-root.txt","??","25","2026-07-27T17:47:08.3751932Z","d477cf4da2cab14529e5e64781a49c66a206f586a39d8e11b71c179796ef64b0","","d477cf4da2cab14529e5e64781a49c66a206f586a39d8e11b71c179796ef64b0","true"
"Docs/Security/Evidence/BatchB1_1_Closeout/security-files-diff.txt","??","110820","2026-07-27T22:00:06.9937161Z","2fe5f6e9e6c8819fb9e9ff3840f4603e1b177312bdd3c24190ce1ac539b47186","","2fe5f6e9e6c8819fb9e9ff3840f4603e1b177312bdd3c24190ce1ac539b47186","true"
"Docs/Security/Evidence/BatchB1_1_Closeout/security-files-numstat.txt","??","1902","2026-07-27T21:59:49.9770403Z","304789d7a6a50e7d4ac382add80fd1b9839036e1d60f3efeeaa7144ac5387397","","304789d7a6a50e7d4ac382add80fd1b9839036e1d60f3efeeaa7144ac5387397","true"
"Docs/Security/Evidence/BatchB1_1_Closeout/test-full-before.txt","??","122","2026-07-27T17:56:28.3022846Z","92396a29ea57b4edaab4adffca904a068d0a213aabfe69fe36ae3436be51e557","","92396a29ea57b4edaab4adffca904a068d0a213aabfe69fe36ae3436be51e557","true"
"Docs/Security/Evidence/BatchB1_1_Closeout/test-live-memory-before.txt","??","126","2026-07-27T17:56:12.7851801Z","13b6620dadbc8d25e24aa435ade70fc5d900e7355c6d273025bdfde93911defe","","13b6620dadbc8d25e24aa435ade70fc5d900e7355c6d273025bdfde93911defe","true"
"Docs/Security/Evidence/BatchB1_1_Closeout/typescript-electron-before.txt","??","18634","2026-07-27T17:55:59.7948567Z","b8cdc2f7bad913ae70c0405d880c8e73c0380f34c34f63edde663875dc2515c1","","b8cdc2f7bad913ae70c0405d880c8e73c0380f34c34f63edde663875dc2515c1","true"
"Docs/Security/Evidence/BatchB1_1_Closeout/typescript-main-before.txt","??","19","2026-07-27T17:49:31.9991920Z","d48ec7adb187b1bf28f9445512fd81273f4b188d1783d1770c28bd2b983004d8","","d48ec7adb187b1bf28f9445512fd81273f4b188d1783d1770c28bd2b983004d8","true"
"Docs/Security/Evidence/BatchB1_1/changed-files.txt","??","487","2026-07-27T13:41:17.9322929Z","5f2c51e4e3ae3ec6d00bb6a8f5ff24177e0ff2ec38ea733e470dc657db1469c5","","5f2c51e4e3ae3ec6d00bb6a8f5ff24177e0ff2ec38ea733e470dc657db1469c5","true"
"Docs/Security/Evidence/BatchB1_1/design.md","??","6701","2026-07-27T13:41:07.1679873Z","23c0516dd06b3f21f5a749eaa9534d01b9745a2b07648c73aba8bdbb97d12dce","","23c0516dd06b3f21f5a749eaa9534d01b9745a2b07648c73aba8bdbb97d12dce","true"
"Docs/Security/Evidence/BatchB1_1/remaining-risks.md","??","3536","2026-07-27T13:42:21.4103773Z","31063ca4932f212ef323436c0afab7de6ea373009106d2ef38140ad83c461006","","31063ca4932f212ef323436c0afab7de6ea373009106d2ef38140ad83c461006","true"
"Docs/Security/Evidence/BatchB1_1/tests-run.txt","??","1484","2026-07-27T13:41:28.7306282Z","6abeec229d41d53dd379ebb88ac73c2fe3d790865f444afa686ad29ae527f2bf","","6abeec229d41d53dd379ebb88ac73c2fe3d790865f444afa686ad29ae527f2bf","true"
"Docs/Security/Evidence/BatchB1_1/verification-final.txt","??","3138","2026-07-27T13:43:37.4964091Z","c551842906d662ff371ccff59dae6f28cd53176c26e4a0b360f4be60dd6d0930","","c551842906d662ff371ccff59dae6f28cd53176c26e4a0b360f4be60dd6d0930","true"
"Docs/Security/Evidence/BatchB1/baseline-files.txt","??","4061","2026-07-27T07:03:19.8196097Z","14d7092a8faec42c34fb01d8fa9acb56f4f2415747b59c86ac99ce28b72f3992","","14d7092a8faec42c34fb01d8fa9acb56f4f2415747b59c86ac99ce28b72f3992","true"
"Docs/Security/Evidence/BatchB1/batcha-disposition-updates.csv","??","2552","2026-07-27T07:09:04.3138630Z","da3c8c16b89615196da832927a90c137993f5369572cc940d090d685aec5c08a","","da3c8c16b89615196da832927a90c137993f5369572cc940d090d685aec5c08a","true"
"Docs/Security/Evidence/BatchB1/batchb1-owned-diff.txt","??","39476","2026-07-27T07:31:38.6535760Z","03f8fa4a4f98f6efd8693a0d2187e56350daec6be3c3379c8453b5cffd4cd224","","03f8fa4a4f98f6efd8693a0d2187e56350daec6be3c3379c8453b5cffd4cd224","true"
"Docs/Security/Evidence/BatchB1/changed-files.txt","??","2979","2026-07-27T07:37:25.4775911Z","62c191535a5c3655b7ec010d467ed4811e88e0f523d8162da0a6d6faea2dcfda","","62c191535a5c3655b7ec010d467ed4811e88e0f523d8162da0a6d6faea2dcfda","true"
"Docs/Security/Evidence/BatchB1/finding-revalidation-v2.md","??","37991","2026-07-27T07:38:38.8389443Z","834642050c4c45546e9d21f8402b696928969f030f7641cb4f4877cfd568ebfa","","834642050c4c45546e9d21f8402b696928969f030f7641cb4f4877cfd568ebfa","true"
"Docs/Security/Evidence/BatchB1/finding-revalidation.md","??","19385","2026-07-27T07:37:05.1025784Z","529b48228501c369798863a05952941805714b16d07ed6d135fff2387d16ed67","","529b48228501c369798863a05952941805714b16d07ed6d135fff2387d16ed67","true"
"Docs/Security/Evidence/BatchB1/preexisting-diff-preserved.txt","??","9664","2026-07-27T07:32:04.0433068Z","38070d1af9ecd110c76b6740c1cecaf011f412711de514deae84ba2c5bb60b55","","38070d1af9ecd110c76b6740c1cecaf011f412711de514deae84ba2c5bb60b55","true"
"Docs/Security/Evidence/BatchB1/tests-run.txt","??","8743","2026-07-27T07:39:14.1052943Z","f718c75620338b44ac2ed6ced21bb57a039f85ce9a8e372ce1c3903b707e2760","","f718c75620338b44ac2ed6ced21bb57a039f85ce9a8e372ce1c3903b707e2760","true"
"Docs/Security/Evidence/BatchB1/verification-final.txt","??","10019","2026-07-27T07:39:07.3476267Z","99f7d77865af5284b8fa2d380cefd06ea332ee20afaff77d779bc556ac4119f5","","99f7d77865af5284b8fa2d380cefd06ea332ee20afaff77d779bc556ac4119f5","true"
"Docs/Security/IPC_CHANNEL_INVENTORY.md","  ","3605","2026-06-22T18:28:24.5751107Z","ff6fdbda02cab26eabaf8028e9dec08d79d5bcf6ea2688c167b27fd603f6d667","bd1b9324463fa874b6206d26b40574c75eaa6e96","ff6fdbda02cab26eabaf8028e9dec08d79d5bcf6ea2688c167b27fd603f6d667","true"
"Docs/Security/SOLITH_ATTACK_SURFACE.md","??","15384","2026-07-27T00:01:55.0147212Z","b1259ac28991059e17fff661bcbd2001367254c57dc6d0470251e890e757a8ef","","b1259ac28991059e17fff661bcbd2001367254c57dc6d0470251e890e757a8ef","true"
"Docs/Security/SOLITH_BATCH_A_COMPLETE_AUDIT.md","??","12858","2026-07-26T12:37:16.6456418Z","2415aa7b43b5159bbc68251df90a93bb5a9a80ffed632143564c059dfa5865f6","","2415aa7b43b5159bbc68251df90a93bb5a9a80ffed632143564c059dfa5865f6","true"
"Docs/Security/SOLITH_DEPENDENCY_INVENTORY.md","??","4650","2026-07-26T12:40:16.6484053Z","4cef2820aff3a8961287891cc2efdde3ab8c3807e764ad6e017dd1d1f1e732f4","","4cef2820aff3a8961287891cc2efdde3ab8c3807e764ad6e017dd1d1f1e732f4","true"
"Docs/Security/SOLITH_IPC_INVENTORY_BATCH_A.md","??","8108","2026-07-26T12:37:09.4127812Z","d690afd3031f3cc1e01964b84aa1feae4e8b18a7c2039485424bc34ed9819a8d","","d690afd3031f3cc1e01964b84aa1feae4e8b18a7c2039485424bc34ed9819a8d","true"
"Docs/Security/SOLITH_SECURITY_ARCHITECTURE.md","??","12142","2026-07-27T00:03:02.0586581Z","5c9bc8ad6ec8e8f97d0467e179869f2b0ea88a91515c4e231ccbc7cf1450670a","","5c9bc8ad6ec8e8f97d0467e179869f2b0ea88a91515c4e231ccbc7cf1450670a","true"
"Docs/Security/SOLITH_SECURITY_FINDINGS_BATCH_A_REVISED.md","??","11258","2026-07-26T12:37:13.1464869Z","c2383cde626dbfe89980df1fc5662f0382fe1118cb0a5aeb1658467fb92f00a7","","c2383cde626dbfe89980df1fc5662f0382fe1118cb0a5aeb1658467fb92f00a7","true"
"Docs/Security/SOLITH_SECURITY_FINDINGS_INITIAL.md","??","11999","2026-07-27T00:02:36.1261404Z","9cb1e7b08190632534ea80e0134c07a501fdb9f391e7a522f43575ec48b55bf4","","9cb1e7b08190632534ea80e0134c07a501fdb9f391e7a522f43575ec48b55bf4","true"
"Docs/Security/Tools/Extract-SolithIpcSurface.ps1","??","4456","2026-07-27T05:35:05.9271460Z","e59320675f1acdc116b6727f9762a176bc4abfa0f3f748409eab6cd0505c9ee5","","e59320675f1acdc116b6727f9762a176bc4abfa0f3f748409eab6cd0505c9ee5","true"
"Docs/SOLITH_LIVE_TRAINER_PARITY.md","  ","11421","2026-07-12T07:41:14.6291745Z","baf6c3000feb9118b115409a1d8ab2df356a470f6c63d4a73615742ba4b3fc4f","7c1ecd98084d2a5f1a9f2317753301f4799b0c67","baf6c3000feb9118b115409a1d8ab2df356a470f6c63d4a73615742ba4b3fc4f","true"
"Docs/SOLITH_MASTER_ROADMAP.md","  ","26826","2026-07-28T08:49:19.9774661Z","1d81c3e8bce15e5eaffcc1d0a106cef67478a32c561956d7af99171765d92a37","f9ae912bee523dfe9cce8d188e217f01a38bfe5d","1d81c3e8bce15e5eaffcc1d0a106cef67478a32c561956d7af99171765d92a37","true"
"Docs/SOLITH_UI_HIERARCHY.md","  ","1532","2026-07-15T15:06:12.8617851Z","790dd9008d02c50c8214cc1d9fbdbc1250424a8f953967cba6e95010240fb003","989fc1b47267f677e8d8d14218f79c16fdeb56cc","790dd9008d02c50c8214cc1d9fbdbc1250424a8f953967cba6e95010240fb003","true"
"Docs/superpowers/specs/2026-07-09-visual-redesign-foundation-design.md","  ","12076","2026-07-21T05:12:16.8813495Z","0ff43cd69b7305acb37104cff4baf5c1741c3b77b5078e03e0df4e5d16586ba7","b4490e39c9bbc603b471327ef41cc14fe746ecb6","0ff43cd69b7305acb37104cff4baf5c1741c3b77b5078e03e0df4e5d16586ba7","true"
"Docs/V1_STABILIZATION_MANIFEST.md","??","19285","2026-07-26T11:23:57.9465591Z","0bc04f8009cb18b4d07a234c63ab03cf302fe06e5268a460d56e0561e2dd0d5c","","0bc04f8009cb18b4d07a234c63ab03cf302fe06e5268a460d56e0561e2dd0d5c","true"
"Docs/Walkthroughs/CORE_WORKFLOW_WALKTHROUGH.md","  ","1153","2026-07-21T05:12:16.8773506Z","69d171ef57e3e5acb3fe0c93abd116ba2840ca5aeb4f1270bc1561ff1e06b74a","c8fbace0d0f70876a550b3e969d1285674b04324","69d171ef57e3e5acb3fe0c93abd116ba2840ca5aeb4f1270bc1561ff1e06b74a","true"
"electron/app-paths.ts","  ","307","2026-07-21T05:12:16.9313614Z","d58eaea595429485d3cbedbbff351d13de42c526ad24e1629e636b7685e323ca","b12826e485ea3fa99a30f55eb64e57551b263dd9","d58eaea595429485d3cbedbbff351d13de42c526ad24e1629e636b7685e323ca","true"
"electron/avowed-wingdk-backup-watch.ts","  ","6720","2026-07-21T05:12:16.9323642Z","e32ab4df0838815ccc7a1561bc4b69b8807ccbb97c2790742edf658feb4f1c79","f84a5c5f04df44cbe93d952755bd44fde6b2f229","e32ab4df0838815ccc7a1561bc4b69b8807ccbb97c2790742edf658feb4f1c79","true"
"electron/catalog-process-watch.ts","  ","4121","2026-07-21T05:12:16.9343657Z","0af9c7a4064609e36844ef2442687eb77e0ce1f81bbc9e0c3b7c98c8656aecae","1d84eca1a96cf08be19d52d8ab06df485a2f4ac5","0af9c7a4064609e36844ef2442687eb77e0ce1f81bbc9e0c3b7c98c8656aecae","true"
"electron/cheat-toggle-ipc.ts","  ","2488","2026-07-21T05:12:16.9363672Z","f270ece065d9c2fb24517ca85f34f9cd4de51b363682294631a4c48bc38a1ff1","c61d535ae46c6e6cb4994ae032ac90542819834f","f270ece065d9c2fb24517ca85f34f9cd4de51b363682294631a4c48bc38a1ff1","true"
"electron/community-sync-orchestrator.ts","  ","3778","2026-07-25T00:14:37.5544565Z","20bf93fa99c611884fcd7ae68b130e798d9d8c37b1787671c070df7a9f9383af","a6395149d9a5eb8efb8cb338329c38a9f49c4ead","20bf93fa99c611884fcd7ae68b130e798d9d8c37b1787671c070df7a9f9383af","true"
"electron/ct-library-ipc.ts","  ","9357","2026-07-28T07:19:36.8531187Z","2965e6ae7a651d67df13f117970fed1046caa75758153c9d1ac71c6b1daf5eb9","108f68cfeb2e5853a5ce527f1eec49e9154ada2c","2965e6ae7a651d67df13f117970fed1046caa75758153c9d1ac71c6b1daf5eb9","true"
"electron/install-discovery-ipc.ts"," M","3770","2026-07-27T05:45:20.1344713Z","b7bf0e35f667eb5604e7ac45b6fa674b7fb581d2fbce786206cfe6516fa07e22","41dea18b827f62d5fbae81be616484856ca7e818","b7bf0e35f667eb5604e7ac45b6fa674b7fb581d2fbce786206cfe6516fa07e22","true"
"electron/ipc-validation.ts"," M","29613","2026-07-27T11:38:18.0131417Z","1b2c57ee1c19c00d330c74cc80c69109c0682a604b2d2200fc45a91c470242cc","eb3a3ae6bb41f1da8309fd4f757accda0448fd78","1b2c57ee1c19c00d330c74cc80c69109c0682a604b2d2200fc45a91c470242cc","true"
"electron/live-memory-ipc.ts"," M","73454","2026-07-29T16:41:16.4186467Z","c479a2849dc4f95ab631625b7728e125f6b7674e2b64e9c43a58b11c3323c2fc","8f2c3ddb2ac325e938a54f284511ba806121dc38","c479a2849dc4f95ab631625b7728e125f6b7674e2b64e9c43a58b11c3323c2fc","true"
"electron/local-ocr-ipc.ts","  ","3835","2026-07-23T22:47:26.2661836Z","e53fe22e32e60b86cc360c9cf26464a17902be87d54727b4db26a062b3365b31","f44196b72635f50e6f8c70df181037f74dc138fb","e53fe22e32e60b86cc360c9cf26464a17902be87d54727b4db26a062b3365b31","true"
"electron/main.ts"," M","45986","2026-07-28T06:09:34.5654864Z","d653e41bdbdb3e5e2e4904a9a7eb2c9ec779b40eb73546b8b6be9b26b15a1964","f337b5d84d2bc990930403d99aaeec24e0975237","d653e41bdbdb3e5e2e4904a9a7eb2c9ec779b40eb73546b8b6be9b26b15a1964","true"
"electron/preload.ts"," M","25157","2026-07-29T16:38:49.1316300Z","6f3391027c012006012d4f4d65b17c4ec57569ad81a75f6669609f3bee6d38ac","732bd369f89a203758c197c3781840fb7b45d8bc","6f3391027c012006012d4f4d65b17c4ec57569ad81a75f6669609f3bee6d38ac","true"
"electron/privileged-consent-dialog.ts"," M","6465","2026-07-27T11:18:19.6524674Z","ff35ddfb70879c854fc0618edd8221eb394536ab5664977c0b69aaedab2f53c9","87433912c13c7a136ff05e56d63209f86b00b9a1","ff35ddfb70879c854fc0618edd8221eb394536ab5664977c0b69aaedab2f53c9","true"
"electron/registry-verification-ipc.ts"," M","10072","2026-07-28T06:06:48.6721383Z","9b89f0828a34fc09e32e63761e8d73f9f9a72f581d43f194f8d634999386fd55","b3a702a8fc0cbf5a0728ef923b5dc0435b32ffa4","9b89f0828a34fc09e32e63761e8d73f9f9a72f581d43f194f8d634999386fd55","true"
"electron/run-compat-test.ts","  ","609","2026-06-22T21:54:19.7959505Z","9e862e4e1d19b4782eecde450948415b27ae74e0aded491b7f7f684be70c5ece","4b8462b3e2fb9175daddfff07699c6571c1cde13","9e862e4e1d19b4782eecde450948415b27ae74e0aded491b7f7f684be70c5ece","true"
"electron/sender-validation.ts","??","1736","2026-07-28T06:04:59.1425537Z","290f2116b22bdff034add65262861d6bdc60de48b4a51daaf9ab74c1f334b869","","290f2116b22bdff034add65262861d6bdc60de48b4a51daaf9ab74c1f334b869","true"
"electron/trainer-catalog-ipc.ts"," M","18818","2026-07-26T04:27:30.2504488Z","066f0d1d8f5b2ee32113b91f740f6be53ca65358707b00a9a32683ae0a7967e6","7d466e4aa9883d85d714ce515ff5e90d5c1ad459","066f0d1d8f5b2ee32113b91f740f6be53ca65358707b00a9a32683ae0a7967e6","true"
"electron/trainer-deck-ipc.ts","  ","6945","2026-07-16T16:39:27.0380857Z","5c6f2ca334a84399285e3f14ce22db07bdcda6e3d5135b1ab7bc9fb42ffdf034","be3738553d8bcf2092dd7725a3ee6c23d3d74cb3","5c6f2ca334a84399285e3f14ce22db07bdcda6e3d5135b1ab7bc9fb42ffdf034","true"
"electron/trainer-hotkeys.ts","  ","3597","2026-07-25T00:19:42.2012719Z","e961dd3d8c2cb2da377a2257eaab0d111d690fbe82e3d9287abee1aa9a026b5f","1c04563ed22cfed3a5e0e8a870e067b174ed7e29","e961dd3d8c2cb2da377a2257eaab0d111d690fbe82e3d9287abee1aa9a026b5f","true"
"electron/trainer-overlay.ts"," M","3102","2026-07-27T11:12:28.8347854Z","3b70fa3579cceec08fe2ee7d1893e7119f261dc5acd29672ea4a7ac16358fbd3","5f5c332f4281e6e190b7235d6948a996e7b002d0","3b70fa3579cceec08fe2ee7d1893e7119f261dc5acd29672ea4a7ac16358fbd3","true"
"electron/trainer-research-ipc.ts","  ","8041","2026-07-13T05:58:27.1777063Z","e9396b26cce43675a50ada1c7963588c1947156f0296e884c9e85a2742721b47","2ce23c1773caeedfea370ad76a7ace3736ce6975","e9396b26cce43675a50ada1c7963588c1947156f0296e884c9e85a2742721b47","true"
"electron/wisp-overlay.ts"," M","9124","2026-07-27T19:35:36.7216037Z","72cd8a3e9b55eb72b377e3bb7a05de120f6f8346590fbb2e72351532fc9e033a","1737012df9a06996c046cf66176bdb97f0a587d4","72cd8a3e9b55eb72b377e3bb7a05de120f6f8346590fbb2e72351532fc9e033a","true"
"fixtures/community-ct/CrimsonDesert.CT","  ","1438925","2026-07-13T05:28:50.6315819Z","214794100dd4359f6079e3e362958e661cb1493bc71e1565355a4c35c2850416","b3db9d99cb588972918ee32a634f81d4ff5def4e","214794100dd4359f6079e3e362958e661cb1493bc71e1565355a4c35c2850416","true"
"fixtures/ue-dumpspace-minimal/ClassesInfo.json","  ","611","2026-07-13T05:53:56.7346152Z","2c926bba689ee71fa7d3401fc273c89c68ada4679a32de0d4368a39b1653a7bc","f7b332de8eecbe82e17d7d99ce2f100e60eb3912","2c926bba689ee71fa7d3401fc273c89c68ada4679a32de0d4368a39b1653a7bc","true"
"fixtures/ue-dumpspace-minimal/OffsetsInfo.json","  ","297","2026-07-13T05:53:56.7356152Z","9f3ac8deb5bb8015c72495f4ec282638f621255ee005e871d7d3b5e5d51969e5","484b1de040540a12e1cde77ee3dfa241756e0ea9","9f3ac8deb5bb8015c72495f4ec282638f621255ee005e871d7d3b5e5d51969e5","true"
"graphify-out/.graphify_analysis.json","  ","246658","2026-07-24T13:17:00.3497393Z","357240646a097f6cacea1c4883df131f1f96f39a3b50a1225a8be3f373d7802c","2d1fe499f3aeb4fe053133f46869bbe522483c7e","357240646a097f6cacea1c4883df131f1f96f39a3b50a1225a8be3f373d7802c","true"
"graphify-out/.graphify_root","  ","25","2026-07-24T13:17:00.3467396Z","2ff0c37fd0027760dad9efb83523523a4403aa1338bd49c7819c4095222afea2","d2424463d32394bacc51df6be686d4217c84fec8","2ff0c37fd0027760dad9efb83523523a4403aa1338bd49c7819c4095222afea2","true"
"graphify-out/cache/ast/v0.9.25/0067c0b0f4aec422a41e498d93026c3149fcdddde619ffb649d61d7fac598b9c.json","  ","3492","2026-07-24T13:16:48.4785366Z","a4ebc7967706f6d77234cf94abd4eabd74dbd06b04471828b332adbf043db735","377ade416bbe6b564a3f09601a8b00dc4725f5ff","a4ebc7967706f6d77234cf94abd4eabd74dbd06b04471828b332adbf043db735","true"
"graphify-out/cache/ast/v0.9.25/14d1fef8f5d87ce58c0c1d471b32ebb0aeb54903902287c0522346e0a6da0bf3.json","  ","5465","2026-07-24T13:16:48.4635327Z","e1f95ec06dc35899685eb3cd6341f49f49a26c7576405bd6ca3486d1ce50b993","920fef1e22d99717675ccff637f976092c7626d6","e1f95ec06dc35899685eb3cd6341f49f49a26c7576405bd6ca3486d1ce50b993","true"
"graphify-out/cache/ast/v0.9.25/175570eefaeac69a37369ccbce40bc3b3686ff196b2927814d40b696cc1575be.json","  ","24079","2026-07-24T13:16:48.4615327Z","e9e98779e4647ef13531dfff368133b613e9269f1a2589b182c43cbc604d6e76","8ad471f681482bb5e93b018f9adfc38a302111e2","e9e98779e4647ef13531dfff368133b613e9269f1a2589b182c43cbc604d6e76","true"
"graphify-out/cache/ast/v0.9.25/2ce8428747b6fa9fe8a453f5eafcaddb8cf6fe6edef21b60ff9e18ada17ce0b6.json","  ","360059","2026-07-24T13:16:48.5040451Z","3731504d0abeb351a802742444f55ceb71ee26bbab5dc794d41ce1b162270ad9","c9036f3f336ffd8531f021671b47edf15a27ca70","3731504d0abeb351a802742444f55ceb71ee26bbab5dc794d41ce1b162270ad9","true"
"graphify-out/cache/ast/v0.9.25/2d892eddf6c33a73ec3b5f64729634e28a8094cd171eaddac62a0e5251823e10.json","  ","6339","2026-07-24T13:16:48.4555327Z","95cdd2b9457b8c187cc22b43c13895a5882e2a620b36f812eddf29c85023ae4b","0f66e2361d5b86f01fb1ad776277866a40437bef","95cdd2b9457b8c187cc22b43c13895a5882e2a620b36f812eddf29c85023ae4b","true"
"graphify-out/cache/ast/v0.9.25/30151aeba862b8ff4baef8d95366660a1d32d3bc2acd0032fdc072222b8431fa.json","  ","2717","2026-07-24T13:16:47.7712378Z","b24a2d2628a4dfdee1fea8a6aabbf59d62a4a96b7e108d1f23f737a7d1a1d07c","d17e74ff34059ea2608a225632642980b5ce0821","b24a2d2628a4dfdee1fea8a6aabbf59d62a4a96b7e108d1f23f737a7d1a1d07c","true"
"graphify-out/cache/ast/v0.9.25/3f09f13566e4576562682ce5e14c9083c6c932d2855450bc08c90c3e9a93244f.json","  ","10329","2026-07-24T13:16:48.4555327Z","00574a67ec846c36b59d03b090de428ade9164cf2dbf1f9cdfb7c6bd4ec0fbbe","791354cba301d089ad2802020d4c5f688025d000","00574a67ec846c36b59d03b090de428ade9164cf2dbf1f9cdfb7c6bd4ec0fbbe","true"
"graphify-out/cache/ast/v0.9.25/6003fef27484be288422d25d976c43d8aa2c67eade65a0fe82cf4c06df807aef.json","  ","1074","2026-07-24T13:16:48.4735374Z","0bb40005444ea513a0cc721736cb6b11df89d6ad0dedbfe7084dd6efad3f6958","2e552dcdc5ba5de1415fe85c15a8bea361fe06ea","0bb40005444ea513a0cc721736cb6b11df89d6ad0dedbfe7084dd6efad3f6958","true"
"graphify-out/cache/ast/v0.9.25/761f0954cb0d5ae96656b7cc0b09660ac45c91dfa0d4f15e94bfe179cd58f349.json","  ","17047","2026-07-24T13:16:47.7742418Z","198ae6e106a964d8d7ba5803b01c5dc72b35991c05e2b0bfcccfd7514e644aac","977e317d73c4631bee5e979ea7172e2f926940a4","198ae6e106a964d8d7ba5803b01c5dc72b35991c05e2b0bfcccfd7514e644aac","true"
"graphify-out/cache/ast/v0.9.25/7fd6c5751bdea70430bbca1a05446b87ee85db0d79e3236cc68410af505766e1.json","  ","13475","2026-07-24T13:16:48.4725325Z","26ebf649e88022528eaaa8f3febf25536ba4ca6983324f229fe4cfbd0b22ccbb","c3dcaf97531779a87ef1b0a30930eaf290c96e75","26ebf649e88022528eaaa8f3febf25536ba4ca6983324f229fe4cfbd0b22ccbb","true"
"graphify-out/cache/ast/v0.9.25/8023544d8d1d6b3b34becf3f57fc49408fed2c43584add8ca61c12f06baa0847.json","  ","856","2026-07-24T13:16:48.2184224Z","159c1bc8fd0e69db82728dbfb60978ad9aa8ebb57a9511175fcd9b6cd5f8e254","744205fe66c26068a820b76b9e1ae36183d026ba","159c1bc8fd0e69db82728dbfb60978ad9aa8ebb57a9511175fcd9b6cd5f8e254","true"
"graphify-out/cache/ast/v0.9.25/82ac6b414a6774c94b93d3f5afe2f1165aa1be13b4a04b348137fcaa7cb842d2.json","  ","14072","2026-07-24T13:16:48.4765374Z","3410233f930f4257deb9a77bf6445ffbacb9bafd4e02cfcca11e82dd53e05b85","369bdb88e1760bf6096bd60adf93c0758b4d588f","3410233f930f4257deb9a77bf6445ffbacb9bafd4e02cfcca11e82dd53e05b85","true"
"graphify-out/cache/ast/v0.9.25/981e64709a66a371f8a0b923f8b599e5beffe82768d34ba62f3eecf57cda1230.json","  ","9901","2026-07-24T13:16:48.4055139Z","7cea8a7604e347d4e8437121605451f442d7d88a08aed815c6cebdd0c20ea72d","4dd451c7c4bc0b8d32c703da74d8af9cd9412d3d","7cea8a7604e347d4e8437121605451f442d7d88a08aed815c6cebdd0c20ea72d","true"
"graphify-out/cache/ast/v0.9.25/9a4d7ce4d2b8b8b4aaedf1c0c762ddb0c2f4e31ae40219f435a6db319bc553a2.json","  ","12094","2026-07-24T13:16:48.4795361Z","40ddf4ed63477e1351c4c3a74bd8e84306ff0e8a13614fb745a1bdff09cca429","e6d42c855f5ae2be7de3392de90da7af81123651","40ddf4ed63477e1351c4c3a74bd8e84306ff0e8a13614fb745a1bdff09cca429","true"
"graphify-out/cache/ast/v0.9.25/a02e37d772773e0eb49518b5321a410ef9e69d78f3188453ac77f70e7e31a0ca.json","  ","10526","2026-07-24T13:16:48.4045146Z","66adc3d255f507ebe3453c42409872cfc7567d3d9fbadb15247e12c9be27f275","f7e8a977085a91cd4f79a87b104c8be1ba22eb34","66adc3d255f507ebe3453c42409872cfc7567d3d9fbadb15247e12c9be27f275","true"
"graphify-out/cache/ast/v0.9.25/a64f750fec35f58e334114a83e78fc0eaacfb302803de24433cfca38317c8c0f.json","  ","3794","2026-07-24T13:16:48.4835378Z","ed6e51772b4dec31ff55f5466132a66ebb720ea041f4de54053ae164a50caa2a","49d620e4d752a29bacff22d41f14a5c45dbde362","ed6e51772b4dec31ff55f5466132a66ebb720ea041f4de54053ae164a50caa2a","true"
"graphify-out/cache/ast/v0.9.25/a860a42b05b242e2c217b7cb07fb2c9fa7f3ef252b486291f2f7075638712247.json","  ","15824","2026-07-24T13:16:48.4855356Z","3fce5862f13bcef2ffd58c055f739b0d07f20eeaa94557c56576ed26581fbbc5","f3e266b164fff7ea83af4a512387210464471cf4","3fce5862f13bcef2ffd58c055f739b0d07f20eeaa94557c56576ed26581fbbc5","true"
"graphify-out/cache/ast/v0.9.25/adb2fe0f56d629494400e01cf736628d0ca0f3e66f102fdd0e4981a29b8231c2.json","  ","9222","2026-07-24T13:16:47.7772417Z","dbf296415dbdc97b9242965d423be7bd2bd31e08fdd668ce70991592e831ce3e","3f6dea2c2b8515e9584cc932d1828fd5334f6abd","dbf296415dbdc97b9242965d423be7bd2bd31e08fdd668ce70991592e831ce3e","true"
"graphify-out/cache/ast/v0.9.25/b4dae6c3949ce3b5d89ce8d73c79ec5b90f7b17eeedf2df34ef187748c4e3f8e.json","  ","70886","2026-07-24T13:16:47.7227146Z","28b5ab13cf0d4d34a484c2a2bca130083fabeb68e0874591bd379c51fe6efef1","7f1be7447811c1861a938ffd69f30c79ac370552","28b5ab13cf0d4d34a484c2a2bca130083fabeb68e0874591bd379c51fe6efef1","true"
"graphify-out/cache/ast/v0.9.25/ce13499f92b1efc83cf828c7e33d94f956e94374b1094636b074b54a906ab37b.json","  ","1098","2026-07-24T13:16:48.4685319Z","1a7efd0d0e81582b4c13ffb5c8e1601ffda14c8c26237c6b07ae0a0224436212","6fa377a0adc0aaa0ba82f991c8c6bbc7946de081","1a7efd0d0e81582b4c13ffb5c8e1601ffda14c8c26237c6b07ae0a0224436212","true"
"graphify-out/cache/ast/v0.9.25/cec8be597b5720207d69602468780e9098ecbea298b3d6101fda07b8543b5ce3.json","  ","259","2026-07-24T13:16:47.7562365Z","1521481c053c446d754a77fd1caf804c42b5a6d49ab8e55d7992b460ab31fed9","443ece1e4b15d775c3b839d904c11fc74b7899c6","1521481c053c446d754a77fd1caf804c42b5a6d49ab8e55d7992b460ab31fed9","true"
"graphify-out/cache/ast/v0.9.25/cefe716bb7b027e114e28aadb99a627d31bb284d5d6a1dd209a46033894dd9a8.json","  ","72390","2026-07-24T13:16:47.7277144Z","9ea95f1e5dc80aa15d0a3dbe1245f84d6952a5314eca0996dbc4ae2e01c361fa","5685f26b361e565b82a12bf79fc5412f374b3cb8","9ea95f1e5dc80aa15d0a3dbe1245f84d6952a5314eca0996dbc4ae2e01c361fa","true"
"graphify-out/cache/ast/v0.9.25/d07e25ac475167e809b118e8d6966b27d282fe9318880859eaef1f5292433daa.json","  ","8361","2026-07-24T13:16:48.4495326Z","eb1537621896d1932e7ebf7ad493af9beb5809a85c1adf04253c90323eda3d0a","e52097cd7ff4f45d72c0ec85fd9679064ed60226","eb1537621896d1932e7ebf7ad493af9beb5809a85c1adf04253c90323eda3d0a","true"
"graphify-out/cache/ast/v0.9.25/eadd18f297fe908d2479368dcd6a3386bf6e8eec02dadd1b79912b27b0605a9b.json","  ","14888","2026-07-24T13:16:48.4495326Z","58875850cf341845c6962a9dfb03bded760150212bfbbc047e3ac236df71aa21","2e7210b90d4d91568e4c62ace30f41a2b31e882f","58875850cf341845c6962a9dfb03bded760150212bfbbc047e3ac236df71aa21","true"
"graphify-out/cache/ast/v0.9.25/ee419e7c54d5d803a79c59b410b2eb6de9c3489025803fb1b0d1e0a1730d68ef.json","  ","18114","2026-07-24T13:16:48.4645341Z","76832dc94fc12af0dda1f060cd76066562ea19e9f06454f4217a63ebf0001e74","9586d21238ef9d2c8c0b2bedf3432fa5328a76cc","76832dc94fc12af0dda1f060cd76066562ea19e9f06454f4217a63ebf0001e74","true"
"graphify-out/cache/ast/v0.9.25/fd86deccd08ab232971bfe1ad9601ea3bb977c16a4ccd34b74efab28b8d4979f.json","  ","247","2026-07-24T13:16:48.2184224Z","8b0b1f9c7d00e22e586cbb9c144b9fde12039ff09e8aedf33b75d11656d62b4c","1e37ea0490dc48ab9a278548aeafc05191703b8a","8b0b1f9c7d00e22e586cbb9c144b9fde12039ff09e8aedf33b75d11656d62b4c","true"
"graphify-out/cache/stat-index.json","  ","122254","2026-07-24T13:17:00.6623697Z","bc80acb8ac656f952af7677b01041eb40a22ba13646bd438dd326dce93d1f682","3aa9f92be6374240b3c3c88e2ade16702690f7af","bc80acb8ac656f952af7677b01041eb40a22ba13646bd438dd326dce93d1f682","true"
"graphify-out/graph.json","  ","5035041","2026-07-24T13:17:00.2872199Z","0d1d93639fd792a306cf9e84fb85366bbc0c71cfbdf7fe235b416c7e28e14a04","6c1d2c54fac005520c1db1dd7f502cc1a53b412f","0d1d93639fd792a306cf9e84fb85366bbc0c71cfbdf7fe235b416c7e28e14a04","true"
"graphify-out/manifest.json","  ","113322","2026-07-24T13:17:00.6548608Z","d475e56b4956170123397bc34ca98a5ece8b910c2c55094e0a4fb9ac6c8e34f2","d8c7dd1d884da9b91c846dde88521fc097cc4134","d475e56b4956170123397bc34ca98a5ece8b910c2c55094e0a4fb9ac6c8e34f2","true"
"index.html","  ","3257","2026-07-25T06:56:04.1677422Z","43da8b544019790c29189d70156be83cb7bbf39ac4cb2831fcde65e87dce90fd","4dcc75a15188c95115fe65d3f632387f2d719c3d","43da8b544019790c29189d70156be83cb7bbf39ac4cb2831fcde65e87dce90fd","true"
"native/solith-readonly-scanner/Cargo.lock","  ","3124","2026-07-22T21:42:28.4025852Z","437283658bdbacf767807ca28522cb715e88bed8bb44a22e7e758d109ce76632","f19d791bdb2edfb8d979cb97602c12fbd53f7e91","437283658bdbacf767807ca28522cb715e88bed8bb44a22e7e758d109ce76632","true"
"native/solith-readonly-scanner/Cargo.toml","  ","529","2026-07-22T21:35:33.9807658Z","7293fd79e6c59f3a8f8ac51b7cae1355ccb310a574f129293ccfa76d3d814935","a18785ce6c5348b71613840d62350089242ee141","7293fd79e6c59f3a8f8ac51b7cae1355ccb310a574f129293ccfa76d3d814935","true"
"native/solith-readonly-scanner/src/main.rs","  ","19445","2026-07-22T21:44:42.0512842Z","7c3c78e14aeb24664976e28edf27526a76dfb91afa2232fdd5e01ce5fcf8350e","14df7d114fb2135a9341e935e127ca32b7cfe40f","7c3c78e14aeb24664976e28edf27526a76dfb91afa2232fdd5e01ce5fcf8350e","true"
"package-lock.json","  ","255315","2026-07-25T07:18:58.9188807Z","1ecb3c53c523bfa5166d3fb183011ed8c88aab4f99ff25083975ce97b3f2d97f","efc2ff60bf65b5b37003a7bc5416f770ab845e85","1ecb3c53c523bfa5166d3fb183011ed8c88aab4f99ff25083975ce97b3f2d97f","true"
"package.json"," M","16726","2026-07-28T23:38:47.4577479Z","9711444d25b61f8433d59cb33536688260e357e299df2c51ee3ee4cfcc905518","486774b2ac97d58fbafb9c37fe0e49fcc1a71974","9711444d25b61f8433d59cb33536688260e357e299df2c51ee3ee4cfcc905518","true"
"playwright.config.ts","  ","399","2026-06-23T11:33:09.7277110Z","7d5cc9741c39496bf4c2691bfb5e01f6a4aec74cf1379de308e66715feb8b408","1be1cc8206dfd1f987df80ec3b4d590e46fbbbee","7d5cc9741c39496bf4c2691bfb5e01f6a4aec74cf1379de308e66715feb8b408","true"
"playwright.e2e.config.ts","  ","562","2026-06-23T19:24:37.2611790Z","f76204bd1e48b0ef02a0dbe7ae9078596115677db7cddd19b7760fbf608770f1","dd0555b34b52e46b4dee9b62426899b2d3d60f42","f76204bd1e48b0ef02a0dbe7ae9078596115677db7cddd19b7760fbf608770f1","true"
"PROJECT_SPEC.md","  ","49201","2026-07-25T06:56:51.6883603Z","ffaa0e3f68b74aa6e95412aa79695dc69659e6c6e7272c56d4cd983b4e2cec8d","646c751ff2242225e225974f66648d1283c07723","ffaa0e3f68b74aa6e95412aa79695dc69659e6c6e7272c56d4cd983b4e2cec8d","true"
"public/solith-icon.ico","  ","98837","2026-07-22T19:10:16.8551191Z","37faca04afcb8a4b79b9641761a66000bf3f44961913f1a95009fa1e6eb1d4eb","8c3aa5ac1a62c0eb12cf10f6da3611c2e87392db","37faca04afcb8a4b79b9641761a66000bf3f44961913f1a95009fa1e6eb1d4eb","true"
"public/solith-icon.png","  ","65588","2026-07-22T19:10:16.8111014Z","5e312904287c70bd06a358b4c49995a1cbb10f14c7b2ea18747ec35639f65df6","3b60a826994655665c595ed7c2061d23f8764697","5e312904287c70bd06a358b4c49995a1cbb10f14c7b2ea18747ec35639f65df6","true"
"README.md","  ","8555","2026-07-25T06:56:02.9197880Z","31dddb289b4e67015cb1fa8a6a4eb775b11e48d7d57594b1e09a3550f78c8d72","eb96ef51527b4df1c3d21a77775ddf22bea191b9","31dddb289b4e67015cb1fa8a6a4eb775b11e48d7d57594b1e09a3550f78c8d72","true"
"ROADMAP.md","  ","34965","2026-07-28T05:01:30.0622749Z","4db76bde7a583e024495f71e588474c6154f310cb321cbc37f9cf675300132e6","d930d42007d71ff21efde351512077b89bafd328","4db76bde7a583e024495f71e588474c6154f310cb321cbc37f9cf675300132e6","true"
"scripts/analyze-aob-repair-candidates.mjs","  ","4150","2026-07-23T20:12:30.2248221Z","d6c79db106d3a9988b6678968e65fd4395c05e9d44e5b4c0061e2ead956869c6","7ee6fa5dfbf6562e4235bb6bdcea44a74cb9f6e5","d6c79db106d3a9988b6678968e65fd4395c05e9d44e5b4c0061e2ead956869c6","true"
"scripts/build-readonly-scanner.mjs","  ","1157","2026-07-22T21:37:30.4814855Z","025ef89ddfd5fcaf3cb7558cbf31fd4e5ce0b29648b5ddc55df732070646990d","502b772023b3450e7600d25a64cba119cdff83ec","025ef89ddfd5fcaf3cb7558cbf31fd4e5ce0b29648b5ddc55df732070646990d","true"
"scripts/capture-solith-ui.mjs","  ","1388","2026-07-11T09:50:02.1192924Z","54eb4f5bda0da8dd5cf407fb7de171750d8dbc2a07d019d5a19d64acca7e808d","003854d7525a224370766dca0702627a7c004a8a","54eb4f5bda0da8dd5cf407fb7de171750d8dbc2a07d019d5a19d64acca7e808d","true"
"scripts/catalog-demand-report.mjs","  ","325","2026-07-13T05:53:56.7336147Z","31c7eda516502349a69cd30d30abfb855245d8fc02516273f8566b4244b31d59","554209af3eb411379484a8535f66ee567641b80c","31c7eda516502349a69cd30d30abfb855245d8fc02516273f8566b4244b31d59","true"
"scripts/certify-cheat.mjs","  ","5759","2026-07-15T18:10:08.5516139Z","fe77b6bf5eeb4a7ecbf0425421c68f793931d0afccb1de5a178ee4477a7c7b65","a5e8c8f733dc37f3bae08c6d3453401642a601b2","fe77b6bf5eeb4a7ecbf0425421c68f793931d0afccb1de5a178ee4477a7c7b65","true"
"scripts/certify-live-pointer.mjs","  ","12086","2026-07-23T04:23:30.0834461Z","acea93bcd892bbd1febd3ba89d3e2fd9fb10e0d0f2f97c3b27676e293869dfa6","ae1ad5203b9ee08e88e8524bd3941569b84f6430","acea93bcd892bbd1febd3ba89d3e2fd9fb10e0d0f2f97c3b27676e293869dfa6","true"
"scripts/check-gold-after-restart.mts","  ","1301","2026-07-08T09:34:51.7327602Z","b95a310beb49af8f5fae3d2a3b16f676596fc8519c1bad1d291c1ef4cb03917b","ba2a0854ea0bbbd3077375e1c2c2a973f7aa3a5a","b95a310beb49af8f5fae3d2a3b16f676596fc8519c1bad1d291c1ef4cb03917b","true"
"scripts/check-node.mjs","  ","496","2026-07-25T06:55:08.9296173Z","57bc1994a0b5c64a648156a826c24f6d6a656c49ab8dcd88d30dadfa8ae3aa6f","82a1cbdff21eb62a8028bfe5539e6a7c11e954db","57bc1994a0b5c64a648156a826c24f6d6a656c49ab8dcd88d30dadfa8ae3aa6f","true"
"scripts/compile-ct-registry.mjs","  ","1006","2026-07-21T05:12:16.9623787Z","0799b891d32924cbaea674b383578d764c6e1df53d86ae3c65874ddae3e3b950","70bf73457580bf6e1c2cfbb902ea618199cff856","0799b891d32924cbaea674b383578d764c6e1df53d86ae3c65874ddae3e3b950","true"
"scripts/compile-ct-zip.mjs","  ","4561","2026-07-21T05:12:16.9643803Z","29f3aad7c9169e4dc5b39659a64a6effcd771419e8e4ea83e89b34ee91c58929","6db9a4c6e7a63fdba7d4f49dd9bfa3893e491c82","29f3aad7c9169e4dc5b39659a64a6effcd771419e8e4ea83e89b34ee91c58929","true"
"scripts/dev.mjs","  ","5993","2026-07-21T05:12:16.9663786Z","535ad8704b593ea4cd72446ee3f63e26f3643d073d846f816ecab96375097581","76e75b4df6189cab6fa18277b456a91780e590b7","535ad8704b593ea4cd72446ee3f63e26f3643d073d846f816ecab96375097581","true"
"scripts/ensure-electron-host-entry.mjs","  ","818","2026-07-26T00:39:15.6728138Z","9346c3067e599419e3acf327e6fa4210fa820d345bf02647c0a102696301823d","f7d2f0ffadd135e430d38ed89d0509fe55ede00f","9346c3067e599419e3acf327e6fa4210fa820d345bf02647c0a102696301823d","true"
"scripts/explore-palworld-extract-all.mts","  ","2265","2026-07-08T09:36:48.0163422Z","264d4bba35e1528a0ef7c4760d25f00744ed4d7b7bbc10b5041a069f81e77a8b","8f38362281c4a7cf91feb7e1b9fa882fa4ff0b87","264d4bba35e1528a0ef7c4760d25f00744ed4d7b7bbc10b5041a069f81e77a8b","true"
"scripts/explore-palworld-narrow.mts","  ","2513","2026-07-08T09:13:48.0999041Z","cd676bf8c4a56df1c8e87605f6abcc3310c457884e1dc8f471df7d7ee7d748aa","a98a68604b3bdf9b34f971ac67ae381ad9a5b904","cd676bf8c4a56df1c8e87605f6abcc3310c457884e1dc8f471df7d7ee7d748aa","true"
"scripts/explore-palworld-next-scan.mts","  ","2680","2026-07-08T09:11:14.5108283Z","83d8157fd2912b29c225944d1a058c1b0a4aeadad62321e9ad14199cc4a0c276","cc2946b7a07b032bc36f753a77db732ac2e8e3ef","83d8157fd2912b29c225944d1a058c1b0a4aeadad62321e9ad14199cc4a0c276","true"
"scripts/explore-palworld-pointer-scan.mts","  ","2568","2026-07-08T09:16:33.4932573Z","69f6c8d5d80e6b876ca05f965934767a199551559490847e3c3ac06b1b3546ad","7edfd4bfc721ff1bb65c5967f22aaa7f6474eeea","69f6c8d5d80e6b876ca05f965934767a199551559490847e3c3ac06b1b3546ad","true"
"scripts/explore-palworld-readonly.mts","  ","3415","2026-07-08T08:30:41.3495171Z","13ee129b46062be38439f0d269c2236fdce267c819ba5d8ea3883974523f11ee","7553f5cb74d74b079844fd48b1cb981338dc31dc","13ee129b46062be38439f0d269c2236fdce267c819ba5d8ea3883974523f11ee","true"
"scripts/explore-palworld-wide-scan.mts","  ","2808","2026-07-08T09:12:38.8981436Z","df9195768df4d16d18edc1a68062e1d4f2ae4838eb0c2f4a9ca72eacfc656c25","460824a018c872bdbed13ccdeab4befca1f12025","df9195768df4d16d18edc1a68062e1d4f2ae4838eb0c2f4a9ca72eacfc656c25","true"
"scripts/extract-ct-script-catalog.mjs","  ","981","2026-07-21T05:12:16.9673779Z","183e6c7ff7df05579db60ff99c6018dc98f16cbd095eaa7abf5e96cf40a88404","3abc8c9641e449c4c6f9f4f5567928e99e2d9354","183e6c7ff7df05579db60ff99c6018dc98f16cbd095eaa7abf5e96cf40a88404","true"
"scripts/generate-release-checksums.mjs","  ","769","2026-07-23T04:18:17.9489754Z","0e5bf22986fc83b6e7add6debc1a8926cf939a601fffc099e8b4882d0cac7154","2074134827b01a4f3f31fec6bb2cb7e636709597","0e5bf22986fc83b6e7add6debc1a8926cf939a601fffc099e8b4882d0cac7154","true"
"scripts/generate-support-matrix-runner.ts","  ","1579","2026-07-05T17:20:25.2670209Z","950e10b622bd49b92844c13795c8b04e913d584518f4dee7fc6585a2490debaf","08ca849de2c9f16be81f35ea411bdf8a1ae1542c","950e10b622bd49b92844c13795c8b04e913d584518f4dee7fc6585a2490debaf","true"
"scripts/generate-support-matrix.mjs","  ","824","2026-07-05T17:22:11.2316644Z","0d55d2a547f52c8634ebad3a821ebc57a2b20efd126a18ae57adec90e9469cab","b4aef6bb8a1b7badd6f205e0d5823a4a90f30217","0d55d2a547f52c8634ebad3a821ebc57a2b20efd126a18ae57adec90e9469cab","true"
"scripts/generate-trainer-catalog-seed.mjs","  ","15857","2026-07-21T05:12:16.9703777Z","c4351140ff44e5a7f08651d59ba79d34604c17c6b983e6ffa7d98eaab36da0ba","610607bf5a936c86eaf211e411e1a3180b146ca2","c4351140ff44e5a7f08651d59ba79d34604c17c6b983e6ffa7d98eaab36da0ba","true"
"scripts/inspect-ct.mjs","  ","3581","2026-07-13T05:53:56.5910601Z","59bdfca9e73f5aeb1d195d6be3e4f155385de1e1619d913f5b4626a6dca065b9","284eda977eb2c3987de9b1f9497076477380fcb6","59bdfca9e73f5aeb1d195d6be3e4f155385de1e1619d913f5b4626a6dca065b9","true"
"scripts/inspect-registry.mjs","  ","1221","2026-07-21T05:12:16.9723802Z","893b88876c36b977376824ae74452798a02a8e0809611cea6d50b97a81fb3075","b4cf227428de418a45c60561266cbba8c0011003","893b88876c36b977376824ae74452798a02a8e0809611cea6d50b97a81fb3075","true"
"scripts/live-memory-verify.mts","  ","4393","2026-07-23T04:23:10.3440221Z","25164ebb37d91277114e144fe5e150f25925fa5817f50b37dff9174246135c31","8190c6f5614fe615d0f3705a7fd63ca3fd31924f","25164ebb37d91277114e144fe5e150f25925fa5817f50b37dff9174246135c31","true"
"scripts/measure-connection-baseline.mjs","  ","2767","2026-07-12T07:50:44.4898029Z","79b95a852f9881301dc1c116cc8179ef86590f982c7d1119e6ff0b3bb58e4bff","4107c0f90eb779dd4af5a52367455216230d5663","79b95a852f9881301dc1c116cc8179ef86590f982c7d1119e6ff0b3bb58e4bff","true"
"scripts/orphan-check.mjs","  ","2444","2026-07-21T05:12:16.9743798Z","b2044906e117c8fcfa1204819c322fd6da412d87548b965fee4c4b6cce3ce36b","d3bcebf44a02e2ff233474debc1ce15821df5321","b2044906e117c8fcfa1204819c322fd6da412d87548b965fee4c4b6cce3ce36b","true"
"scripts/prepare-branding-assets.mjs","  ","2178","2026-07-13T05:53:56.7356152Z","0303cc52bfc50d62ab4fd4c5c479c72fcd34ad186652754795d5451d4f46f855","64cab31134682114600e05bce90cf954070f676b","0303cc52bfc50d62ab4fd4c5c479c72fcd34ad186652754795d5451d4f46f855","true"
"scripts/release-artifact-utils.mjs","  ","3136","2026-07-23T04:18:02.3733282Z","7ed98eeffcb525c3cd17c143cfd5a21ccab4c853160d64517326a1153e4d9be7","7f975dec20971ec13fb900cbf21217d1b132e1c9","7ed98eeffcb525c3cd17c143cfd5a21ccab4c853160d64517326a1153e4d9be7","true"
"scripts/scan-installed-games.mjs","  ","688","2026-07-13T05:53:56.7356152Z","507f916b58010a91f4e49155395261fa81c29f92038bcf49cd9076d8d6a4b961","cead2e2199da82200d746a07f978a88fba8e01e3","507f916b58010a91f4e49155395261fa81c29f92038bcf49cd9076d8d6a4b961","true"
"scripts/search-registry.mjs","  ","3018","2026-07-21T05:12:16.9793787Z","b37dafdbc4e0050bfd35ca86c06959f8cf9429ca27b6c09cbd7443da9d8ae897","41b59708d24caa1920c963842559a52c1660bd00","b37dafdbc4e0050bfd35ca86c06959f8cf9429ca27b6c09cbd7443da9d8ae897","true"
"scripts/setup-antivirus-whitelist.ps1","  ","1417","2026-07-23T04:15:56.2349428Z","e05b7a45379f03e87429e5e611260f434bab2b8e3d2f6364b9399395ca687d7f","d0d53f7a2a38c10d0c53e51913faed78bdee6c31","e05b7a45379f03e87429e5e611260f434bab2b8e3d2f6364b9399395ca687d7f","true"
"scripts/smoke-test-harmless.mts","  ","3902","2026-07-22T06:34:25.5979869Z","bb9761b4f0e1e71e1c8bcd3307eea60705bd5c823a2ec0bb80ea582369e6be73","7ac1956fff97af6c0f3ea014843d6e4d23fa166d","bb9761b4f0e1e71e1c8bcd3307eea60705bd5c823a2ec0bb80ea582369e6be73","true"
"scripts/smoke-windows-readonly-runtime.mjs","  ","3127","2026-07-21T05:12:17.0454063Z","fd124e38369fe5de08409d2084af8037f417e1a844d096b0d9f94dba123dfafe","ac038a4abc08598d24d13bdd655c6fa7c7a4ef0d","fd124e38369fe5de08409d2084af8037f417e1a844d096b0d9f94dba123dfafe","true"
"scripts/steam-executable-lookup.mjs","  ","1287","2026-07-21T05:12:17.0479143Z","ab66f3893f7773a9b3ccfd74904ff9848e6c335cf0ee137505cc232898796bed","f250b94dfa38c5cfa77cc71a941a654fbafdbe40","ab66f3893f7773a9b3ccfd74904ff9848e6c335cf0ee137505cc232898796bed","true"
"scripts/strip-icon-backgrounds.mjs","  ","2243","2026-07-15T15:06:12.3307963Z","a57f4b6c72c20afa72ff036c5b4850f754775b6d6c0768f51acdbbe3d7081e91","666d336d539ea3eb4fd94ddf7491635ee8338c12","a57f4b6c72c20afa72ff036c5b4850f754775b6d6c0768f51acdbbe3d7081e91","true"
"scripts/trainer-health-report.mjs","  ","326","2026-07-13T05:53:56.5520365Z","972411d86de1686458e1f68d37b27d402dde17b0526ee1d77fb26ef8aeaf1d63","0f0f926bdbcd8db7ef1ce89f0ea6bb91039f916b","972411d86de1686458e1f68d37b27d402dde17b0526ee1d77fb26ef8aeaf1d63","true"
"scripts/validate-packaged-host.mjs","  ","6078","2026-06-28T01:51:08.3606142Z","31ddcedb1ad383a17f5e53fdd8af98dca69135b50de11267b5bd194484d0d1e8","73656a72d87b9f92e5c33ea24afea0ce3de0c846","31ddcedb1ad383a17f5e53fdd8af98dca69135b50de11267b5bd194484d0d1e8","true"
"scripts/validate-runtime-signatures.mjs","  ","2177","2026-07-21T05:12:17.0499139Z","cc096b007b21a07e2798065894e5f130c0eeeece53a9538a488de5123dee9675","350022e57937e3e2152e0af4e440be254eef3df1","cc096b007b21a07e2798065894e5f130c0eeeece53a9538a488de5123dee9675","true"
"scripts/verify-catalog-steam-art.mjs","  ","3000","2026-07-12T14:13:27.0411478Z","4ff99979f73c6ce8807fad0f23fbf5ca77760cd326ba3d21ce761c561f86ee0a","74c0530fa1c56a3bc80d541c88aa19e570b857e7","4ff99979f73c6ce8807fad0f23fbf5ca77760cd326ba3d21ce761c561f86ee0a","true"
"scripts/verify-electron-output.mjs","  ","8197","2026-07-22T21:40:08.4105040Z","d5760d95122a093542f07ea1565cb4a768948a530fd1ef72a6d6ff6e33d5a4d2","2ec79ed145e22a228ed44b27241a6462aaf2b07c","d5760d95122a093542f07ea1565cb4a768948a530fd1ef72a6d6ff6e33d5a4d2","true"
"scripts/verify-fresh-clone-verification.mjs","  ","2193","2026-07-15T07:17:41.5570607Z","fd2d9560c6072fa3b05df1fa2dde7abb2f1a4c662d4392d8d3656359f1eca9e3","51653219a538d6d63969dc5e80654161180eef5f","fd2d9560c6072fa3b05df1fa2dde7abb2f1a4c662d4392d8d3656359f1eca9e3","true"
"scripts/verify-game-definition.mjs","  ","2229","2026-07-12T07:57:17.5566389Z","9d8683a1ff876c0ea7ff42cad27590b29bcce523c78793912194570e091f4816","f0043f3cade5dcacbaf1569bfd3e5c61b54d71e8","9d8683a1ff876c0ea7ff42cad27590b29bcce523c78793912194570e091f4816","true"
"scripts/verify-gold-address.mts","  ","650","2026-07-08T09:39:36.3209679Z","f29760dc1c893140469f5dbe334fda257b458e0fc0156f3efb8a8f6fdf8449ba","b68af3f55aed856606b3eecad627a54fde0eeae3","f29760dc1c893140469f5dbe334fda257b458e0fc0156f3efb8a8f6fdf8449ba","true"
"scripts/verify-milestone-h.ps1","  ","3823","2026-07-23T04:26:15.0878758Z","452a0e73db8c1f7d4361fd0810a958af609f7a636fa6e041c9ea6507bc354726","e9e59effcf1e1c38c0fc1a2803abce5d532f6d8e","452a0e73db8c1f7d4361fd0810a958af609f7a636fa6e041c9ea6507bc354726","true"
"scripts/verify-pointer-path.mjs","  ","2723","2026-07-15T15:06:12.3718869Z","4bdc4a6180375284ae21e028a778da6a8a5bc4e21dff109b3a7692bd9e023b1b","4cebaf228dd751bfa7853f3a22de807dfbcb00d5","4bdc4a6180375284ae21e028a778da6a8a5bc4e21dff109b3a7692bd9e023b1b","true"
"scripts/verify-release-artifacts.mjs","  ","4144","2026-07-23T05:27:26.5557750Z","b52199dfd7115d0f97ba7e99d408d434278a30201c211dd5adfbf769d0d9461a","433c5df6f13691492226c89be23836454dd846ec","b52199dfd7115d0f97ba7e99d408d434278a30201c211dd5adfbf769d0d9461a","true"
"scripts/verify-schema-v1-boundaries.mjs","  ","5862","2026-07-16T16:39:27.0446270Z","d88e1bc0db59406bbb6888f19fc1af5a82debbcdfcd186ba21e0a2ca2b4b7946","3582c9738f1f541ed4b9b3d89e49051e14ade1df","d88e1bc0db59406bbb6888f19fc1af5a82debbcdfcd186ba21e0a2ca2b4b7946","true"
"SOLITH OPENEING SEQUENCE.mp4","  ","16976317","2026-07-21T05:12:16.9283611Z","81e1eed4334f856c91a9bfa1388684e09ab5e02fc6742c53071393ada5eab276","c125d39e9d438283ca78be39da0ecacaf7c0203a","81e1eed4334f856c91a9bfa1388684e09ab5e02fc6742c53071393ada5eab276","true"
"SOLITH_SECURITY_ROADMAP.md","??","85657","2026-07-29T17:57:15.3441775Z","6ccc505769ae0cc39aa487c947ea88572cbf1e6f6d3fb065302fc728051e2c38","","6ccc505769ae0cc39aa487c947ea88572cbf1e6f6d3fb065302fc728051e2c38","true"
"solith-hub-backend/.dev.vars.example","  ","14","2026-07-21T05:12:17.0549139Z","9f9b1c5d5f624e21a80490513b443a80aafb17d76ab267fcdb4d3f03004551c6","9b9ed2d5f398a6142b241c89db81837bdb0ecb69","9f9b1c5d5f624e21a80490513b443a80aafb17d76ab267fcdb4d3f03004551c6","true"
"solith-hub-backend/.gitignore","  ","55","2026-07-21T05:12:17.0549139Z","2178c402bccbeab26d9236de9b8efa47e64c4ad677a1c130e5e38db5aa3268f0","05e92691fd7cbec8c3cf2ad282fabea54aa49109","2178c402bccbeab26d9236de9b8efa47e64c4ad677a1c130e5e38db5aa3268f0","true"
"solith-hub-backend/migrations/0001_init_schema.sql","  ","652","2026-07-21T05:12:17.0599142Z","c866f1ce9bd172e09b3e3e20b8b3ef028b0116c8087e880717144d45289f4736","6059f66f05dd3b3f1ea92dec79fe8fab062714f4","c866f1ce9bd172e09b3e3e20b8b3ef028b0116c8087e880717144d45289f4736","true"
"solith-hub-backend/package-lock.json","  ","106455","2026-07-23T05:47:39.3928736Z","9f87c84e27a531c0b1b74766ca27c5f1fe7d93510313ccafb38058e345d908c1","aec990fef64f07917948ae5f4f9a85241baaf40f","9f87c84e27a531c0b1b74766ca27c5f1fe7d93510313ccafb38058e345d908c1","true"
"solith-hub-backend/package.json","  ","935","2026-07-23T05:47:17.4549249Z","645dad76da1a6117772f034173607a61e2c96d50b51493c64da9ef81b005d60f","d1ff740a60f73bf80605a514329056a90dd2aa27","645dad76da1a6117772f034173607a61e2c96d50b51493c64da9ef81b005d60f","true"
"solith-hub-backend/README.md","  ","3193","2026-07-21T05:12:17.0559164Z","c47419569891c9234eaef677707a7dbf32524a7a7a4e48b216bfa18bd146c051","771df7585d796ed2c299430bb80628064cacf878","c47419569891c9234eaef677707a7dbf32524a7a7a4e48b216bfa18bd146c051","true"
"solith-hub-backend/src/index.ts","  ","8264","2026-07-23T05:48:08.2219436Z","2ff5d674e535df53e23b5669c3282adcaf1dfa08d323845cdd6138e1a1a4e4f8","129c96a004f4cb7800bca895c8e8b4134a7ce6a7","2ff5d674e535df53e23b5669c3282adcaf1dfa08d323845cdd6138e1a1a4e4f8","true"
"solith-hub-backend/test/api.test.ts","  ","8337","2026-07-23T05:48:08.2249504Z","fc6450907cb1b3067b5c2ad986306432503af4bd05642889bee4e6a0e1744e3d","335d5263d86fefc77853f8fc00c2128f6741c1ed","fc6450907cb1b3067b5c2ad986306432503af4bd05642889bee4e6a0e1744e3d","true"
"solith-hub-backend/tsconfig.json","  ","431","2026-07-21T05:12:17.0689138Z","a90aec602ee90fa2e61c9e009f1ced50183e061dd3d53826b6cac4fb8fd07809","37f7bc4ad9a2f96704aec010f6b86eb682be509f","a90aec602ee90fa2e61c9e009f1ced50183e061dd3d53826b6cac4fb8fd07809","true"
"solith-hub-backend/wrangler.jsonc","  ","488","2026-07-21T05:12:17.0704175Z","f81afc305b0cbb28a4fb83c78a69f267ba639b0410c83f2a28dbe9d557a8c4fc","e8afb4edc520f6c9ad50e69c7e12d205a6a5907e","f81afc305b0cbb28a4fb83c78a69f267ba639b0410c83f2a28dbe9d557a8c4fc","true"
"src/app/App.tsx"," M","21121","2026-07-28T08:54:20.6034888Z","affeb5d6cc4a16f8cf9889be740212f6b3e6b8a186adf20ffb5345c1488b816d","48f885f145a45fd7838211eb44a03a63abda8266","affeb5d6cc4a16f8cf9889be740212f6b3e6b8a186adf20ffb5345c1488b816d","true"
"src/app/assets/branding/index.ts","  ","1757","2026-07-22T08:06:38.2519928Z","059bd518e805a32af1a9af9a7971348b259ab4c1d7912afc0bce9797d419e09e","15d3cd3ed6540c7f4249396b22e36a447528358c","059bd518e805a32af1a9af9a7971348b259ab4c1d7912afc0bce9797d419e09e","true"
"src/app/assets/branding/module-artwork.ts","  ","2002","2026-07-22T08:06:38.2534999Z","b92b7aac78d81d8ecdd07fe4508a1282956b4d28bf29f1eaa418b8fa346249fb","92384e082b3c7748f80d8bc8c7bd7928efde7be1","b92b7aac78d81d8ecdd07fe4508a1282956b4d28bf29f1eaa418b8fa346249fb","true"
"src/app/assets/branding/solith-advanced-dragon.png","  ","192809","2026-07-11T16:14:14.0000000Z","f6ba4ed8ca821beccd653aff6ac75a7825990efd857dbfbdf7d9f04233ec8252","cd33c227fab4f9db9119c62bc1394d146c1a012a","f6ba4ed8ca821beccd653aff6ac75a7825990efd857dbfbdf7d9f04233ec8252","true"
"src/app/assets/branding/solith-banner-backdrop.png","  ","36663","2026-07-13T01:31:35.2003852Z","8e93be62cf1a6ccad94f2a46fbb3f8657d74ca6bb287d5b3300cc4be98c40e79","d7c6bf46155e31545fa5e9992d27c5ba585626cf","8e93be62cf1a6ccad94f2a46fbb3f8657d74ca6bb287d5b3300cc4be98c40e79","true"
"src/app/assets/branding/solith-emblem.png","  ","65588","2026-07-22T19:10:16.7881008Z","5e312904287c70bd06a358b4c49995a1cbb10f14c7b2ea18747ec35639f65df6","3b60a826994655665c595ed7c2061d23f8764697","5e312904287c70bd06a358b4c49995a1cbb10f14c7b2ea18747ec35639f65df6","true"
"src/app/assets/branding/solith-game-library-controller-monitors.png","  ","2613603","2026-07-22T08:06:04.2620000Z","20731181ef75db8744f1d7511037973d8a57db31ca029acaa6ec44489c6e2794","c96054c422434d0c686444c2d5ddbeae81a5fcac","20731181ef75db8744f1d7511037973d8a57db31ca029acaa6ec44489c6e2794","true"
"src/app/assets/branding/solith-hooded-profile.png","  ","165054","2026-07-11T16:14:12.0000000Z","b1bb04da62dc14484c126b3bf14ac2fe3cf6d50430a618ecfc23143ebc0b883b","1e701ddca0124faaf4a98926aadf0fd531d2aa3f","b1bb04da62dc14484c126b3bf14ac2fe3cf6d50430a618ecfc23143ebc0b883b","true"
"src/app/assets/branding/solith-landscape-background.png","  ","291151","2026-07-11T16:14:14.0000000Z","a6e0c47a771c5b3415ca5f81f14e52d3f9aec0f4a4afe7eef8ee961747d23ed5","95c4943fbfae6e965aae843eb3da4c6e63d000eb","a6e0c47a771c5b3415ca5f81f14e52d3f9aec0f4a4afe7eef8ee961747d23ed5","true"
"src/app/assets/branding/solith-library-temple-book.png","  ","1191791","2026-07-22T08:06:04.0810000Z","81ba4fcc32167c9881f5be307d380e64caf4560f736d94509bbcb0e4721481a8","68bed29a0790d4877bfe72fdf5685bdd77fd16be","81ba4fcc32167c9881f5be307d380e64caf4560f736d94509bbcb0e4721481a8","true"
"src/app/assets/branding/solith-recovery-phoenix.png","  ","191331","2026-07-11T16:14:14.0000000Z","00e7328f66c8c1a9d7721cf3e91b66daa1d7a7af3b401866279a605df2fa3a98","c06b65325e93628e5bcbe0a68fedda489991c50a","00e7328f66c8c1a9d7721cf3e91b66daa1d7a7af3b401866279a605df2fa3a98","true"
"src/app/assets/branding/solith-save-tools.png","  ","36267","2026-07-13T03:17:39.6540000Z","fedd5759122f54f46da0a710f02db7e49c35de3c6ab1d9c06bc5c39e36dc78b0","3295a08076a7312d37600dae21a9a370e20c76f2","fedd5759122f54f46da0a710f02db7e49c35de3c6ab1d9c06bc5c39e36dc78b0","true"
"src/app/assets/branding/solith-shell-background.png","  ","366492","2026-07-13T00:15:56.9060000Z","3728528aa7b44a751839d0c329bc24b7b7e49447ef05961f8d0317bdecb08c79","3b3c99381ff63e8b6cb2d560bb115bc326d2a501","3728528aa7b44a751839d0c329bc24b7b7e49447ef05961f8d0317bdecb08c79","true"
"src/app/assets/branding/solith-top-banner.png","  ","36663","2026-07-13T01:31:35.2003852Z","8e93be62cf1a6ccad94f2a46fbb3f8657d74ca6bb287d5b3300cc4be98c40e79","d7c6bf46155e31545fa5e9992d27c5ba585626cf","8e93be62cf1a6ccad94f2a46fbb3f8657d74ca6bb287d5b3300cc4be98c40e79","true"
"src/app/assets/branding/solith-trainer-controller.png","  ","43375","2026-07-13T03:17:39.6620000Z","d3eb172268843302733b33c0423e2cb12272d6449a0fd33faa3793f1cefe252c","4b9a0fda6a431d84c991b13a8b5b42a08a8e34db","d3eb172268843302733b33c0423e2cb12272d6449a0fd33faa3793f1cefe252c","true"
"src/app/assets/branding/solith-trainer-library-stopwatch-clipboard.png","  ","1344314","2026-07-22T08:06:04.6030000Z","4174f12e188f1bf69f691ed98d5fc659069caeec9335d6a1abaa64f0aaae6a34","20b85a4bcc7bd8b511c360430047132e2d039f12","4174f12e188f1bf69f691ed98d5fc659069caeec9335d6a1abaa64f0aaae6a34","true"
"src/app/assets/fonts/ibm-plex-sans/IBMPlexSans-Medium.woff2","  ","66740","2026-07-09T23:25:21.0809032Z","5660f8a658f8bb50dbc005232f885eadffd2bc1c235c4f6fbb63469d1f9cde6d","b142a66f712be6b6d3e72aaf53d9a2e88b06eefc","5660f8a658f8bb50dbc005232f885eadffd2bc1c235c4f6fbb63469d1f9cde6d","true"
"src/app/assets/fonts/ibm-plex-sans/IBMPlexSans-Regular.woff2","  ","63020","2026-07-09T23:25:21.0278846Z","ba711a3085ff9f27440b6b9c4550cfc47c97bf36591d5da958b975bb3add8c1a","231a1ad716215de37ce8102dde533be859036f91","ba711a3085ff9f27440b6b9c4550cfc47c97bf36591d5da958b975bb3add8c1a","true"
"src/app/assets/fonts/ibm-plex-sans/IBMPlexSans-SemiBold.woff2","  ","67060","2026-07-09T23:25:21.1289202Z","f78048030eab62e860efa39a0df79e2e5581bf122eb95b9bc42c0b8a4988d205","b96a19c2457d296f597169ea104c5c1ab1435a46","f78048030eab62e860efa39a0df79e2e5581bf122eb95b9bc42c0b8a4988d205","true"
"src/app/assets/fonts/ibm-plex-sans/LICENSE.txt","  ","4456","2026-07-09T23:25:21.1774468Z","7e6b2818edbd8f6a01ae80641cc8f16a51080d08fb4e532be3a0b6f74adb07da","01497cc60dc7de39750e702c395530760cb014cf","7e6b2818edbd8f6a01ae80641cc8f16a51080d08fb4e532be3a0b6f74adb07da","true"
"src/app/assets/fonts/jetbrains-mono/JetBrainsMono-Medium.woff2","  ","93824","2026-07-09T23:25:31.4112044Z","086c48dfbea9ddaff1320f7e09399b8e2924e88ce67453721255db3bdbb5a353","669d04cdf2d841e79bbf13d46d90e280ecbfe82d","086c48dfbea9ddaff1320f7e09399b8e2924e88ce67453721255db3bdbb5a353","true"
"src/app/assets/fonts/jetbrains-mono/JetBrainsMono-Regular.woff2","  ","92164","2026-07-09T23:25:31.3631861Z","a9cb1cd82332b23a47e3a1239d25d13c86d16c4220695e34b243effa999f45f2","40da427651937ac3b65ea6842f9448a810f719c6","a9cb1cd82332b23a47e3a1239d25d13c86d16c4220695e34b243effa999f45f2","true"
"src/app/assets/fonts/jetbrains-mono/OFL.txt","  ","4399","2026-07-09T23:25:34.0514828Z","30f0c136e3c88e422d0791acd97238870f9054a9729bc34cf2ff0d4ed8cac4ad","8bee4148c1d54dbf5dae6d6c117fc80414266abb","30f0c136e3c88e422d0791acd97238870f9054a9729bc34cf2ff0d4ed8cac4ad","true"
"src/app/assets/wisp/index.ts"," M","793","2026-07-26T02:07:27.9693566Z","700c1e6714add235c30f03ce30f199717ced71fae2b509463e76438796489f5c","73575da478b9838e43ac77b390c357ead22fa7d7","700c1e6714add235c30f03ce30f199717ced71fae2b509463e76438796489f5c","true"
"src/app/assets/wisp/solith-wisp-base-float.png","??","1973289","2026-07-26T02:07:28.0643965Z","615a44ec4062ee74f1647c5e3af5d66f1892b5fdc4618f5913ae7885e404caf8","","615a44ec4062ee74f1647c5e3af5d66f1892b5fdc4618f5913ae7885e404caf8","true"
"src/app/assets/wisp/solith-wisp-base.png","  ","2112526","2026-07-24T19:50:56.0659184Z","f0e016c0f97606f4a5523a6f881416b0d3b6c0f1ecc2f084a73c39e3c7f80e8f","290eea8e725c6e81c9820de6c54e1aab5aaab8b1","f0e016c0f97606f4a5523a6f881416b0d3b6c0f1ecc2f084a73c39e3c7f80e8f","true"
"src/app/assets/wisp/solith-wisp-controller-float.png","??","2208423","2026-07-26T02:07:28.0704001Z","18b87f2038759932dac8b08f4446520aab0455de4628605688d37a58c691dbba","","18b87f2038759932dac8b08f4446520aab0455de4628605688d37a58c691dbba","true"
"src/app/assets/wisp/solith-wisp-controller.png","  ","2292011","2026-07-24T19:51:08.6495680Z","17518ced41b5dc2d7cfd5089ff3c28cad9fdaa121ff495ccf104ca50b93cd385","6811ab1b840bbb9e4a6603671380e993cefdbcf0","17518ced41b5dc2d7cfd5089ff3c28cad9fdaa121ff495ccf104ca50b93cd385","true"
"src/app/assets/wisp/solith-wisp-crystal-float.png","??","1946190","2026-07-26T02:07:28.0764001Z","2cb77ccfcd0540b36d79dd687df615852aa981d444915ce3be1e760fa02d6ac4","","2cb77ccfcd0540b36d79dd687df615852aa981d444915ce3be1e760fa02d6ac4","true"
"src/app/assets/wisp/solith-wisp-crystal.png","  ","2096595","2026-07-24T19:50:59.8120714Z","9aa56ae8a31a3033510740da55edf3e03b620724ac3f1aece15c3f6d827144fc","6ca1966839b0e38066a08003f1f824678c38bc89","9aa56ae8a31a3033510740da55edf3e03b620724ac3f1aece15c3f6d827144fc","true"
"src/app/assets/wisp/solith-wisp-dragon-float.png","??","2231315","2026-07-26T02:07:28.0839091Z","1bae643e1904c912f33ed3d5dc63cc93f768b2de88c3344df90c4985b8e76c3a","","1bae643e1904c912f33ed3d5dc63cc93f768b2de88c3344df90c4985b8e76c3a","true"
"src/app/assets/wisp/solith-wisp-dragon.png","  ","2304593","2026-07-24T19:51:17.7275446Z","6bdd70a17ef1b2b97a838fc234373bebc6cc58b486fa67e93b9d0a8905cef472","b471bcf7186dada9525cc3e3714978e9e974d311","6bdd70a17ef1b2b97a838fc234373bebc6cc58b486fa67e93b9d0a8905cef472","true"
"src/app/assets/wisp/solith-wisp-error-float.png","??","2268940","2026-07-26T02:07:28.0899092Z","84ad0bff368823f091a6b98e1793b9c227cd1e85786e029a17634680d5364a4e","","84ad0bff368823f091a6b98e1793b9c227cd1e85786e029a17634680d5364a4e","true"
"src/app/assets/wisp/solith-wisp-error.png","  ","2344763","2026-07-24T19:51:42.3409505Z","2a97d4c106fd31ead90608c24ede1053c79fe7baf4ae1d3d747d65fabba1dc43","46396d44abeffaf00280c5767ba76e5708d83b82","2a97d4c106fd31ead90608c24ede1053c79fe7baf4ae1d3d747d65fabba1dc43","true"
"src/app/assets/wisp/solith-wisp-phoenix-float.png","??","2350656","2026-07-26T02:07:28.0959092Z","709ded253f61fbe60b849a7c5c6573799341558dd0c955b9fffe2bdbb8a41757","","709ded253f61fbe60b849a7c5c6573799341558dd0c955b9fffe2bdbb8a41757","true"
"src/app/assets/wisp/solith-wisp-phoenix.png","  ","2374768","2026-07-24T19:51:13.2416559Z","db6f5ecc206593b27e5f1d206bfba9b71aff62f1495ed054641d2a84c83d4b49","f6261736cade0d1cbfb85ab82f20ca0084827948","db6f5ecc206593b27e5f1d206bfba9b71aff62f1495ed054641d2a84c83d4b49","true"
"src/app/assets/wisp/solith-wisp-scan-float.png","??","2084295","2026-07-26T02:07:28.1024180Z","f7bbf7b4d4a2e67adef96723b9bf9dc95707470c4f43abca20f704e1344faacb","","f7bbf7b4d4a2e67adef96723b9bf9dc95707470c4f43abca20f704e1344faacb","true"
"src/app/assets/wisp/solith-wisp-scan.png","  ","2187771","2026-07-24T19:51:22.2445628Z","62b8572fa84aee24786982fed044281c6a193f46842f08ccf67c9edf664983bd","089ef2bf56d71e414d74a0431a261f5628155b73","62b8572fa84aee24786982fed044281c6a193f46842f08ccf67c9edf664983bd","true"
"src/app/assets/wisp/solith-wisp-shield-float.png","??","2282645","2026-07-26T02:07:28.1094187Z","734472842b7ce7ea099e02b615198077d6adadb0fbb999079d06fa6dd743a703","","734472842b7ce7ea099e02b615198077d6adadb0fbb999079d06fa6dd743a703","true"
"src/app/assets/wisp/solith-wisp-shield.png","  ","2350580","2026-07-24T19:51:03.5422057Z","847717b220aa3d348c2db63971bf76265f377481037e18ce3b950a9e4e2cca1a","ba4ec069b8daa52b128ccf369357f167a7b23d61","847717b220aa3d348c2db63971bf76265f377481037e18ce3b950a9e4e2cca1a","true"
"src/app/assets/wisp/solith-wisp-success-float.png","??","2098854","2026-07-26T02:07:28.1154220Z","d0ecfbbc53d5fd19794ee1c7539a3d6fc8aa4e636812ac64f50cc7bd9a5b7e48","","d0ecfbbc53d5fd19794ee1c7539a3d6fc8aa4e636812ac64f50cc7bd9a5b7e48","true"
"src/app/assets/wisp/solith-wisp-success.png","  ","2189261","2026-07-24T19:51:27.5184737Z","7bf8c6e761abd3fb2823b851016b10d8b86d5be5c0d4a94abe95859e2009428b","7f4d193ca66ef4c0823df2eb8958161882b9e490","7bf8c6e761abd3fb2823b851016b10d8b86d5be5c0d4a94abe95859e2009428b","true"
"src/app/assets/wisp/solith-wisp-warning-float.png","??","2087779","2026-07-26T02:07:28.1214213Z","a1aa5850ddfa58516ff37eb220bd52a0f661420f8e3b6bf84f58561c5c13ccf7","","a1aa5850ddfa58516ff37eb220bd52a0f661420f8e3b6bf84f58561c5c13ccf7","true"
"src/app/assets/wisp/solith-wisp-warning.png","  ","2226415","2026-07-24T19:51:38.3681627Z","20fc0b98acfee7fa2e4a1d9b61102591f6fec96a2fa8c6d8d0281098b9532c1f","20c5bf00f2389ebdccc67411a685b84527e3946a","20fc0b98acfee7fa2e4a1d9b61102591f6fec96a2fa8c6d8d0281098b9532c1f","true"
"src/app/components/ActivityLog.module.css","  ","725","2026-07-10T07:36:26.7612846Z","1642824439d6922d9414e1d3b057a6074a39f550efb49196ed245ee609dc7765","87d774ba605e3e7568ee981c0457e4adfc89c5d7","1642824439d6922d9414e1d3b057a6074a39f550efb49196ed245ee609dc7765","true"
"src/app/components/ActivityLog.tsx","  ","1067","2026-07-10T07:36:24.3079434Z","3f2a23845bf5b747fc7a93edb70e6b7c9ffafd5f5941e8f69fcf068c29ca3699","6b6e0d0998a4a2bef3d1662b0155c55f329f5f44","3f2a23845bf5b747fc7a93edb70e6b7c9ffafd5f5941e8f69fcf068c29ca3699","true"
"src/app/components/AddressDataResearchPanel.tsx","  ","12724","2026-07-21T05:12:17.0754214Z","3b31d73d9bede3c39cc72faf0e3c8fff37c31159d1331bfc64e57c4967946b98","b45cb85903a401c5399a44b5cca6dd51d8047214","3b31d73d9bede3c39cc72faf0e3c8fff37c31159d1331bfc64e57c4967946b98","true"
"src/app/components/ApplyDialog.tsx","  ","5591","2026-06-26T02:39:03.2683848Z","9dd00dbc0fa4cf7e6f7774ecd8bd6ac2f8631bdbc1aba7901f89328fdca7465b","5f2e8ce66900c7392a189a62fa1a69782075cfdb","9dd00dbc0fa4cf7e6f7774ecd8bd6ac2f8631bdbc1aba7901f89328fdca7465b","true"
"src/app/components/AvowedCheatDeck.module.css","  ","1546","2026-07-21T05:12:17.0774216Z","dbc3531b81f6da131e9e984db3ff29ff41a3d1a9de1eb6e42a293d7edf568fdc","9bac2e79e691571f9c09a9636db575782a1ab3a0","dbc3531b81f6da131e9e984db3ff29ff41a3d1a9de1eb6e42a293d7edf568fdc","true"
"src/app/components/AvowedCheatDeck.tsx","  ","3683","2026-07-21T05:12:17.0804214Z","5ca41be827bb1f6d17d89a90b2d30287162f6d9ce5fa2ca139f61e88bef58af3","d7be63c1357d1f822326de84a9a9b024b58c98cc","5ca41be827bb1f6d17d89a90b2d30287162f6d9ce5fa2ca139f61e88bef58af3","true"
"src/app/components/BrandingArtwork.tsx","  ","636","2026-07-11T23:10:44.9854126Z","1aaab9b03b6ee77fd55d202d717781a56d4495c8009f85c9ecb7938d0c34da35","c8b76ed05be940d425fbf9b271dbafa9025b63fe","1aaab9b03b6ee77fd55d202d717781a56d4495c8009f85c9ecb7938d0c34da35","true"
"src/app/components/CommunityExecutionDialog.tsx","  ","3191","2026-07-21T05:12:17.0824255Z","92306de5c1ced8fe1d3891dcaad9c8d2ba32d129459026ea43f430d8bad49319","ea16636c5feebda4e2ba73e236d3788c2b0e1668","92306de5c1ced8fe1d3891dcaad9c8d2ba32d129459026ea43f430d8bad49319","true"
"src/app/components/ContextPanel.tsx","  ","4005","2026-06-26T02:39:03.2703853Z","57f256cc3f0146cd713eb11ea081e25078e55513df3292ab4af150112074dd23","ddae056bc7ccdd5dd2bccb33ae32bf472398655b","57f256cc3f0146cd713eb11ea081e25078e55513df3292ab4af150112074dd23","true"
"src/app/components/DefinitionRatingPrompt.module.css","  ","883","2026-07-12T14:36:19.9753845Z","8c6cc52076d478f6231c806277f9264ae5b54c3b2de836760fb803b3e0c19b42","c1ec71e14a16de101d47b118443562d38d179e7c","8c6cc52076d478f6231c806277f9264ae5b54c3b2de836760fb803b3e0c19b42","true"
"src/app/components/DefinitionRatingPrompt.tsx","  ","1845","2026-07-12T14:36:18.3962089Z","d0b50c4068ef1fe3e95e5460155e84f4788d5f4d5d3ef3e042c60c26b6709561","0006a2257b88bb01e88e7a1082ba227d02211b37","d0b50c4068ef1fe3e95e5460155e84f4788d5f4d5d3ef3e042c60c26b6709561","true"
"src/app/components/FingerprintDriftDialog.module.css","  ","1037","2026-07-11T23:48:15.6451542Z","75a1652701099f59780a2ffb774d1fdfe065270577e546eeeaad660c6fabf49a","e5a69b39575850276394003d51d572f334baa317","75a1652701099f59780a2ffb774d1fdfe065270577e546eeeaad660c6fabf49a","true"
"src/app/components/FingerprintDriftDialog.tsx","  ","1178","2026-07-11T23:48:13.7498640Z","82a35a64ba33cd950b4188aea4eb011939fa636ef524557c046196fbb046a194","b8a6c13a2c2a84529fe7e79baf1e3f1b94752c3a","82a35a64ba33cd950b4188aea4eb011939fa636ef524557c046196fbb046a194","true"
"src/app/components/GameCheatSelector.module.css","  ","3160","2026-07-08T18:22:37.5456310Z","6feffbf4f869499ca089dcc38b082953df5e79fcc6908b3934c63063feba2e12","f50a1c6d97450c36fffa8498493cc2f2a7993436","6feffbf4f869499ca089dcc38b082953df5e79fcc6908b3934c63063feba2e12","true"
"src/app/components/GameCheatSelector.tsx","  ","4892","2026-07-08T23:29:32.5867075Z","a9525eb9c148e54f9e6e6fa1761fd08a1f11ce4a4f7ee8e976050806adb2c619","1ed45824cc362ed657d2bc3d746110491c4f210f","a9525eb9c148e54f9e6e6fa1761fd08a1f11ce4a4f7ee8e976050806adb2c619","true"
"src/app/components/GameProfileHero.module.css","  ","1953","2026-07-10T07:36:21.0367650Z","58244594a3bb2642866e20ee1262576a7ce975bb8cde9f1a00da17c867260c5a","50f0c47fd126b60baad59311866181a109ed212d","58244594a3bb2642866e20ee1262576a7ce975bb8cde9f1a00da17c867260c5a","true"
"src/app/components/GameProfileHero.tsx","  ","1379","2026-07-10T07:38:59.3345371Z","63e375b7bdbf3f210da0e1a25dc52236d5323546003ad4c7e4c0f23e4948554b","b2eaa274b7712a1b93245e7c6fd7257f387f3953","63e375b7bdbf3f210da0e1a25dc52236d5323546003ad4c7e4c0f23e4948554b","true"
"src/app/components/GameScopePicker.tsx","  ","3143","2026-07-13T05:53:56.7356152Z","fb2df373b1ab49be203e361abfff2459e9c2dd56e5344389696550e0ee828218","373079c353ee2a1baa08cd7523b3efa9fd9fbf18","fb2df373b1ab49be203e361abfff2459e9c2dd56e5344389696550e0ee828218","true"
"src/app/components/GameSpecificCheatMenu.module.css","  ","11035","2026-07-21T05:12:17.0844242Z","2c2e6441885b6c0ee7989ffcd0775a70435776dcdc002e3915cd81e56f16bf7e","f54bf053307c6c15b4f56e26c51a5e43cb9180e0","2c2e6441885b6c0ee7989ffcd0775a70435776dcdc002e3915cd81e56f16bf7e","true"
"src/app/components/GameSpecificCheatMenu.tsx","  ","26697","2026-07-23T20:43:03.2272991Z","96a61612c9279927dc8364a4666b005afaeb99d439cdb49319dea83912d65748","e8b259d7a83952b5f05b605167b8bd530a663863","96a61612c9279927dc8364a4666b005afaeb99d439cdb49319dea83912d65748","true"
"src/app/components/HotkeyRebindPanel.module.css","  ","1218","2026-07-12T14:36:16.2646841Z","540506169c66908fcfe335d10d8122039636a16206ee6b7aaf86fa847b8e569d","08e60e650514d30bd3068bf275bcde627c0d9e96","540506169c66908fcfe335d10d8122039636a16206ee6b7aaf86fa847b8e569d","true"
"src/app/components/HotkeyRebindPanel.tsx","  ","4266","2026-07-15T15:06:12.3708811Z","cd442521fa52ba8e6b9c8fc2a04acd0f6d99ac58e70d575efe884a19f4d313f5","ccf4e61eff8d65eb7fa3460885b72dda566fdf03","cd442521fa52ba8e6b9c8fc2a04acd0f6d99ac58e70d575efe884a19f4d313f5","true"
"src/app/components/icons/activity.svg","  ","247","2026-07-10T03:32:11.6968348Z","ea0cdc94275500d450360b8a20be41319d3732b69feda7853bb2b8fd35a26e24","c0f47fb598fe3cd144c366f621b7902fbe6464be","ea0cdc94275500d450360b8a20be41319d3732b69feda7853bb2b8fd35a26e24","true"
"src/app/components/icons/apply.svg","  ","240","2026-07-10T03:32:11.7988710Z","9c2121aef5a60a02a3bf4a6cd3c8a42d2dbc453acdad84288108c2228de9e743","1275a98b757ddefb7bbaa3a7e6fa3797848125d0","9c2121aef5a60a02a3bf4a6cd3c8a42d2dbc453acdad84288108c2228de9e743","true"
"src/app/components/icons/backups.svg","  ","380","2026-07-10T03:32:11.8934088Z","6be1f5d18e67db8a4a91937f9be089c06b282b75fea61187164b8f18819750d4","205dec09bda8102200cb236022f40c7e910114d2","6be1f5d18e67db8a4a91937f9be089c06b282b75fea61187164b8f18819750d4","true"
"src/app/components/icons/blocked.svg","  ","392","2026-07-10T03:32:11.9889485Z","31eb6d1d3187472de55c2153b54a1539c1d89b44ddc7c4032e42fb7b7a13a031","fb768ec25cbc69147dd9435bc19f4e0024c407ff","31eb6d1d3187472de55c2153b54a1539c1d89b44ddc7c4032e42fb7b7a13a031","true"
"src/app/components/icons/cancel.svg","  ","262","2026-07-10T03:32:12.0894951Z","b6d30dff58c1201f5598ba334a9d8a6349339cb7b66855892701f650b9a168b2","2f156677a24c02580cdb1cbd9b73a28736fc07ab","b6d30dff58c1201f5598ba334a9d8a6349339cb7b66855892701f650b9a168b2","true"
"src/app/components/icons/caution.svg","  ","409","2026-07-10T03:32:12.1845344Z","fa52e1980826c8fa3cf9881cf93d8d6709985a339956b213d41386cbe58e823b","a691a5b2de97fbbe12605b2837c5677458bd396f","fa52e1980826c8fa3cf9881cf93d8d6709985a339956b213d41386cbe58e823b","true"
"src/app/components/icons/database.svg","  ","340","2026-07-10T03:32:12.2895774Z","4fe672bfa5021f1b38a1d556c91fef630f384380b73915b8ac1ff698a1fef173","998c788150470d6b7967b14ab1c538de9b258c15","4fe672bfa5021f1b38a1d556c91fef630f384380b73915b8ac1ff698a1fef173","true"
"src/app/components/icons/discovery.svg","  ","334","2026-07-10T03:32:12.3891156Z","9c757230424585cbf82b76b40adcf5df3a94108cb692166c0c604ec2f48887a6","421f78d1e12207101d44950bbe9635fa015642f8","9c757230424585cbf82b76b40adcf5df3a94108cb692166c0c604ec2f48887a6","true"
"src/app/components/icons/game.svg","  ","475","2026-07-10T03:32:12.4811429Z","891a7c8cfaec90e300c1bf74efb618de1a37601f05ad033ee081460476052e2c","843b8ab0f0459960bc8cfcb866767024f535ce79","891a7c8cfaec90e300c1bf74efb618de1a37601f05ad033ee081460476052e2c","true"
"src/app/components/icons/Icon.tsx","  ","1999","2026-07-10T03:38:21.1082451Z","de7b70b317f8884b20815c4e9d11eccfcda8260c03700202202f937f5acb639a","7c78076dd8a72f3f3f705ce0a65052feba3f53a3","de7b70b317f8884b20815c4e9d11eccfcda8260c03700202202f937f5acb639a","true"
"src/app/components/icons/index.ts","  ","77","2026-07-10T03:32:44.8395154Z","bc7b84c587f60de7f04636cbc5b890de337353d3b52337ae0806985e8232f8fa","a38e922e175b08019722d27ee7d09a30f5f9d9ae","bc7b84c587f60de7f04636cbc5b890de337353d3b52337ae0806985e8232f8fa","true"
"src/app/components/icons/log.svg","  ","359","2026-07-10T03:32:12.5736787Z","b5c96da57ad1aa21615a4dd53e895a145b3db846c0ebac365cbd0371b076e96a","6ecbaa1b1843e8c6e3697fd9588e8310a7acb083","b5c96da57ad1aa21615a4dd53e895a145b3db846c0ebac365cbd0371b076e96a","true"
"src/app/components/icons/refresh.svg","  ","317","2026-07-10T03:32:12.6662239Z","4c836d26a37be1bdf64ee4d7834599e0b6d2643d230f7cd34eccab2e4dcb39a5","92647edd1022f6d20553507b8f2c5cc2a6c25c56","4c836d26a37be1bdf64ee4d7834599e0b6d2643d230f7cd34eccab2e4dcb39a5","true"
"src/app/components/icons/safe.svg","  ","353","2026-07-10T03:32:12.7597504Z","aeca32a773bcfea81e4783cc4eab5e8a570a838f25b86793b18e58b4f028975b","9ab9366df7681a12e6b50535b83b3d4b2c0ef62d","aeca32a773bcfea81e4783cc4eab5e8a570a838f25b86793b18e58b4f028975b","true"
"src/app/components/icons/save.svg","  ","378","2026-07-10T03:32:12.8502898Z","a8bc57a7edf0749a33ccd6093be4129045c42b81a0cdd97be3a9a75c262395c9","16268454540d1862798e08d310ce80e3c7b25b77","a8bc57a7edf0749a33ccd6093be4129045c42b81a0cdd97be3a9a75c262395c9","true"
"src/app/components/icons/search.svg","  ","288","2026-07-10T03:32:12.9418271Z","b132350e50174d18eaaad9a04fe6b246e12cb582bbc5e22f111f659c757bbda9","1a6f3df8274f8dbc6c19874e0e4bd11196ef815d","b132350e50174d18eaaad9a04fe6b246e12cb582bbc5e22f111f659c757bbda9","true"
"src/app/components/icons/settings.svg","  ","796","2026-07-10T03:32:13.0343641Z","6a8dc3ab186a37d72e6a565760609b6c5ff2847ddfa5740b937b6c7413391d4a","4a381d331482631dcf2b4b2cfa581734d37e6d94","6a8dc3ab186a37d72e6a565760609b6c5ff2847ddfa5740b937b6c7413391d4a","true"
"src/app/components/icons/trainer.svg","  ","512","2026-07-10T03:32:13.1263929Z","d34f8833672d755a4161103e6243a43d9c80f152359978ea1cb94058f0b02a5c","562607c6e842bc3be6cdc6a1fc5e580933458e85","d34f8833672d755a4161103e6243a43d9c80f152359978ea1cb94058f0b02a5c","true"
"src/app/components/L4GovernancePanel.tsx","  ","6985","2026-07-23T00:59:31.0233786Z","8ac1753850b53c66c688d7274801080880610c1d8c6201a3b998fd4f936f4acc","049a54f1dd0ff27a90e5cfc26f47db55e8d7280f","8ac1753850b53c66c688d7274801080880610c1d8c6201a3b998fd4f936f4acc","true"
"src/app/components/LibraryLaunchDialog.module.css","  ","1118","2026-07-11T23:48:12.3800930Z","04742ed50621f884eda01897b5e4ceae4dba21a4c701bd5a539be6ff5760b435","0936883ac8ec20f6b536701c95dba20f969d9534","04742ed50621f884eda01897b5e4ceae4dba21a4c701bd5a539be6ff5760b435","true"
"src/app/components/LibraryLaunchDialog.tsx","  ","2154","2026-07-11T23:48:10.4372614Z","e406334ff3601a529fb98fda7f61382f8d340c74cf6466ac72fd1624f75c2f48","47aa2ef7b8f69ae2742bf1fc31e2126b27784af4","e406334ff3601a529fb98fda7f61382f8d340c74cf6466ac72fd1624f75c2f48","true"
"src/app/components/LiveCorrelationWatcherPanel.tsx","  ","22533","2026-07-23T22:49:24.4347743Z","c0336303243b491077de49cec88451f8f1239a066aeaa7160205fad5b09f947e","034e8e5e967c2080e5de0e3dc87a7651d22a678e","c0336303243b491077de49cec88451f8f1239a066aeaa7160205fad5b09f947e","true"
"src/app/components/LiveToggleCardsPanel.tsx","  ","4054","2026-07-21T05:12:17.0884256Z","4c7bb6230803d8b4c42baaa895e13daee0584db3e6a07c832be2be6e1aa47a6b","813172e0f44668716a4a599d17012e2c296be4b7","4c7bb6230803d8b4c42baaa895e13daee0584db3e6a07c832be2be6e1aa47a6b","true"
"src/app/components/LiveWatchPanel.module.css","  ","2921","2026-07-09T16:26:35.1983201Z","d195df3baf8f3c9f80ef7aef35a72db24e63361dfbb6f332dbe24649e7ba8b00","c2ac003d3292dc1e177536e2cc286b8cdfc6fe45","d195df3baf8f3c9f80ef7aef35a72db24e63361dfbb6f332dbe24649e7ba8b00","true"
"src/app/components/LiveWatchPanel.tsx","  ","6088","2026-07-15T18:10:08.5526139Z","187f382cc75d9dbd24327b0554c39cc2365e811d9e17ef4bbceaa32fc2d8deb6","f9ac7542f78a44aa996ab3eeb2f3e3000130943b","187f382cc75d9dbd24327b0554c39cc2365e811d9e17ef4bbceaa32fc2d8deb6","true"
"src/app/components/ModuleCard.module.css","  ","2122","2026-07-11T23:10:44.9854126Z","ecc4de43ef8b0d428343ccd886ff667160f337126a103316d1ca8ea758624628","02462c0abae0a8eaa873f788562ed2a71adc3efc","ecc4de43ef8b0d428343ccd886ff667160f337126a103316d1ca8ea758624628","true"
"src/app/components/ModuleCard.tsx","  ","2088","2026-07-11T23:10:44.9854126Z","87c2947057562da1e964031f5e6e62b4ccb59d1e7a2d2f979fc3bed4b085df26","a638ea76a828080dc748fdd4a7e9c49e875a426a","87c2947057562da1e964031f5e6e62b4ccb59d1e7a2d2f979fc3bed4b085df26","true"
"src/app/components/OnboardingWizard.module.css","  ","1954","2026-07-24T23:51:55.6672671Z","e6e4edf9b8d447b0c5e5693d04db4da9ab6b1ebc51f38a3d263564215000641f","06c247111825363ed52da18bc4654c4a39e2aa06","e6e4edf9b8d447b0c5e5693d04db4da9ab6b1ebc51f38a3d263564215000641f","true"
"src/app/components/OnboardingWizard.tsx","  ","4590","2026-07-24T23:51:55.6642679Z","c4a22c89328284c1052db091a79d5529fe3ae0943878217a42ffcfb1898d9f62","cb39b4479ace30868451f12044eb41fd920d5ffa","c4a22c89328284c1052db091a79d5529fe3ae0943878217a42ffcfb1898d9f62","true"
"src/app/components/OpeningCinematic.module.css","  ","1157","2026-07-21T05:12:17.0914248Z","cf78fd3e30ef479e6abe795fe5334237dc26405b84e3013c595a86521a13fac8","f0f4c2e93b7c236326214a5585bb1fa08ad6c434","cf78fd3e30ef479e6abe795fe5334237dc26405b84e3013c595a86521a13fac8","true"
"src/app/components/OpeningCinematic.tsx","  ","1977","2026-07-21T05:12:17.0924263Z","217514e4defd3791e07d2decc2b95f4dae2ee20563da423414b4842e6e65b039","3413b4dbb6cb6a6b7892b42eb6ff1d4d466ed9b1","217514e4defd3791e07d2decc2b95f4dae2ee20563da423414b4842e6e65b039","true"
"src/app/components/PageModuleHeader.tsx","  ","1484","2026-07-26T06:56:36.7183113Z","5c03e578d0db9c48dcce397d6eb671bc3cbc72036c8441155f7d92ef67d3f70c","b1c2738a439dc61888424ecdcca4e354829e7cab","5c03e578d0db9c48dcce397d6eb671bc3cbc72036c8441155f7d92ef67d3f70c","true"
"src/app/components/PageWalkthrough.tsx","  ","4960","2026-07-28T08:12:19.5716581Z","1caaf2319ee76baa3c62d311c11a05e8d870f85e81ea024952aabb5016f2f8de","7047e94e419296b72cb2f14c06b759a902c25c57","1caaf2319ee76baa3c62d311c11a05e8d870f85e81ea024952aabb5016f2f8de","true"
"src/app/components/ProcessDetectToast.module.css","  ","907","2026-07-21T05:12:17.0944255Z","8d8615d4f6df78ad8d8c1bfe044b20abdb42b7cf06dc23d5e2a4042a9202f0b5","6280f4dd748c7243bfe1ef383cabe692029550ea","8d8615d4f6df78ad8d8c1bfe044b20abdb42b7cf06dc23d5e2a4042a9202f0b5","true"
"src/app/components/ProcessDetectToast.tsx","  ","1187","2026-07-21T05:12:17.0979326Z","3ded5cd4818dcc3d35ff4a2985bc8688bb28911959219291fb4c057c8916692e","3f86cab8bc340ea6be7540026421a8fc9bd5e1d5","3ded5cd4818dcc3d35ff4a2985bc8688bb28911959219291fb4c057c8916692e","true"
"src/app/components/PublishDefinitionModal.module.css","  ","1124","2026-07-21T05:12:17.0989346Z","a830049be4738b37038e048a6a6d3ecd9b1346dd13ce01da721d3e4d679c6d12","19121bc9af802678fbf85de2d8c483bfe718d497","a830049be4738b37038e048a6a6d3ecd9b1346dd13ce01da721d3e4d679c6d12","true"
"src/app/components/PublishDefinitionModal.tsx","  ","6462","2026-07-21T05:12:17.0999333Z","34b3a71c036a59cbb153c381a8bad3619f6a747049050fe2825dd93f680d4350","4dda6286ef2c1ecd31c237a310be5632ff0211aa","34b3a71c036a59cbb153c381a8bad3619f6a747049050fe2825dd93f680d4350","true"
"src/app/components/RepairChecklist.module.css","  ","611","2026-07-13T05:53:56.7346152Z","b20623a427ca0937174fc2c740206b3f6849dd2480a08027b8235e5961514f0f","284b8367a25bff59c0046883feb1fe1ab5191879","b20623a427ca0937174fc2c740206b3f6849dd2480a08027b8235e5961514f0f","true"
"src/app/components/RepairChecklist.tsx","  ","968","2026-07-13T05:53:56.7346152Z","39007b6ba939afbfce78b8f77dec379b63d6187c0fa08db1c5cbf29443efcef7","a9d3bb1a38bde628abda5e20ee3a44c6081bda4f","39007b6ba939afbfce78b8f77dec379b63d6187c0fa08db1c5cbf29443efcef7","true"
"src/app/components/SinglePlayerWaiverModal.tsx","  ","2337","2026-07-22T04:51:43.6706519Z","c939ab61bc2f2a7e1c7a30a6dd33ed9eca650db6605edd8848dbd66b57ad076c","77bfc3429e19a7cabeff6dd7aa0ea5f036995147","c939ab61bc2f2a7e1c7a30a6dd33ed9eca650db6605edd8848dbd66b57ad076c","true"
"src/app/components/SolithTopBanner.tsx","  ","543","2026-07-15T15:06:12.1636170Z","2bef07ec8213aa46c964b97b7d38bde439d89f6b601e0e480965bf152b168d22","1280209f31237c512ece2dd36999d7d237c333fb","2bef07ec8213aa46c964b97b7d38bde439d89f6b601e0e480965bf152b168d22","true"
"src/app/components/SolithWispCompanion.tsx"," M","29287","2026-07-28T08:57:03.7391166Z","dfb609e7be6200ed613c7d5ffac1ac5242c75724cb053cb7eaba0814e988794b","294d34ead74ca7af5600e113a4ad8ea45a31bb34","dfb609e7be6200ed613c7d5ffac1ac5242c75724cb053cb7eaba0814e988794b","true"
"src/app/components/TrainerCard.tsx","  ","7229","2026-07-12T05:42:56.3637085Z","0cb11b57bd4a8fe3a3504a838c1207680126b58cc16c8ea124ae999e76387e94","43e52ca13e8e40ca419f5b0b90008973f8bea8b5","0cb11b57bd4a8fe3a3504a838c1207680126b58cc16c8ea124ae999e76387e94","true"
"src/app/components/VirtualCatalogGrid.tsx","  ","4219","2026-07-22T19:47:23.2673763Z","8176bec7288d821990507ecb5fe3bf755a519aa4a543891ac62ae4a958cd4ce8","a97e171e33f6f5c3098cef18be82554a6a947794","8176bec7288d821990507ecb5fe3bf755a519aa4a543891ac62ae4a958cd4ce8","true"
"src/app/help/walkthroughs.ts","  ","18659","2026-07-28T08:58:25.7565858Z","470a8548be7ece5e861971efe36b88927434466343b54857e207adfe3567832c","c98ac00df3455d5428d6c01279c5dc9efa1c361d","470a8548be7ece5e861971efe36b88927434466343b54857e207adfe3567832c","true"
"src/app/hooks/useGameCheatSession.ts"," M","40316","2026-07-29T16:39:27.7494994Z","bef287e5aa7cabff5b7dd15f59892ea9b2a6c520755da5851ec556113c055c55","65234c12dd4863f8f53aaff5f4d9d9a0f3a6f49f","bef287e5aa7cabff5b7dd15f59892ea9b2a6c520755da5851ec556113c055c55","true"
"src/app/live-memory/process-picker.ts","  ","10720","2026-07-26T11:47:05.8726987Z","e5dbcfe3d635038732d5353d69f93c69aed0dd91516f090858e49539dc72c809","1a6eb0d455537df566c622cd712c98a674b742d8","e5dbcfe3d635038732d5353d69f93c69aed0dd91516f090858e49539dc72c809","true"
"src/app/live-memory/watch-list-bookmarks.ts","  ","1511","2026-07-12T14:34:08.7282502Z","5d7ad26658545d7417c15f23ead39aee49916dd1ff5f032495f388bdcdc3e87c","0f45dc7796799cc45023a4ab3e4b65f2d069b75f","5d7ad26658545d7417c15f23ead39aee49916dd1ff5f032495f388bdcdc3e87c","true"
"src/app/pages/backups-dashboard.ts","  ","986","2026-07-05T10:03:51.4950871Z","d71a27a2ad2c328f2944faf0a134f39f1bfa37e82412f887fd447ad5a1e7c11a","c8984ad1ebae55e20f1ca7ffbee85915ec5cab39","d71a27a2ad2c328f2944faf0a134f39f1bfa37e82412f887fd447ad5a1e7c11a","true"
"src/app/pages/Backups.tsx","  ","8965","2026-07-26T06:59:28.2259700Z","d81033f389a7dc4830735b4aa819ae912b2e6861df91d737f5d13b34d2c3bcfc","8f1e3bc863eb3c7c2805aaf8e9a0e53d02a83c56","d81033f389a7dc4830735b4aa819ae912b2e6861df91d737f5d13b34d2c3bcfc","true"
"src/app/pages/CatalogTrainerControlsPage.tsx","  ","3725","2026-07-17T02:53:30.3233800Z","d70a469ce8d0508740070ffb829d40578a89776c91482cf56ae8eb7bc85f6f07","7c2628288f85f22f36a27b4892400ef365b0c2b7","d70a469ce8d0508740070ffb829d40578a89776c91482cf56ae8eb7bc85f6f07","true"
"src/app/pages/CompatibilityDashboard.tsx","  ","7262","2026-07-26T07:01:45.4491198Z","9a7601c23e27aa914b7ec3fe15cd263a8c573c170a9dca46ebce3b6e05085b54","3de5f9fa1e389c79dacbb1189bcacabb40b40783","9a7601c23e27aa914b7ec3fe15cd263a8c573c170a9dca46ebce3b6e05085b54","true"
"src/app/pages/CtLibraryExplorerPage.module.css","  ","4582","2026-07-28T08:11:59.3680562Z","5eaa51c169fa1db23b119580fb56738c7fb7792c79409c7403aa7b02e8603fcc","b05604b97a3a3994c538550cd96cc9179dea5a14","5eaa51c169fa1db23b119580fb56738c7fb7792c79409c7403aa7b02e8603fcc","true"
"src/app/pages/CtLibraryExplorerPage.tsx","  ","22437","2026-07-28T07:16:25.2387306Z","8e093f09c6a97c802d94faa999a05c6052a1536fcf1fb480bd57b9c0579e7b1d","d409718a0ae6a8894dfdd573a6f48b2d1099bc44","8e093f09c6a97c802d94faa999a05c6052a1536fcf1fb480bd57b9c0579e7b1d","true"
"src/app/pages/DiscoveryLab.tsx","  ","38390","2026-07-26T07:01:03.7197152Z","9d74df460dcb384d534da9b90af883f2bd50ccd1a735310d804980e71f0dbe0d","9f35b49efa765477fb77ee08a42e6a8094b5bace","9d74df460dcb384d534da9b90af883f2bd50ccd1a735310d804980e71f0dbe0d","true"
"src/app/pages/ExternalTrainerResearchLab.tsx","  ","46032","2026-07-26T07:02:08.9428029Z","15b4d227ed323b9195606611ca3b57dbc5dc7fa3db6073d8eccaac00f91f90e7","f97a2e8611d17ab20137d80e15d74129e15901ff","15b4d227ed323b9195606611ca3b57dbc5dc7fa3db6073d8eccaac00f91f90e7","true"
"src/app/pages/Journal.tsx","  ","8568","2026-07-28T08:12:54.4344630Z","d676356b170e8bdd2b74c57009b88e9a8e736de8858b482540b087120fffe071","079d729ba63d6b4ce0c8ff41997fe978c641fc33","d676356b170e8bdd2b74c57009b88e9a8e736de8858b482540b087120fffe071","true"
"src/app/pages/LiveMemoryTrainerPage.tsx"," M","50049","2026-07-29T16:39:20.6980203Z","a84ebf770c0f15e5f25f22a40f1c29002a815bc169a8a1b2a8782d0a923090bb","5a744a2efe63ab2ae27a413e49d22c0028d666a5","a84ebf770c0f15e5f25f22a40f1c29002a815bc169a8a1b2a8782d0a923090bb","true"
"src/app/pages/MultiGameTrainerPage.module.css","  ","2311","2026-07-11T09:50:02.1438845Z","d0d82aa60b2814067c4774c032da782967ff2cb62b49c97f4aeddb78d7aa697a","8585f9df561fc5f4fcf2bc18eaec3a2537caa908","d0d82aa60b2814067c4774c032da782967ff2cb62b49c97f4aeddb78d7aa697a","true"
"src/app/pages/MultiGameTrainerPage.tsx","  ","4238","2026-07-12T14:37:56.7485033Z","dfb5bb9012929eacec8ad83d29dcc71123f9e8a0fca1221b763e20ae519f4be8","d33606bc2f9f644a8cb5fd734ad1e41fdb643ff9","dfb5bb9012929eacec8ad83d29dcc71123f9e8a0fca1221b763e20ae519f4be8","true"
"src/app/pages/Recipes.tsx","  ","8575","2026-07-26T07:02:30.0297067Z","8848573a7c255e5005c71ba99a4bd3bb7c665a740d5f5fb7b38c67cf9d329ba1","00be571d2a76c975956d52c767900a6cab6aae9f","8848573a7c255e5005c71ba99a4bd3bb7c665a740d5f5fb7b38c67cf9d329ba1","true"
"src/app/pages/RegistryExplorerPage.tsx"," M","24773","2026-07-27T11:40:00.9660529Z","e7d61c9d0d339d1acd76c857f7f3673670eb7645df446cfa3438d04bce344fbd","1f3b419282cb7d55006fb823effc501bfb342667","e7d61c9d0d339d1acd76c857f7f3673670eb7645df446cfa3438d04bce344fbd","true"
"src/app/pages/SaveEditor.tsx","  ","17362","2026-07-26T07:03:23.5522034Z","8e8f28adc769e451f9cc738cc015585f8027d15c8b1359e5241aa379c0c3f3b9","a7736ea7164e27cac81019266601362dc673cf25","8e8f28adc769e451f9cc738cc015585f8027d15c8b1359e5241aa379c0c3f3b9","true"
"src/app/pages/SaveLocations.tsx","  ","9207","2026-07-26T07:05:20.1241306Z","162acd4c7aee4ad561fac863c3f0ec1b1f2d3dff19065e7c418d05335e3bac74","beb0dddf8d34ed9d7d4d95fcd61df23db4d7f13c","162acd4c7aee4ad561fac863c3f0ec1b1f2d3dff19065e7c418d05335e3bac74","true"
"src/app/pages/SessionMonitorPage.tsx","  ","13229","2026-07-26T07:03:50.6638651Z","b2cf6f7323a9ced18176ac90b47f55820599d5c87c5bbffb0fb56b48fb6e56ad","257de0d45db7ac46dc437751dd20b9e4fa2807a6","b2cf6f7323a9ced18176ac90b47f55820599d5c87c5bbffb0fb56b48fb6e56ad","true"
"src/app/pages/trainer-control-panel-build.ts","  ","704","2026-07-16T16:39:27.0561008Z","bb4f5ceedb059238720591196ee1d296b8a0c4f618e3447a592184ac2dbbcac8","0ed4cd805bd8c6efdc1a7b38e6276540de500d1c","bb4f5ceedb059238720591196ee1d296b8a0c4f618e3447a592184ac2dbbcac8","true"
"src/app/pages/TrainerControlPanel.tsx","  ","24477","2026-07-26T07:06:01.7836096Z","39629b1cf23863d31eb354b4a62b7455828ebbc390563accfe1f6ce18807f294","f38dbade0d2b332ca7365bf0cb6815e141e3a9f1","39629b1cf23863d31eb354b4a62b7455828ebbc390563accfe1f6ce18807f294","true"
"src/app/pages/TrainerDeckPage.module.css","  ","2103","2026-07-13T05:53:56.7346152Z","1a8a9fc1b17611476956de31f7c8ef1616a0c10294c52847ec4c0c9caf9863a6","c9ef109afac2784d6dc179a62f49f87aa82a400e","1a8a9fc1b17611476956de31f7c8ef1616a0c10294c52847ec4c0c9caf9863a6","true"
"src/app/pages/TrainerDeckPage.tsx","  ","11372","2026-07-13T05:53:56.7346152Z","dea723dfd6c825adce0fbcfc1c5f79beaced58ca7757c082f25a3fe162f9ca04","0aa0834d38bf4cc4a3a4bc9edc5d02942b1344b9","dea723dfd6c825adce0fbcfc1c5f79beaced58ca7757c082f25a3fe162f9ca04","true"
"src/app/pages/TrainerLibraryPage.module.css"," M","12471","2026-07-28T08:11:59.3710532Z","bc32cacc050922b7ba43b69178d15202bd278ee8d22a341409240614b2632257","3479bd8ae7c857a9b43c7795cf44c8a6efe576b1","bc32cacc050922b7ba43b69178d15202bd278ee8d22a341409240614b2632257","true"
"src/app/pages/TrainerLibraryPage.tsx"," M","56779","2026-07-27T06:00:52.3123697Z","d5170b88a1f0a4b172bee3b4d3dcb6fcf2a9b797a1e2597a33e7f84821caeaf0","de31e214cba2c9638a9212c7baef6b463e10fc1a","d5170b88a1f0a4b172bee3b4d3dcb6fcf2a9b797a1e2597a33e7f84821caeaf0","true"
"src/app/pages/TrainerOverlayPage.module.css","  ","1450","2026-07-11T09:50:02.1438845Z","0fd824936772c3bfc653e10c4673a8c8ad3aabcf2846adf874ebee469036fb9f","31537f1238c781ead189b6d29c4c0bb2afeb3723","0fd824936772c3bfc653e10c4673a8c8ad3aabcf2846adf874ebee469036fb9f","true"
"src/app/pages/TrainerOverlayPage.tsx","  ","2624","2026-07-11T09:50:02.1438845Z","3053a19906f231c50c2db2304012edcc4e3cf6441f6ad3cdcc61f66247ec81f1","a70aef1cbacdcbcbb16390bf76f2fa6c28d4d6b5","3053a19906f231c50c2db2304012edcc4e3cf6441f6ad3cdcc61f66247ec81f1","true"
"src/app/pages/TrainerPage.tsx","  ","11173","2026-07-10T21:42:00.4090503Z","246862d6e0439f16e1d21979bf997d0749c0b5d7a69047f883238db48b86432e","e3a2f62e271588a111ee1bb36a6aac50377f1499","246862d6e0439f16e1d21979bf997d0749c0b5d7a69047f883238db48b86432e","true"
"src/app/pages/WispOverlayPage.tsx","  ","232","2026-07-24T20:48:13.3711880Z","d021389280c6e9c69151bf7f208db4126877c4726b8f4123dcfc11a8a17a0c79","af7b220153c658378d9549136b8ccb2e4d0e1e0e","d021389280c6e9c69151bf7f208db4126877c4726b8f4123dcfc11a8a17a0c79","true"
"src/app/reliability-messages.ts","  ","1316","2026-07-10T21:42:35.9441473Z","8bf8ff841f73d0f985bfa214e8affbadf35fba78226a02e5391801454f94d613","02fd4746b11ca66acb42106968b37843cb32080f","8bf8ff841f73d0f985bfa214e8affbadf35fba78226a02e5391801454f94d613","true"
"src/app/routes/GameLibrary.tsx"," M","16027","2026-07-28T04:06:05.1753378Z","6572ea63bc75ebfa3628e00721e294251c56993e27f1785a8b330c092f520f3d","d49bb190cc1300a6eb493ed023c73a7acef88582","6572ea63bc75ebfa3628e00721e294251c56993e27f1785a8b330c092f520f3d","true"
"src/app/save-edit-risk-labels.ts","  ","1985","2026-07-12T05:42:11.9407263Z","1f908063d5970cac5b41eadb326a2b3f5a25388c3dc7ecb7064adc4dfcd8d787","c8156afa1beaec5cf18d90e02e7119b19364b13f","1f908063d5970cac5b41eadb326a2b3f5a25388c3dc7ecb7064adc4dfcd8d787","true"
"src/app/stores/trainerSessionCache.ts","  ","1352","2026-07-08T09:47:33.6033769Z","107cd13c806cc4c25430b36143d2b2f0bdc7bf0a5976ba74785cdb397c32bb9e","1dd2809e50702814008d0a3236ba0e0f6f39b68d","107cd13c806cc4c25430b36143d2b2f0bdc7bf0a5976ba74785cdb397c32bb9e","true"
"src/app/styles/index.css"," M","87747","2026-07-28T08:54:49.3361223Z","2c0adf066af2d92c0fae4b869cf0538883f05e610d9afcde627947613161c44a","5f2da81da5681a3bd3a8b69c0776b0d983c02548","2c0adf066af2d92c0fae4b869cf0538883f05e610d9afcde627947613161c44a","true"
"src/app/styles/trainer-control-panel.css","  ","7502","2026-07-28T08:09:32.2047537Z","aca3a67e965523d1d56822d83768bd37b6c91da46774e3e0df1e960af85013c9","5442fef61a32004a538d467a4beb6d06f1951c15","aca3a67e965523d1d56822d83768bd37b6c91da46774e3e0df1e960af85013c9","true"
"src/app/utils/download-text-file.ts","  ","530","2026-07-11T23:13:12.9981127Z","8543ddd63e94de7f02ebfe1fb4e6eef33ef9231c9b4a531340a3496d29e71ed7","55170b8677d342c092d2c26c0cae9ae4b3152ecc","8543ddd63e94de7f02ebfe1fb4e6eef33ef9231c9b4a531340a3496d29e71ed7","true"
"src/app/wisp/preferences.ts","??","3779","2026-07-28T08:51:05.2835725Z","08ede1c3dbf3f74b701e5ecb61f8ce037fd8af9957db702775c1a35aee2854d4","","08ede1c3dbf3f74b701e5ecb61f8ce037fd8af9957db702775c1a35aee2854d4","true"
"src/configure-zod-csp.ts","??","279","2026-07-27T06:48:29.0505446Z","b18b145f61f52ee501d412e514077b4c0e4dedc3834c8d0ae4ed13b14f82cb9b","","b18b145f61f52ee501d412e514077b4c0e4dedc3834c8d0ae4ed13b14f82cb9b","true"
"src/core/adapters/binary.ts","  ","4010","2026-07-22T04:29:46.1322963Z","17f6fdd695cdabb157cd32e1d01bfe52b539bd8caa5d6d20673a6ab00fb26c02","2560bc0704c1d0cbcd84c8d2bd6c4ae23ce09e59","17f6fdd695cdabb157cd32e1d01bfe52b539bd8caa5d6d20673a6ab00fb26c02","true"
"src/core/adapters/contract.ts","  ","927","2026-06-22T18:49:27.6446357Z","12f05da6f7991f60945c8e249c73be2d027c82b76355e7b9cb97019b5f414efa","d419e6de487429b20545eccfd8d4f5a9215cbf5d","12f05da6f7991f60945c8e249c73be2d027c82b76355e7b9cb97019b5f414efa","true"
"src/core/adapters/csv.ts","  ","10411","2026-06-22T18:50:36.3077957Z","3386c69c8c4d88e18febb144109b8d99ab83981cf776dd8858ea2822b623b431","384b4a8c7ca730af244b3b5061f142ccac82f202","3386c69c8c4d88e18febb144109b8d99ab83981cf776dd8858ea2822b623b431","true"
"src/core/adapters/drill-core-settings.ts","  ","11220","2026-06-28T01:51:08.4416970Z","f72d2068bf424e8aaafda1818073319463eec84cd0a104b8ea8f33ea778d5b21","b90a30b2e94c33e5ff60a52f58ab6ea6c8e783cb","f72d2068bf424e8aaafda1818073319463eec84cd0a104b8ea8f33ea778d5b21","true"
"src/core/adapters/index.ts","  ","1084","2026-06-28T01:51:08.4436972Z","fb351430f9195324366bc29cf1e33552c65a18239d49b9fd1d7e0c136e2240d5","d19657582c5fb41e7dd7e9dcb5f5ee010780eb64","fb351430f9195324366bc29cf1e33552c65a18239d49b9fd1d7e0c136e2240d5","true"
"src/core/adapters/ini.ts","  ","7606","2026-06-22T20:36:38.2801393Z","97d6e9f95ed7b143b263a6ebf3b5a2ff0b2b34eb66c141c480accd680ee7dded","79f054a4aeed00bb997cd0c1e1a67bc7a600a12d","97d6e9f95ed7b143b263a6ebf3b5a2ff0b2b34eb66c141c480accd680ee7dded","true"
"src/core/adapters/json.ts","  ","5986","2026-06-22T18:51:22.2239190Z","3a17d4bf739c7a084038c83112bdbbb05e4516a8c41c269e2a8217a67eb4b65b","67ee4f8cf11e4209fd930f28a42fa8da31655c73","3a17d4bf739c7a084038c83112bdbbb05e4516a8c41c269e2a8217a67eb4b65b","true"
"src/core/adapters/lua.ts","  ","6372","2026-07-22T04:29:46.1342956Z","0e437af6771e8368fefc7692f66442d9e6ef8d8bdc6fe73f68423d0486ae33b4","c2ac96df3ee11850e91b0071a8c1d886c3c3158b","0e437af6771e8368fefc7692f66442d9e6ef8d8bdc6fe73f68423d0486ae33b4","true"
"src/core/adapters/text.ts","  ","6403","2026-06-22T18:50:46.4126592Z","3696bfe23e8bcaf8184a8644111fda6bc4289e4399709daf862c8785aaa9453c","358b9c6ebec9f7ed78a911a3b4952a0e0862049e","3696bfe23e8bcaf8184a8644111fda6bc4289e4399709daf862c8785aaa9453c","true"
"src/core/adapters/xml.ts","  ","6046","2026-06-22T18:50:05.1848905Z","caa5cca4a21fc86b032ac356c0244116b37c6ce26b7b0f4f5d2e7abc700e30a8","55f5fe1b0c2cb76a8df5be82923a113b07630b0a","caa5cca4a21fc86b032ac356c0244116b37c6ce26b7b0f4f5d2e7abc700e30a8","true"
"src/core/ai/index.ts","  ","8020","2026-07-26T01:03:37.0369991Z","20cb6bb20ea1f3dcfb8688ac5e001966af1a6e4ccff1cf15bfd75e3807f25fc7","6aa503b5467b891f2383e459abc575575672e86a","20cb6bb20ea1f3dcfb8688ac5e001966af1a6e4ccff1cf15bfd75e3807f25fc7","true"
"src/core/backups/avowed-wingdk.ts","  ","7946","2026-07-21T05:12:17.1244391Z","7c882816f54e1104a18bf29d08a5622ce0e69397ddd7707c12291cc4ac6a65d1","c544129e90cedff305fb9d62332e3a21d6aafa6b","7c882816f54e1104a18bf29d08a5622ce0e69397ddd7707c12291cc4ac6a65d1","true"
"src/core/backups/index.ts","  ","11135","2026-07-21T05:12:17.1264392Z","d8794fdde69ec8fd315e1eb604c54dcb20a5a6dfd00d59d714bbd690a2321389","278a7872f93a5855397f314b7359f847a3e34209","d8794fdde69ec8fd315e1eb604c54dcb20a5a6dfd00d59d714bbd690a2321389","true"
"src/core/catalog-demand/store.ts","  ","1992","2026-07-13T05:53:56.7336147Z","5d3f31542478bd5c0ca3af43344b89222f86630914d8eb053f401b6d9fd3571a","f362651562433ac8938aadce97af252795275878","5d3f31542478bd5c0ca3af43344b89222f86630914d8eb053f401b6d9fd3571a","true"
"src/core/cheat-system/cheat-hotkey-slots.ts","  ","791","2026-07-11T23:48:16.9097292Z","bbae2de7d075861b4d47987aec535a1cc79fc35d223f26638d3ab671b7a5ea72","41ef475cf160ce3db35fb6eda60c9ab8ee04e1a2","bbae2de7d075861b4d47987aec535a1cc79fc35d223f26638d3ab671b7a5ea72","true"
"src/core/cheat-system/cheat-toggle-store.ts","  ","2462","2026-07-21T05:12:17.1284389Z","01a215e45cd6d3e878545f77d30b85e15f2dc951339c4317c76699d129b216dc","13c3c4fe9799ce4a245f8be3fd65cdccf3545d62","01a215e45cd6d3e878545f77d30b85e15f2dc951339c4317c76699d129b216dc","true"
"src/core/cheat-system/game-detector.ts","  ","2351","2026-07-08T23:28:38.7472255Z","8a1e6a712c49f20457b0176cea391e5ddd9999ec580837634827d5376bc75278","c080b68f8c169a9908ccf2097feb03a195e04c51","8a1e6a712c49f20457b0176cea391e5ddd9999ec580837634827d5376bc75278","true"
"src/core/cheat-system/game-registry.ts","  ","2301","2026-07-20T03:08:42.7981491Z","8a4ff60c0d93b34bb90704fc247a80123d4ad59d098198944dda183f371de7fc","b12be50f461c6231ec1982dfce76bc8c9a00494e","8a4ff60c0d93b34bb90704fc247a80123d4ad59d098198944dda183f371de7fc","true"
"src/core/cheat-system/games.ts","  ","61150","2026-07-21T05:12:17.1304400Z","1755a725855e249b9f6727c8c39d379be4686f9cc0e03f0c9cf97195cc4d1b60","ea1fb93680fcb291a7ad47bcb2f5d81b62b3e4b8","1755a725855e249b9f6727c8c39d379be4686f9cc0e03f0c9cf97195cc4d1b60","true"
"src/core/cheat-system/index.ts","  ","1295","2026-07-08T23:28:59.2559274Z","dec42df8f57e0cd257898b73d38ef3798710ead1bdadc1d46faa190b8d9382e4","99503ace290157af70ea79901249e3854ee31385","dec42df8f57e0cd257898b73d38ef3798710ead1bdadc1d46faa190b8d9382e4","true"
"src/core/cheat-system/overlay-layout-presets.ts","  ","1372","2026-07-15T15:06:12.8617851Z","ff6b829921a4ddcc282616023a21f900c40301463a8408091e0003c8af451e84","aa8ef707a15cb31b095657ec7a70a93c495ddc2f","ff6b829921a4ddcc282616023a21f900c40301463a8408091e0003c8af451e84","true"
"src/core/cheat-system/trainer-hotkey-bindings.ts","  ","3027","2026-07-15T15:06:12.2084032Z","98a26cf1f0545fd7df184e5de41beb673f7fafba13bc515b492b4bd3934269df","b721183c5fc5765f77a23eebd4338847e42edcf5","98a26cf1f0545fd7df184e5de41beb673f7fafba13bc515b492b4bd3934269df","true"
"src/core/cheat-system/trainer-hotkey-registration.ts","  ","3266","2026-07-25T00:18:38.5886797Z","c997c72a45ef267d95c082e4417003562650a4c2ce2e9383244207673bfeaf59","60e02fbb15b93ab1f904bfbfb2440bfe9ac50911","c997c72a45ef267d95c082e4417003562650a4c2ce2e9383244207673bfeaf59","true"
"src/core/cheat-system/trainer-reference.ts","  ","4980","2026-07-13T05:53:56.7356152Z","1999e6b8753e30f486822cdfd5050095f65a22cdd0a865b214bcbdc61e303a93","1c9408cc9223d5210a827c59718b21c32022151d","1999e6b8753e30f486822cdfd5050095f65a22cdd0a865b214bcbdc61e303a93","true"
"src/core/cheat-system/types.ts","  ","3456","2026-07-21T05:12:17.1324418Z","7404592c2ce38bf3670c3504cafe77af9fc41f466593efd5f10f52c2c8c96b02","af4f9b1f336e1cf2412dba5e2bd682611ccf6aa3","7404592c2ce38bf3670c3504cafe77af9fc41f466593efd5f10f52c2c8c96b02","true"
"src/core/companion/wisp.ts"," M","8111","2026-07-28T08:51:27.6232352Z","fed9fe5fe715cca5b0c398f927162f22b01f989b161a89451346ef3e8ee93a7a","eb7112153626917e8321988c968e73127336badf","fed9fe5fe715cca5b0c398f927162f22b01f989b161a89451346ef3e8ee93a7a","true"
"src/core/consent/write-consent.ts"," M","6547","2026-07-28T06:08:10.7950721Z","047659f8e8eca986d993902673558150c238ee5b0c2a5fef0b693cb99bc77f00","9b99d0e523c2fff61bd108e64c95517709c17b7b","047659f8e8eca986d993902673558150c238ee5b0c2a5fef0b693cb99bc77f00","true"
"src/core/crash/local-crash-reporter.ts","  ","7966","2026-07-21T05:12:17.1334408Z","5a154e90274807e21f57fef9991f6bcba680e7c39c9d7d0ad81b87b9ef58ef9f","14a1c95656254dc85b18d1314611bc806fd2ae49","5a154e90274807e21f57fef9991f6bcba680e7c39c9d7d0ad81b87b9ef58ef9f","true"
"src/core/ct-library/ct-zip-picker-bridge.ts","  ","4894","2026-07-28T07:08:44.7599328Z","4b1ff7c4fb03bc9b59a01eeea0d8ddeb3cd9503f43823f6a16e4cbb6e82d8e43","8eab3c58045189151c15195602a67090fbdcbba6","4b1ff7c4fb03bc9b59a01eeea0d8ddeb3cd9503f43823f6a16e4cbb6e82d8e43","true"
"src/core/ct-library/import-single-flight.ts","  ","485","2026-07-28T07:14:31.7098129Z","4411bd8b1d07186fc3b7320fc254263cfaa7e0d38507fe7424560ca5e2d530f5","46f1ec2d929df0c776df6d32c0532992fce724fa","4411bd8b1d07186fc3b7320fc254263cfaa7e0d38507fe7424560ca5e2d530f5","true"
"src/core/ct-library/import-state.ts"," M","3854","2026-07-26T05:54:15.9683771Z","988cc08549cba73e05e9ce8305d19d6ada598824b92a6da5a8a6f54b09bb9e4b","67647fb6c0db56481790c066fee66eda03def478","988cc08549cba73e05e9ce8305d19d6ada598824b92a6da5a8a6f54b09bb9e4b","true"
"src/core/ct-library/index.ts","  ","2634","2026-07-23T02:03:26.2477743Z","8d0bd80758b7b963d8ad5ab5e625430cc1d0dc61d9b467bea74c11e045c1a589","6387ed8baf6d97c0080d665ddd24e27c0fb6323f","8d0bd80758b7b963d8ad5ab5e625430cc1d0dc61d9b467bea74c11e045c1a589","true"
"src/core/ct-library/preview-receipt.ts","??","3270","2026-07-28T08:56:59.5146106Z","3c65656b7649881b3360b3df0c829f5d5859e46b2fcb251044e5c6463c8e2756","","3c65656b7649881b3360b3df0c829f5d5859e46b2fcb251044e5c6463c8e2756","true"
"src/core/ct-library/search.ts","  ","6057","2026-07-22T06:47:41.0815836Z","fe9537102297428f09216a67608a8deae5b9d6229c3ae4b3493ced70d4037206","07da097210f48ee8984a08b36bc3740e50d79a89","fe9537102297428f09216a67608a8deae5b9d6229c3ae4b3493ced70d4037206","true"
"src/core/ct-library/types.ts","  ","1225","2026-07-21T05:12:17.1384421Z","aeada427341b4779ae6b36f4c0088d3265d79ea77cc2b8c26dc198e711f65b3d","c8262fb1d32a4323ee1a07a106bf1726a974c7d4","aeada427341b4779ae6b36f4c0088d3265d79ea77cc2b8c26dc198e711f65b3d","true"
"src/core/ct-library/write-library.ts","  ","4061","2026-07-23T02:04:23.4574193Z","c43d4deca4b2eb1d4e1ac8e5176213392b8668d1dde0ad3689b2c19410e640b4","3128fa0833ea082b8e3c7a785572e52b2d433cf5","c43d4deca4b2eb1d4e1ac8e5176213392b8668d1dde0ad3689b2c19410e640b4","true"
"src/core/database/index.ts"," M","37237","2026-07-27T05:49:54.1887754Z","e4e56c97a2e636a6bbb1a7b480fba00362e6959a9de716d1c07f218c4db240ff","eea128843733c13d4b9f898fbde5bb9efe406533","e4e56c97a2e636a6bbb1a7b480fba00362e6959a9de716d1c07f218c4db240ff","true"
"src/core/definitions/catalog-definition-capabilities.ts","  ","3986","2026-07-17T02:53:30.3291290Z","493a13fd091c189bd10db85c1a196c4e136485ee082cf6bc563ec0fb57753147","aee7a1e98d3722172c6eb168dadd7a01dceb3e40","493a13fd091c189bd10db85c1a196c4e136485ee082cf6bc563ec0fb57753147","true"
"src/core/definitions/compile-yaml.v1.ts","  ","3107","2026-07-12T08:14:45.3160792Z","3357d2da183e961cc6cb2255079c67fa60dc2f505acee7e363c0e8888be7e5e5","ba65d7368b728eeee5b0c528bcbf41ded84f8c7a","3357d2da183e961cc6cb2255079c67fa60dc2f505acee7e363c0e8888be7e5e5","true"
"src/core/definitions/ct-import.ts","  ","9379","2026-07-22T04:54:41.6903921Z","a1d25eb03bff72487817fa4a4a743ef19bada7e8eac4ddf96ed5dc2bba5280ed","898feffe0ae1114c525781b23c3731ed7dcbaa8e","a1d25eb03bff72487817fa4a4a743ef19bada7e8eac4ddf96ed5dc2bba5280ed","true"
"src/core/definitions/ct-live-resolution.ts","  ","1342","2026-07-22T04:54:41.6872995Z","710ddf225366ddb8995333f9ad7bc046ccde3a0ae2fe8232f85c8d583096acd3","3a58365c52eaef222da5302e34247f6064cea996","710ddf225366ddb8995333f9ad7bc046ccde3a0ae2fe8232f85c8d583096acd3","true"
"src/core/definitions/ct-metadata.ts","  ","6011","2026-07-13T05:53:56.7101031Z","3e757931089490dff3a259a2796b07382c0ee936a265fdeeeb41f2f2b88bb920","bc4f145e7f9ca7c7bcb2352ebc0a86b23b5e6b5e","3e757931089490dff3a259a2796b07382c0ee936a265fdeeeb41f2f2b88bb920","true"
"src/core/definitions/definition-to-trainer-controls.ts","  ","2764","2026-07-11T23:39:07.8454834Z","f9962502eb62335a97fd173546d23c88e7b08e325d689d4bb1c765217906d3c7","6790bc8093bccdce275579a88f8af80ac898561d","f9962502eb62335a97fd173546d23c88e7b08e325d689d4bb1c765217906d3c7","true"
"src/core/definitions/discovery-export.ts","  ","3776","2026-07-11T23:12:50.0500884Z","85d7ea0c7665f577e993ae6a007e365b82b1e6e8d02b6614aeda2f71096cb7c4","dabafcdb2d66bd2bd18d8f6aea5d881553b32259","85d7ea0c7665f577e993ae6a007e365b82b1e6e8d02b6614aeda2f71096cb7c4","true"
"src/core/definitions/dual-read-save-controls.ts","  ","3829","2026-07-17T02:53:30.3306819Z","dd66e34beb70904e1b4f53601c0e86dc505f57e4dc81c96be5a8acfcb6cda075","2be3b8002fb574b9d84dc361d5a7da1c9674e68e","dd66e34beb70904e1b4f53601c0e86dc505f57e4dc81c96be5a8acfcb6cda075","true"
"src/core/definitions/export-catalog-definition.ts","  ","1356","2026-07-12T08:08:39.7602323Z","974e68cf9b731cff3079ca2fe0534644843194e79a23c8ecebda535a5e594d6c","e973b12f1ad5dd9343e7817f2596674b39fcec47","974e68cf9b731cff3079ca2fe0534644843194e79a23c8ecebda535a5e594d6c","true"
"src/core/definitions/export-definition.ts","  ","1612","2026-07-11T23:13:09.5730712Z","a606ed3273fc7d97845ad73d65513a107906796e7ea2de236b4af667161d55f7","8afee79e11efa030a901dd5354b87686d9e4d771","a606ed3273fc7d97845ad73d65513a107906796e7ea2de236b4af667161d55f7","true"
"src/core/definitions/export-yaml.v1.ts","  ","5269","2026-07-12T08:14:44.1818600Z","8563dd718fe4b4ab8940dab684599be4330accd1c1b98eb43c331568680932c5","c85c156fa752c67b4adca616101bfb91be04a410","8563dd718fe4b4ab8940dab684599be4330accd1c1b98eb43c331568680932c5","true"
"src/core/definitions/fingerprint-verify.ts","  ","2634","2026-07-11T10:47:36.0757106Z","a20e2eca3922f86196a41f8cd7eba176ca221d77cb2aa8f45ac8f9ffed56bd48","3bcbb1d2951f77e2b2245f99aaee64a4648ac508","a20e2eca3922f86196a41f8cd7eba176ca221d77cb2aa8f45ac8f9ffed56bd48","true"
"src/core/definitions/import-definition-ct.ts"," M","8067","2026-07-26T04:26:49.9489242Z","8535be2920ce080136b540a7eb0bfa6b321d2753eb5613015304626b09c952c9","8bbc7fcd28ab45b7bf225d3b085f4212d9e075a4","8535be2920ce080136b540a7eb0bfa6b321d2753eb5613015304626b09c952c9","true"
"src/core/definitions/import-definition-dumpspace.ts","  ","3539","2026-07-13T05:53:56.5520365Z","5a6a2f13e107ab544594afa946feaa0701dfa616a3b9ad0278e728b3af9b7de7","6a92153466dcfb109187daa9a759018379e476e5","5a6a2f13e107ab544594afa946feaa0701dfa616a3b9ad0278e728b3af9b7de7","true"
"src/core/definitions/import-definition.ts","  ","2596","2026-07-11T23:21:16.4595466Z","32df9f3f279c9fd34a6ec1499e0da5dbaf2db8dd5898d5d6b365c5dca1b9a463","09165fe55217ff4cc1ff5cb6d88a5b001d31a8c7","32df9f3f279c9fd34a6ec1499e0da5dbaf2db8dd5898d5d6b365c5dca1b9a463","true"
"src/core/definitions/index.ts","  ","535","2026-07-17T02:53:30.3322833Z","0cdc28d2d2f5f2c9e0294ef3618fe570569b6104642e35d11a40502fd639a1da","dcbeaa12ed332f2eb4b61aa8ee3afad6e0995892","0cdc28d2d2f5f2c9e0294ef3618fe570569b6104642e35d11a40502fd639a1da","true"
"src/core/definitions/load-catalog-definition.ts","  ","1644","2026-07-17T02:53:30.3348848Z","0eb41777674fe67b04a9803bb2d490efa341bc61f1bf08b8845680e47a3e24d3","e96f1d01216f8ab19d905969d6cb452a6165014f","0eb41777674fe67b04a9803bb2d490efa341bc61f1bf08b8845680e47a3e24d3","true"
"src/core/definitions/memory-export.ts","  ","2992","2026-07-11T23:13:30.2005097Z","97e19887bc3d099e694982226125b1848c73c0a049982f6aec52b24c2798eb08","1ed03c9dd3c8cd6121bafa929aef79a43c56b48c","97e19887bc3d099e694982226125b1848c73c0a049982f6aec52b24c2798eb08","true"
"src/core/definitions/mod-pack-adapter.ts","  ","6728","2026-07-21T05:12:17.1434413Z","ba7ea974c18c5c2d76b618766ad0345d2ca4a2eea7985732cc8deb81bd8f36cf","e86d8f894e861e35453933b16bfbde1e50c3d3e4","ba7ea974c18c5c2d76b618766ad0345d2ca4a2eea7985732cc8deb81bd8f36cf","true"
"src/core/definitions/schema.v1.ts","  ","8729","2026-07-23T01:16:11.9414815Z","6c5ba41414462edec3d480353e0db2abcd8f72f8620faa3811df2eea400ecffb","9ba63d3989f93fdc98e59f5eeb26cd8dc5841372","6c5ba41414462edec3d480353e0db2abcd8f72f8620faa3811df2eea400ecffb","true"
"src/core/definitions/slug.ts","  ","277","2026-07-11T23:12:46.7558435Z","760cc15615d67a9f9ee9dde40cedf314d535dfa511de5749cebe0c47f85abda6","b5d99dfc6eef498465635346a30d33faff5b543d","760cc15615d67a9f9ee9dde40cedf314d535dfa511de5749cebe0c47f85abda6","true"
"src/core/definitions/target-metadata.ts","  ","3488","2026-07-23T01:16:11.9444856Z","64cf7d5e59d6a9020a7a86ae29ee607aaa7530a813e789a63c23de1bb6753d23","87df6d9eb7447f045c8a3e51ee81dc2f36a82eeb","64cf7d5e59d6a9020a7a86ae29ee607aaa7530a813e789a63c23de1bb6753d23","true"
"src/core/discovery/binary-field-proposal.ts","  ","2017","2026-07-12T14:34:07.0906694Z","125e4a062511997f08c01802bf0c968daa13c0817d530708f519b33b6b65df7e","4bee74ee10ad6fb7e5eb88dddfc08e5c20d83cad","125e4a062511997f08c01802bf0c968daa13c0817d530708f519b33b6b65df7e","true"
"src/core/discovery/index.ts","  ","19048","2026-07-05T09:43:53.8111996Z","4a23a4afcf4c3ac040e965f914e1031f207e4d41261c500c9968a2cd2d8680ee","6c96dbfb3ce3d1213ff4d13d9804c044a7096d46","4a23a4afcf4c3ac040e965f914e1031f207e4d41261c500c9968a2cd2d8680ee","true"
"src/core/game-profiles/authoring.ts","  ","6453","2026-07-02T21:56:26.7205747Z","1e5b705a827d0306c0804288830858270fa702abd282f6ab4b01f3921c738984","5404b2734e7fa68de1244a15f4b6c8b15483a1f2","1e5b705a827d0306c0804288830858270fa702abd282f6ab4b01f3921c738984","true"
"src/core/game-profiles/catalog.ts","  ","17305","2026-07-16T16:39:27.0626478Z","97cbb4439cf1541460edcdd9251de43ff3656694fad982a93ace4a08f7f9b8af","a67d057ed4a9a061c48f898fb5b945eaa3fbc4a0","97cbb4439cf1541460edcdd9251de43ff3656694fad982a93ace4a08f7f9b8af","true"
"src/core/game-profiles/index.ts","  ","1698","2026-07-16T16:39:27.0646484Z","5993faacb2b906fd13ba90195a443990f03f193c7d7606347e65eaa071f42ff2","29ecea5db542ce1fc1f3644041e9eeb1b88a8a29","5993faacb2b906fd13ba90195a443990f03f193c7d7606347e65eaa071f42ff2","true"
"src/core/game-profiles/loader.ts","  ","1922","2026-07-16T16:39:27.0656478Z","27e8f11e602f36400311396d3b46f1729670d6ba48d5f2d3ea4b389c53143d4e","d523805631862d1e7e47ae46f1de1c0a3de64558","27e8f11e602f36400311396d3b46f1729670d6ba48d5f2d3ea4b389c53143d4e","true"
"src/core/game-profiles/review.ts","  ","2281","2026-07-12T02:31:58.9489958Z","c08b222e309a956eac26abe71c2c2ad779c3e8e21e492cf832e7cabe6019f6eb","32dfea549c766ce6fb59dd4507eab4455b2e1ce0","c08b222e309a956eac26abe71c2c2ad779c3e8e21e492cf832e7cabe6019f6eb","true"
"src/core/game-profiles/support-matrix.ts","  ","5527","2026-07-21T05:12:17.1454411Z","946a0ed759a9e4b8101ed93d422e02ad72ee1e28937f2747797d60ece6fdc1c3","aec3b2eed19bf3ba25b9f0439ad9a1591177d388","946a0ed759a9e4b8101ed93d422e02ad72ee1e28937f2747797d60ece6fdc1c3","true"
"src/core/game-profiles/transform.ts","  ","1894","2026-06-28T01:51:08.5162331Z","9df708a115575892bba963d7a1ae762c66b9db68474e50d74363812997b572b5","c48ff465220294a7a38410755d2ed437b26406c5","9df708a115575892bba963d7a1ae762c66b9db68474e50d74363812997b572b5","true"
"src/core/game-profiles/types.ts","  ","9640","2026-07-11T09:50:02.1438845Z","3bfd929f7899112d93291ba0a12351c52d0055d78a35c2918697ca996dd46a7e","bec968ff82f95f8666ce2914cd6dbbdba1b24ade","3bfd929f7899112d93291ba0a12351c52d0055d78a35c2918697ca996dd46a7e","true"
"src/core/games/index.ts"," M","15363","2026-07-28T03:41:34.0899200Z","90928393b45b702969f3500ee50d6043d9cc598d6a1fbc979bfe194027128b22","d6c81c8b031b0664e6f4766551d494bc605d58a5","90928393b45b702969f3500ee50d6043d9cc598d6a1fbc979bfe194027128b22","true"
"src/core/in-process-script/aa-hook-planner.ts","  ","2426","2026-07-13T09:20:43.9284163Z","80e172c85c052fda53af75cc3420620597c83b054274e34589bcddeebf7e871e","be0d9bf3a8f9361fc7a19bd181f923b3b58de061","80e172c85c052fda53af75cc3420620597c83b054274e34589bcddeebf7e871e","true"
"src/core/in-process-script/charter.ts","  ","2355","2026-07-26T01:31:47.2512860Z","a21992eb61e436c74f9fcc5d8cb85b748d050dfeb8737b4fe8cbf39a04897479","a39cb4499cda8412908fd6c89760a0804c33c6ef","a21992eb61e436c74f9fcc5d8cb85b748d050dfeb8737b4fe8cbf39a04897479","true"
"src/core/in-process-script/code-cave.ts","  ","708","2026-07-13T09:25:41.2889500Z","a87d23ff39b8c30a5c0e233c0421212dc48e1ee7c1b9ce9c8e17b50be14041bc","a69abf336480ce769f476a6f10d5c700cc5b8056","a87d23ff39b8c30a5c0e233c0421212dc48e1ee7c1b9ce9c8e17b50be14041bc","true"
"src/core/in-process-script/guards.ts","  ","1116","2026-07-13T09:19:27.0773272Z","aa7204617f8e748b286722495b4a3a3411078f023a24d9f69ed6f808b5c5101e","d3798d7c2c4f24c9cae6f2572c0b69e2b37553bb","aa7204617f8e748b286722495b4a3a3411078f023a24d9f69ed6f808b5c5101e","true"
"src/core/in-process-script/helper-manifest.ts","  ","7627","2026-07-26T01:39:22.1230173Z","53a46b1423751070c24add5920f93ef791acb3daf70bb9527a1f17aa34245d84","93db72727a68d28352baaa90ef24e3c3ac081f24","53a46b1423751070c24add5920f93ef791acb3daf70bb9527a1f17aa34245d84","true"
"src/core/in-process-script/hook-engine.ts","  ","3607","2026-07-13T09:20:42.9980318Z","301a17b02733337c9f64d210381564c5bd84b8d71576d743c979586b43aba418","776f89e44f5a10c90bbcfc22179a3754a0bfbd24","301a17b02733337c9f64d210381564c5bd84b8d71576d743c979586b43aba418","true"
"src/core/in-process-script/index.ts","  ","238","2026-07-13T09:20:20.8733234Z","23c9cc1a9281b4e73bea908501fe5e889fa9f0427c764ac535ad62b3c9858b6b","56ef0cb4a291552cda433edea675ac43b026dfdf","23c9cc1a9281b4e73bea908501fe5e889fa9f0427c764ac535ad62b3c9858b6b","true"
"src/core/in-process-script/injector-launcher.ts","  ","14823","2026-07-26T01:31:47.2252672Z","33006360097c5155dfdd1b8c056e8649e1a63f27390c49a4c476cbcc2792237c","f4f246492560f9249212177eb9a7f695a24b863a","33006360097c5155dfdd1b8c056e8649e1a63f27390c49a4c476cbcc2792237c","true"
"src/core/in-process-script/native-bridge.ts","  ","2109","2026-07-13T09:19:58.0148547Z","6336d4b4a820a19d56c21c37008948c5a670f1cf39de73da969ac2770ef9975e","60898e041b3466d219daf7a0a40853dcf3ef9327","6336d4b4a820a19d56c21c37008948c5a670f1cf39de73da969ac2770ef9975e","true"
"src/core/in-process-script/presets/crimson-fast-friendship.ts","  ","685","2026-07-13T09:25:12.0149449Z","c3330ee1ad879fcbf48dc6764a4c0266a57bc199ce202bc660977b2b438ba828","62b248dfd17307543f81dd6909303bb5665ccd61","c3330ee1ad879fcbf48dc6764a4c0266a57bc199ce202bc660977b2b438ba828","true"
"src/core/in-process-script/types.ts","  ","1629","2026-07-25T06:44:18.9737685Z","24b29e65a321322b9bf0bcc62b5cdf371881b8709cf8c2b8525580e854812161","05a04901e827313fc1ead3ef5be9149d46804127","24b29e65a321322b9bf0bcc62b5cdf371881b8709cf8c2b8525580e854812161","true"
"src/core/install-discovery/epic.ts"," M","1805","2026-07-27T05:45:12.5636230Z","ac26fe64adb17f18dc792b5d542f57ba59d7eb75228288c1bbd6579c1496e12b","0468e6c3a393e75e7acd138d2485be274d1b43d6","ac26fe64adb17f18dc792b5d542f57ba59d7eb75228288c1bbd6579c1496e12b","true"
"src/core/install-discovery/gog.ts"," M","3074","2026-07-27T05:45:15.3636556Z","a6ba25ec8ec11a2919da8847737f671f808ffb7ba490fb12ae75b3153c24807c","6d3198da170de3520908f7212283cb6690198fc9","a6ba25ec8ec11a2919da8847737f671f808ffb7ba490fb12ae75b3153c24807c","true"
"src/core/install-discovery/identity.ts","??","4062","2026-07-27T05:44:14.3240086Z","c44f2fd3aafa4555e7c9a1032fb6838f742df50ad8306de0983f2cf41ad87b64","","c44f2fd3aafa4555e7c9a1032fb6838f742df50ad8306de0983f2cf41ad87b64","true"
"src/core/install-discovery/index.ts"," M","17293","2026-07-27T06:15:44.5596981Z","6c26e4cdaf9bdfcb55d05d9e50467fecaebdfae75644db9c572242cf71dc1a25","682fdcf666fe3d1f260a3c62e063847879412fba","6c26e4cdaf9bdfcb55d05d9e50467fecaebdfae75644db9c572242cf71dc1a25","true"
"src/core/install-discovery/match.ts"," M","2484","2026-07-27T05:40:30.0285416Z","e86e27c2998fb052815e779a562b0e943dd783769030e56ee38dca74d575a2d5","dc6ef6d13cb0378209794cd4028d364a7fad9481","e86e27c2998fb052815e779a562b0e943dd783769030e56ee38dca74d575a2d5","true"
"src/core/install-discovery/registry-win.ts","  ","1944","2026-07-13T05:53:56.7356152Z","0e8283387e750e473b725c0b336be7e73694714680660ccae2746bd5951cb0dd","da392c8b3e523b27afe59f80372503765c515243","0e8283387e750e473b725c0b336be7e73694714680660ccae2746bd5951cb0dd","true"
"src/core/install-discovery/steam.ts","  ","3894","2026-07-13T05:53:56.7346152Z","4f3c8a08060952ccb4084ca56d0e2b1bfcf151b4d7e122652afc83c77b884ef7","eb5a4b4875cffdf24968e148e79fdd623377c0f2","4f3c8a08060952ccb4084ca56d0e2b1bfcf151b4d7e122652afc83c77b884ef7","true"
"src/core/install-discovery/store.ts"," M","4590","2026-07-27T05:39:41.2221023Z","e2a2e1502a40f7f0eb9f75b9778da7b72565e8dc71cca393fe0167d384c8da3f","a8e2f663a8fc2040db8839a42ec0cefbe7fae2ad","e2a2e1502a40f7f0eb9f75b9778da7b72565e8dc71cca393fe0167d384c8da3f","true"
"src/core/install-discovery/types.ts"," M","2854","2026-07-27T05:45:40.1600102Z","f7fa66ccc8a509f4279a90bf891a4230371a436da4358de47149dbb81010260e","5f1c75a40a759ab72bc4db35628de1fa0bfea870","f7fa66ccc8a509f4279a90bf891a4230371a436da4358de47149dbb81010260e","true"
"src/core/install-discovery/vdf.ts","  ","1993","2026-07-13T05:53:56.7356152Z","934869b7507279d31492fb2831758c0e5dee075c198e683633665c3f0e2fb0d5","5835162c00ecc8143e0f6ff9fa67de5c3b8ba5df","934869b7507279d31492fb2831758c0e5dee075c198e683633665c3f0e2fb0d5","true"
"src/core/journal/index.ts","  ","2647","2026-06-23T19:32:20.2876446Z","2a14fea51003740214ca7af78254555908f5158c383b3a22b2a25ed258522493","87e2bec727e7d4a048696f1bc806767ad2428af2","2a14fea51003740214ca7af78254555908f5158c383b3a22b2a25ed258522493","true"
"src/core/live-memory/aob-resolver.ts","  ","2960","2026-07-12T07:38:45.4108200Z","093287c060af1446cb865356f6bd1ffdb513eb2bd70d6e1fddfb2b8d070bdf52","11fda65c7d6bc147f85e112694949c0ffef12204","093287c060af1446cb865356f6bd1ffdb513eb2bd70d6e1fddfb2b8d070bdf52","true"
"src/core/live-memory/audit-log.ts","  ","2197","2026-07-21T05:12:17.1489501Z","8780b481c17c0fc4b0dd96c98d2b2ad79837ad5c2908433437674bd5c923e682","e10b184edf40e739f8e3924e9a9aee0a368e4f76","8780b481c17c0fc4b0dd96c98d2b2ad79837ad5c2908433437674bd5c923e682","true"
"src/core/live-memory/cleanup-coordinator.ts","??","2331","2026-07-28T06:08:43.9862242Z","362e389d7bb931ee62c247b5d196236693de1d1c39cf1bc07ea39ef9873297e0","","362e389d7bb931ee62c247b5d196236693de1d1c39cf1bc07ea39ef9873297e0","true"
"src/core/live-memory/ct-promote.ts","  ","3523","2026-07-22T04:54:41.6919422Z","bbbad233c99c5a77d5d67ee8a25674703bc3edd2c7005a6f9223f94a71da5c08","390cff15f312847ef5d9b82f241c4dac5c8a3a08","bbbad233c99c5a77d5d67ee8a25674703bc3edd2c7005a6f9223f94a71da5c08","true"
"src/core/live-memory/dual-read-controls.ts","  ","7507","2026-07-16T16:39:27.0676475Z","055693ba7223ee449c539835b25756caab7dd461dd6c3d14b8ab92f93718a151","02680ec88e59b32882e56c20137c7f6238eb9041","055693ba7223ee449c539835b25756caab7dd461dd6c3d14b8ab92f93718a151","true"
"src/core/live-memory/feature-resolver.ts","  ","4166","2026-07-11T10:48:00.3559534Z","54ed089cd1620c2020ce355202e00ebb1bc12731790560877f30c428881cb280","11eb52cf7fab9823e27c70d2887d768fa7e5ed28","54ed089cd1620c2020ce355202e00ebb1bc12731790560877f30c428881cb280","true"
"src/core/live-memory/freeze-concurrency-registry.ts","??","4006","2026-07-27T11:28:20.0473046Z","607fd00e5fafbba361e0867fe5cfea4aa8e491fc31661b2560a0d83b75f208b6","","607fd00e5fafbba361e0867fe5cfea4aa8e491fc31661b2560a0d83b75f208b6","true"
"src/core/live-memory/game-connection-baselines.ts","  ","4939","2026-07-21T05:12:17.1519490Z","eb5caff4a3b98de672a783d787c7d0009a3e1fe199e86f63a96a4cac303cb4b8","997f9ba5b7d508790ad7e9b55b98c9d831c7b251","eb5caff4a3b98de672a783d787c7d0009a3e1fe199e86f63a96a4cac303cb4b8","true"
"src/core/live-memory/index.ts","  ","4967","2026-07-25T06:52:27.0303847Z","80d862ceb8065e077bb9b8221680a31041f4ad2f3e6f2b25faf5c5bab75e503a","6ecf2cf5960de9ea6d6c49568305053c4a3f14fd","80d862ceb8065e077bb9b8221680a31041f4ad2f3e6f2b25faf5c5bab75e503a","true"
"src/core/live-memory/installed-exe-hash.ts","  ","2328","2026-07-21T05:12:17.1549499Z","0932cc7aa04dad166da6643ba59b92ce7f2bb8b40575a0d6af8be933fe2df4ef","78b662fb6879aa8a9296f8314209b833e3a94de9","0932cc7aa04dad166da6643ba59b92ce7f2bb8b40575a0d6af8be933fe2df4ef","true"
"src/core/live-memory/live-correlation-watcher.ts","  ","14809","2026-07-23T21:47:38.9120312Z","e1c0f8c5f0bc2d0de87d61b15663e1cfe349a72a6f1b9bc4ec0aa30baaeb622a","5f31a4cd3d2efa75717d33f0ffa71cae2fcf0e1a","e1c0f8c5f0bc2d0de87d61b15663e1cfe349a72a6f1b9bc4ec0aa30baaeb622a","true"
"src/core/live-memory/live-memory-session.ts"," M","51234","2026-07-28T21:44:18.5908976Z","b0d54400f8c216829b3a78927ae4e02b53acbfe94a9f465b32adcd7c13ce8d97","83607114a80ca9b6f7cfeea54edb3595762054b7","b0d54400f8c216829b3a78927ae4e02b53acbfe94a9f465b32adcd7c13ce8d97","true"
"src/core/live-memory/live-trainer-control.ts","  ","621","2026-07-16T16:39:27.0730339Z","188a498e5dafbc6f5773e8a755e1373552af3a3dffd9fdb70210650937e6567e","247e8e1817fb516b36f7ea6a97b27365969ecb78","188a498e5dafbc6f5773e8a755e1373552af3a3dffd9fdb70210650937e6567e","true"
"src/core/live-memory/local-pack-export.ts","  ","2177","2026-07-21T05:12:17.1589486Z","0d841f909fa0ed36aec167cb58ba0789de437796b7c9c104374818fe95fe4c8a","4de9a42a3e33537e3431b7ed278582307f82512b","0d841f909fa0ed36aec167cb58ba0789de437796b7c9c104374818fe95fe4c8a","true"
"src/core/live-memory/memory-manager.ts"," M","13949","2026-07-27T21:20:10.4538676Z","c37797dfd80fbd176baa0b080ca473c2a2328ac5467652c42b31fcbaef077e42","63764d9bd333ca5d602c233225a02e480a206707","c37797dfd80fbd176baa0b080ca473c2a2328ac5467652c42b31fcbaef077e42","true"
"src/core/live-memory/memory-scanner.ts","  ","24564","2026-07-25T06:52:27.0323861Z","47bd4709f443e6ba5051e1ad05750679e7c0973406684ed24101a506d7ec6104","6979a07fd08aa79e5c92dde2ba8ed6d8c6a80db4","47bd4709f443e6ba5051e1ad05750679e7c0973406684ed24101a506d7ec6104","true"
"src/core/live-memory/native-memory-driver.ts"," M","19214","2026-07-29T15:01:42.8413196Z","54c53381725cce6d20c80e208ecc2322530ff05ef7eee73cec91a23075f13351","d649280fd1632cd4c8a18cf44735746603743ef6","54c53381725cce6d20c80e208ecc2322530ff05ef7eee73cec91a23075f13351","true"
"src/core/live-memory/online-guard.ts","  ","3000","2026-07-21T05:12:17.1654550Z","d235b2269763d431cd2df3f8324d493237727c9b02358a506338c1e8e2e0a1e5","c5baa48b76f47c4c4419f51f54213bd0bf70760b","d235b2269763d431cd2df3f8324d493237727c9b02358a506338c1e8e2e0a1e5","true"
"src/core/live-memory/palworld-cheats.ts","  ","4351","2026-07-08T17:58:23.7995236Z","5a48f7d6316c272a74b87cb9ae48ae6bf8851a81ec91100e685e2d817c90e426","659cc0ab84795b658b480749faffdbbd3bd3386a","5a48f7d6316c272a74b87cb9ae48ae6bf8851a81ec91100e685e2d817c90e426","true"
"src/core/live-memory/pointer-resolver.ts","  ","1687","2026-07-06T07:32:42.2103738Z","6a9d8ee841f09bbcb5e0f5c9512ef5845091a05fd1c833d9c0a1112ae0dc9cb0","7dc8c0b4d3f3f8b2b27b01c7b25906c19e4c30d4","6a9d8ee841f09bbcb5e0f5c9512ef5845091a05fd1c833d9c0a1112ae0dc9cb0","true"
"src/core/live-memory/pointer-scanner.ts","  ","7020","2026-07-06T07:30:35.4795450Z","10cf79d4bccd78bc5f284d7fb41efe070791e0957278453a38b13f1df93177c4","1767ef2c2315f07092c47b3a8dd196bb4f8c400c","10cf79d4bccd78bc5f284d7fb41efe070791e0957278453a38b13f1df93177c4","true"
"src/core/live-memory/process-watcher.ts","  ","7901","2026-07-21T05:12:17.1694558Z","19121f6efa7fcb10b6bcc04527b564804529456068b40b59d1ebeaa8f1015fab","d825b5cd379323694a6dc546c85e99161c0ee1d0","19121f6efa7fcb10b6bcc04527b564804529456068b40b59d1ebeaa8f1015fab","true"
"src/core/live-memory/real-time-scanner.ts","  ","4509","2026-07-21T05:12:17.1704571Z","104b20031881e8db1f6eaafa4bf598543d97f9dbaca10b9800e1c349b8099bc1","b604800a18b3963d09907d257412b67211eaf876","104b20031881e8db1f6eaafa4bf598543d97f9dbaca10b9800e1c349b8099bc1","true"
"src/core/live-memory/remote-connection-observer.ts","  ","4572","2026-07-06T06:45:47.8351340Z","bd14eb500dccfbf1fbeec0aed49636548725a0a3108869316e76526723254d17","37d4e948889cbe62c2d47a404198a9d17f6ff19e","bd14eb500dccfbf1fbeec0aed49636548725a0a3108869316e76526723254d17","true"
"src/core/live-memory/research/hex-inspector.ts","  ","2057","2026-07-21T05:12:17.1724568Z","6ce24de82667bceef04c92848c654163f2908705517552a3e981db6c96405b32","652e49032c20cbf3156f42a2d5f16874b5a0ef64","6ce24de82667bceef04c92848c654163f2908705517552a3e981db6c96405b32","true"
"src/core/live-memory/research/index.ts","  ","800","2026-07-21T05:12:17.1734568Z","f7ca70710ec21522cdc7c4d3dddda784f1f85935eea30114698e32a17b707c6e","32fdcbf438b996aa6d9f9e01c4021d5e638d9770","f7ca70710ec21522cdc7c4d3dddda784f1f85935eea30114698e32a17b707c6e","true"
"src/core/live-memory/research/memory-viewer.ts","  ","4197","2026-07-21T05:12:17.1754581Z","a3589af07440605ac18481abcb6b15152bd0677bfb7b52fd98e19610f6c01a0d","6ce41296c658419d9e41fe69982ad7e7c94ff305","a3589af07440605ac18481abcb6b15152bd0677bfb7b52fd98e19610f6c01a0d","true"
"src/core/live-memory/research/pointer-candidate-analysis.ts","  ","3082","2026-07-21T05:12:17.1764637Z","888212b62059bce4af56593752cbf5766924c285d0409d6692c25ebe16b0c8ff","00d31d51e1ee271416e05fd687ccb005212c5f17","888212b62059bce4af56593752cbf5766924c285d0409d6692c25ebe16b0c8ff","true"
"src/core/live-memory/research/session-snapshot.ts","  ","4388","2026-07-21T05:12:17.1774620Z","554915fd9e421059de6be05380f055360b05a43435eee515af47b29da7408e2e","daaf7c546ad35497594f39717fa9401110bd7952","554915fd9e421059de6be05380f055360b05a43435eee515af47b29da7408e2e","true"
"src/core/live-memory/session-cleanup.ts","??","2448","2026-07-27T11:32:10.2699365Z","2ba44a9fe07d953967a1296be497400d00617ca946254e353a9bdf7e7ef449b6","","2ba44a9fe07d953967a1296be497400d00617ca946254e353a9bdf7e7ef449b6","true"
"src/core/live-memory/signature-engine.ts","  ","13081","2026-07-21T05:12:17.1794616Z","b1aca6be62f61ea8d192419ed2334dd169f5d6873f00fa5e0f4cfef7bc7561b3","8dd14c7f04a120201cff82f87f90fc6a0128f18c","b1aca6be62f61ea8d192419ed2334dd169f5d6873f00fa5e0f4cfef7bc7561b3","true"
"src/core/live-memory/single-player-waiver-shared.ts","  ","1237","2026-07-22T04:51:43.6531255Z","4bbcfe474641f0dad60f02bd27724e7f6b91ee304dcbbb61072eeb8ab404b0cc","677e94ce2de2699503ed81ffc1c15b3e78cdf53e","4bbcfe474641f0dad60f02bd27724e7f6b91ee304dcbbb61072eeb8ab404b0cc","true"
"src/core/live-memory/single-player-waiver.ts","  ","2251","2026-07-22T04:51:43.6616354Z","c83413b4a9efc7429053f9708ed2970ac58d6004970a14779bff18612c8e411d","f71ab212b5ceff2f8c2fdf74a531c953efdd980d","c83413b4a9efc7429053f9708ed2970ac58d6004970a14779bff18612c8e411d","true"
"src/core/live-memory/types.ts"," M","10504","2026-07-28T21:33:37.0073487Z","2c1cce3e1124c4eeb938d9276e43b4ebdd6cbba7caf0c72e3bd891600f23c54c","3b73a0d96b48ba47549c86aeea74e7277786a1b6","2c1cce3e1124c4eeb938d9276e43b4ebdd6cbba7caf0c72e3bd891600f23c54c","true"
"src/core/live-memory/watch-confidence.ts","  ","1542","2026-07-15T18:10:08.5671187Z","d42c96c7e25c3d891539f1017bfbace684a51e40ffc4046f70014d3ddb010081","9832aee53aa7f69da4b090edeec1d56136153409","d42c96c7e25c3d891539f1017bfbace684a51e40ffc4046f70014d3ddb010081","true"
"src/core/live-memory/windows-process-identity.ts"," M","9541","2026-07-28T23:46:58.4878462Z","1386ff3061738e0413df9d5a056cf7c569934d203568e0a0d13c757d4c7f697a","69b5d0ced2241364f0835800a9a6376fa3baa074","1386ff3061738e0413df9d5a056cf7c569934d203568e0a0d13c757d4c7f697a","true"
"src/core/live-memory/write-consent.ts","  ","1500","2026-07-21T05:12:17.1834611Z","bfb2b92703b595bde239be2e3785ceae3ccbd7f39b4aedd4d9f99d65c7b74296","a3d2c692f9ab40bdc56d7408497127f7b7cc20f6","bfb2b92703b595bde239be2e3785ceae3ccbd7f39b4aedd4d9f99d65c7b74296","true"
"src/core/live-memory/write-policy.ts","  ","5639","2026-07-26T00:56:09.7048410Z","fc88549e9b8807297aa8540e14eeec6043d1ba8f5567073c950d287236fb9f48","a7b4e69caa02c96720718484324e9597c82fb3a1","fc88549e9b8807297aa8540e14eeec6043d1ba8f5567073c950d287236fb9f48","true"
"src/core/live-memory/zero-input-prepare.ts","  ","6343","2026-07-21T05:12:17.1864618Z","1bef38c0d56c2c30a9970e7910447334ae95a726bef158c9d1e6cedc63df8b95","c4def9265b1881cb653dee002a21b15b598732da","1bef38c0d56c2c30a9970e7910447334ae95a726bef158c9d1e6cedc63df8b95","true"
"src/core/ocr/local-ocr.ts","  ","2732","2026-07-23T22:47:07.0231216Z","56273edcf194bd2cc1000c9e28cabcb91384440467a02221641f412bf9804186","b92af2d0f09fb7e32efa5b754bdab7f2e7d2c827","56273edcf194bd2cc1000c9e28cabcb91384440467a02221641f412bf9804186","true"
"src/core/pilot/intake.ts","  ","6201","2026-07-02T13:24:37.6136343Z","109472586ffe49cae7a4387d2d83d5bba2730aa94f599dde52d755097f444af6","85568b5cbdf4e31f07b6833763f8eab61cd9af7d","109472586ffe49cae7a4387d2d83d5bba2730aa94f599dde52d755097f444af6","true"
"src/core/pilot/manifest.ts","  ","5201","2026-07-02T22:01:15.7224923Z","e8f39e89dab1c6b4d410bf99557262015d1fdf1605f7b9f9a02915cfa2d23afe","2839a3fa9f0c568ef2c8daa905c66df66085b3e5","e8f39e89dab1c6b4d410bf99557262015d1fdf1605f7b9f9a02915cfa2d23afe","true"
"src/core/process/index.ts","  ","5278","2026-06-23T12:17:49.1717261Z","7ab2839a95dae420d1eaabb1cd513914f6cf4a8025601111c8f2b604ca1065e1","450b843aa2a2aaf6be6ce3c63a39cece9e795b85","7ab2839a95dae420d1eaabb1cd513914f6cf4a8025601111c8f2b604ca1065e1","true"
"src/core/profiles/fingerprint.ts","  ","5274","2026-06-23T12:28:11.9261213Z","efe6b2c0a5374fda817efd1527b5c7a97f5eee99eab3087cc65886919810eda0","31703f92e6414fd7de2e2b1cf7b2d53dfe10e494","efe6b2c0a5374fda817efd1527b5c7a97f5eee99eab3087cc65886919810eda0","true"
"src/core/profiles/index.ts","  ","11133","2026-07-11T08:16:29.5377235Z","b3b20d5e8bfc45ba600cfbc40c66d84cf78de0f37ee73c58f33c3ec61fac95a5","d8e6685f9265af1a607bb4e9494cbf24b70a6c69","b3b20d5e8bfc45ba600cfbc40c66d84cf78de0f37ee73c58f33c3ec61fac95a5","true"
"src/core/profiles/schema.ts","  ","3794","2026-07-21T05:12:17.1874652Z","eb6444be8e24545fea5e10458b56e0f2cb72e6cb1e536a479d46285c97b071c1","ff4201706d9639467d704006acb88d2fc28da110","eb6444be8e24545fea5e10458b56e0f2cb72e6cb1e536a479d46285c97b071c1","true"
"src/core/proposals/index.ts","  ","2414","2026-06-22T18:04:35.4309425Z","9833b987348ea0d89638fc3329a9d935bcc81fd7c92ce6317115e77ba5b4ac1c","a7cb3575c62bb3f2e4b877b67e23be71567d7951","9833b987348ea0d89638fc3329a9d935bcc81fd7c92ce6317115e77ba5b4ac1c","true"
"src/core/recipes/index.ts","  ","21388","2026-06-26T02:39:03.2948955Z","fa498588662a8c9947faef9dc07390add13a3c737d7fac9cb7286b107e3fe3f0","599b45a5159666f09954ecd5a9b684ce5258fa07","fa498588662a8c9947faef9dc07390add13a3c737d7fac9cb7286b107e3fe3f0","true"
"src/core/registry/compile-ct-registry.ts","  ","13996","2026-07-22T20:13:32.5762905Z","577f89dda371b5c0015a68b23973d07d0fcc0e3598db0d1214157f7f3c313fd6","18c4545ff79bf8cde45e9008ec65e61fa1be7fde","577f89dda371b5c0015a68b23973d07d0fcc0e3598db0d1214157f7f3c313fd6","true"
"src/core/registry/compile-ct-zip.ts","  ","16671","2026-07-23T02:39:11.7313965Z","e4a1ff1a550e423b1eaa5d9575f8dad9c885b675ae457258589a686933457c32","ba2a3c50ae79643ce17dc7eb8cb556b9d7d86a42","e4a1ff1a550e423b1eaa5d9575f8dad9c885b675ae457258589a686933457c32","true"
"src/core/registry/compile-ct.ts","  ","1372","2026-07-21T05:12:17.1929709Z","6130e47e3d4f8fcbbf4a542f0bd05793c0bb4a4d864b94932c273718577d92d4","d4f6cb39b85a3bc5b9228888c5db8796d6d1ac1f","6130e47e3d4f8fcbbf4a542f0bd05793c0bb4a4d864b94932c273718577d92d4","true"
"src/core/registry/index.ts","  ","657","2026-07-22T04:51:43.6601247Z","9e30de392ae48570c3bc2c9f4a7c4c0c535ab32ea2e0f052710ad7a0a21ded16","24c6d88d0fb4c0cd51c588635ccad0816815270d","9e30de392ae48570c3bc2c9f4a7c4c0c535ab32ea2e0f052710ad7a0a21ded16","true"
"src/core/registry/l4-governance.ts","  ","5741","2026-07-23T00:57:56.2160741Z","5830f39076206fd48b8ca21411d58f41dccafa9d2981d9522fd31803731dc90a","f645f9cb7f8c76ae508f2611a5eef99b6182eb25","5830f39076206fd48b8ca21411d58f41dccafa9d2981d9522fd31803731dc90a","true"
"src/core/registry/load-registry.ts","  ","847","2026-07-22T04:51:43.6551255Z","703366414e5e01d93b154f0ed7e0827f85c490734d16d6e664e85d0c5d2de5c0","19a8838f497ae2255b0d11e14211f8788af45f65","703366414e5e01d93b154f0ed7e0827f85c490734d16d6e664e85d0c5d2de5c0","true"
"src/core/registry/loaded-registry.ts","  ","1975","2026-07-22T04:51:43.6511214Z","03f23b6f19cda18dc31a11415960bb0d7980201f85a3a5b4be25f3bb9c8ae834","85c6c34d17850d86aa566ddf1c724f0a3b1075bc","03f23b6f19cda18dc31a11415960bb0d7980201f85a3a5b4be25f3bb9c8ae834","true"
"src/core/registry/query-registry.ts","  ","8707","2026-07-22T04:51:43.6571260Z","8bb71e0e2e37914d15467151bf6a33bea1c21150074dd606569fe4215e8cdbcc","75e8703db50436ff3a9b1fbf13d9f90c8dcc3150","8bb71e0e2e37914d15467151bf6a33bea1c21150074dd606569fe4215e8cdbcc","true"
"src/core/registry/schema.ts","  ","1293","2026-07-21T05:12:17.1994780Z","8a0ccb3e7955423e9be88c15256136b4318091fcd073f03fd19c3dacc76bcfe9","c2dd436027723ff96bb9f9e20e73b70bfefc2f79","8a0ccb3e7955423e9be88c15256136b4318091fcd073f03fd19c3dacc76bcfe9","true"
"src/core/registry/validate-registry.ts","  ","4645","2026-07-21T05:12:17.2004789Z","76a72a89fd7ca0ff7d1b9cdbb32479522887cdd8245c38efaebc516638dfc578","4a6235bee48ff79f67295e47992c4a14f6385fe9","76a72a89fd7ca0ff7d1b9cdbb32479522887cdd8245c38efaebc516638dfc578","true"
"src/core/research/feature-candidates.ts","  ","4299","2026-07-22T04:51:43.6746603Z","24ece34658ff8f095ccefaa78ac7554c377fd8298f7586bfcb64f6f45b6656ca","a46db38aba7453858e642c9bf7fcaf98d3d2f696","24ece34658ff8f095ccefaa78ac7554c377fd8298f7586bfcb64f6f45b6656ca","true"
"src/core/research/index.ts","  ","42","2026-07-21T05:12:17.2034786Z","fea8bfed23deecc8c6b41f8ba32753baaa25833c54d036e40c37820de1628caa","7ac78c27846daef844e87f622662ea024a28e10a","fea8bfed23deecc8c6b41f8ba32753baaa25833c54d036e40c37820de1628caa","true"
"src/core/runtime/address-resolver.ts","  ","383","2026-07-21T05:12:17.2044783Z","9cc525367a2897d38eb32349a32b90049776b8cb8be2d002b6c62ec585023466","5e03af6cf2a4bc33219ae61cbcaad0930950e9d0","9cc525367a2897d38eb32349a32b90049776b8cb8be2d002b6c62ec585023466","true"
"src/core/runtime/aob-repair-analyzer.ts","  ","13975","2026-07-23T20:12:12.0091981Z","c34f2a237078fd59e9f617205ca202d2f8a9713e1f12bff668d746156826a7ef","94ebdb8b011cd2d5b38b7c508b24000fc7966f54","c34f2a237078fd59e9f617205ca202d2f8a9713e1f12bff668d746156826a7ef","true"
"src/core/runtime/delta-engine.ts","  ","8199","2026-07-22T23:38:34.2335652Z","b2cd6186f999c0cac5a992ca6579550a0cdbac083955f5f147bfb25b1a0dce58","2301b7523b6520f4aac936bb0362e00d3a233934","b2cd6186f999c0cac5a992ca6579550a0cdbac083955f5f147bfb25b1a0dce58","true"
"src/core/runtime/headless-verification-worker.ts","  ","485","2026-07-22T20:34:34.2250486Z","ccaba9086959dc19c7b527980e2c7cf7f9734af4cd8a7dea02df679ec1aa8c8b","ceb3e25889935f08e6dbff54f55965cce110bf48","ccaba9086959dc19c7b527980e2c7cf7f9734af4cd8a7dea02df679ec1aa8c8b","true"
"src/core/runtime/headless-verification.ts","  ","13959","2026-07-22T23:28:27.4776874Z","b9e94c45dcda90d1f148f85d6291407a398d243300f5b5f442a944a3350ac014","6a1030e13cdb5f4e51b8dcf33633fcda0df3b44e","b9e94c45dcda90d1f148f85d6291407a398d243300f5b5f442a944a3350ac014","true"
"src/core/runtime/index.ts","  ","664","2026-07-22T20:31:35.9187344Z","7ceb5225f5d8a3aa956c9c4638dcc9e71e0fa05df3a87f20b33cfef4a1b376d2","2897024a13652f3544735abfb52d5669f68bd4af","7ceb5225f5d8a3aa956c9c4638dcc9e71e0fa05df3a87f20b33cfef4a1b376d2","true"
"src/core/runtime/memory-reader.ts","  ","772","2026-07-21T05:12:17.2074797Z","76249ad71649fe0a91c578adef4e4ed2741bb52e9d3ba68cce1dd4a1081f37b8","923ebd591345574c43060ffcfb43754e56f5dafa","76249ad71649fe0a91c578adef4e4ed2741bb52e9d3ba68cce1dd4a1081f37b8","true"
"src/core/runtime/memory-snapshot.ts","  ","1446","2026-07-21T05:12:17.2084810Z","58f8869588f83a3c4bb8f8b8d83273133209c7a5bdb23c5ed19a5b4d70a1b324","2dca6d58a577419e0d54d120546d58678bacd21c","58f8869588f83a3c4bb8f8b8d83273133209c7a5bdb23c5ed19a5b4d70a1b324","true"
"src/core/runtime/memory-viewer.ts","  ","1123","2026-07-21T05:12:17.2094808Z","8ee91f9d459bc1b16ce5d06c82a93c75e6d8ec789ea0837f561bf1a20c38a395","6afade6f17a8e2fe6635155eb908fdc05c3b1357","8ee91f9d459bc1b16ce5d06c82a93c75e6d8ec789ea0837f561bf1a20c38a395","true"
"src/core/runtime/module-inspection.ts","  ","583","2026-07-21T05:12:17.2104791Z","857b9883f67b14956d2ddd2ea9c14746ad4713afd8ccd83b5ce83e1cfb1677b8","53bfebadb630882e375b003682e114a1004ab2fe","857b9883f67b14956d2ddd2ea9c14746ad4713afd8ccd83b5ce83e1cfb1677b8","true"
"src/core/runtime/pointer-candidates.ts","  ","1478","2026-07-21T05:12:17.2119818Z","bdb01d9b0c952d46513f0be70346a5793a4220bc4a1a71aa12148e2adbe3dcde","6bd7b66e36b6700fd03a22e04224cea4243080f0","bdb01d9b0c952d46513f0be70346a5793a4220bc4a1a71aa12148e2adbe3dcde","true"
"src/core/runtime/process-discovery.ts","  ","660","2026-07-21T05:12:17.2139849Z","fb38e8c54a24edc2f771fc4ff521b16e60a473438f0a03d666fb271b6f796999","aa5affcd22f1ce273e27c7ad6c761812896f1970","fb38e8c54a24edc2f771fc4ff521b16e60a473438f0a03d666fb271b6f796999","true"
"src/core/runtime/protected-target-guard.ts","  ","2465","2026-07-22T05:59:07.7715285Z","a8e2de6f9594db94e2fdd10959863ff49b52aac6dbbaafa07f6180bb95b38390","046af0c3f1444cd0ddb7e85182cc1d3c6d3e4133","a8e2de6f9594db94e2fdd10959863ff49b52aac6dbbaafa07f6180bb95b38390","true"
"src/core/runtime/readonly-scanner-helper.ts","  ","7080","2026-07-22T21:38:27.4047208Z","c22e75a67b8e1ffd4756e451ee91e273f3f3dcff8eb5ed1ce9323f6943f0afd0","b92c72a078016488a6acd8b6b72d5bcccec15065","c22e75a67b8e1ffd4756e451ee91e273f3f3dcff8eb5ed1ce9323f6943f0afd0","true"
"src/core/runtime/restart-validation.ts","  ","5965","2026-07-22T06:02:43.4953955Z","a9d05b30da165c00aedd075ac916cd4163023b0694010c401d89206a90ffb51f","2b1fd2b9c3fb5f23df84ae15607fa20900c827a7","a9d05b30da165c00aedd075ac916cd4163023b0694010c401d89206a90ffb51f","true"
"src/core/runtime/runtime-policy.ts","  ","816","2026-07-21T05:12:17.2149849Z","3506ac5b0df9dad69dc98275d14c66d665070e6c9b23ca05188aebb8242ab886","ced5d63b6909de9bfccf84915a2f06af6f2018ad","3506ac5b0df9dad69dc98275d14c66d665070e6c9b23ca05188aebb8242ab886","true"
"src/core/runtime/signature-resolution.ts","  ","3643","2026-07-22T04:51:43.6766603Z","1a9f2be7dac6655e8ffed02811ba7be99889e1cf6ae88731b3e3ab7b6eda69ee","0553ad5d940fb9f64b80cd30877bd1a9f8e1c803","1a9f2be7dac6655e8ffed02811ba7be99889e1cf6ae88731b3e3ab7b6eda69ee","true"
"src/core/runtime/signature-scanner.ts","  ","3550","2026-07-21T05:12:17.2169851Z","f02e67eb76a852562b26da87ef35294d8c83d75dfce464d66808186c10dfde89","90c45b8e3af3718cb410d15bae24d6444dbbd500","f02e67eb76a852562b26da87ef35294d8c83d75dfce464d66808186c10dfde89","true"
"src/core/runtime/signature-validation.ts","  ","3420","2026-07-22T04:51:43.6726596Z","5b11dcaea9d2d9ae0b79882f0695d9f52cb93dc65b55bf4a4d207e239af44190","acecd1acb90ff14507386672fe2ab45b40268867","5b11dcaea9d2d9ae0b79882f0695d9f52cb93dc65b55bf4a4d207e239af44190","true"
"src/core/runtime/windows-readonly-process-module-reader.ts","  ","7387","2026-07-22T05:56:14.0149457Z","20f92f4980175f0abbf89d3d314a11e526d8aaa871f5f0f8224fa42e774bf379","765a476ceeb477bb98e0f24d75dad410b32c4e2b","20f92f4980175f0abbf89d3d314a11e526d8aaa871f5f0f8224fa42e774bf379","true"
"src/core/runtime/write-policy.ts","  ","3114","2026-07-21T05:12:17.2209846Z","b532ae2292085c97e37b8cba1f17748c97b6a5754231a6a025b2f7d25b504734","22487743341184a08ebe2d8f35db3d1ea65077bf","b532ae2292085c97e37b8cba1f17748c97b6a5754231a6a025b2f7d25b504734","true"
"src/core/safety/atomic-write.ts","  ","6875","2026-07-23T04:20:48.1319318Z","afd1c5de6c661fcb68528bae94b7dd85fb0c3b2df448427a1ab09bdfcddb4119","40eb7b6c38ba22a0df165408a300ddd8250a6ebd","afd1c5de6c661fcb68528bae94b7dd85fb0c3b2df448427a1ab09bdfcddb4119","true"
"src/core/safety/file-lock.ts","  ","963","2026-06-22T18:14:28.9429353Z","ab948458ea5c69be8695f7cf77006dbd4233ef56ead68afeef6d1f629be31001","c6656241a96858834fdb7105f4ca9815c96eb84b","ab948458ea5c69be8695f7cf77006dbd4233ef56ead68afeef6d1f629be31001","true"
"src/core/safety/index.ts","  ","4610","2026-06-22T08:35:50.4468976Z","59807323d0a4c462d0dcfa922f0d9c4664be63c0de3c1577c95dc7ee30b9191d","d285e6dc184865610e79ebdf36ca76e2d2385794","59807323d0a4c462d0dcfa922f0d9c4664be63c0de3c1577c95dc7ee30b9191d","true"
"src/core/safety/operations.ts","  ","11273","2026-07-22T04:30:10.4594250Z","beedba37376d94eff8690cbd3f9660306761db3df9bbd44460e0614c5aad5e4e","270b9100ecd9aa4e26b924e1a75f9d3058f27517","beedba37376d94eff8690cbd3f9660306761db3df9bbd44460e0614c5aad5e4e","true"
"src/core/safety/path-safety.ts","  ","4017","2026-07-21T05:12:17.2259863Z","eff9c1086d615eb6acc9718a4092cbe6026c8ad07099a38bbd1708e3e250cf31","5364a9575c46b52d5ccd3d4d95b45f5f7ccc8da6","eff9c1086d615eb6acc9718a4092cbe6026c8ad07099a38bbd1708e3e250cf31","true"
"src/core/sandbox-script/local-sandbox.ts","  ","6525","2026-07-21T05:12:17.2279877Z","c31925827d11e8b34d381a421bd9a5edaf9907d4fb41e2e5b04ad8355db898d9","6da20680c6abfc5fdc6efc86360d257e3d64892c","c31925827d11e8b34d381a421bd9a5edaf9907d4fb41e2e5b04ad8355db898d9","true"
"src/core/saves/binary-formats/generic-le.ts","  ","4589","2026-07-12T14:34:04.3401454Z","a21adc23e1ca709c4b8c6c64382c50f759280ab64b0dea3e7b5997d2de9fee35","afa77db365e75c04c6332ff350aad9c3bfcae90b","a21adc23e1ca709c4b8c6c64382c50f759280ab64b0dea3e7b5997d2de9fee35","true"
"src/core/saves/binary-formats/index.ts","  ","4085","2026-07-21T05:12:17.2299858Z","74469dd7e6f9c93a829fe0cfa211f57da6990dbf3b5a7bebd3070b2c7fd30dbc","1224a9b90543e828dfe6a003ba8ce2cad5d3e84c","74469dd7e6f9c93a829fe0cfa211f57da6990dbf3b5a7bebd3070b2c7fd30dbc","true"
"src/core/saves/binary-formats/research-profiles.ts","  ","2331","2026-07-12T14:51:18.8734034Z","401271db7a7df565f61fc61230dbd949ee7006aacf27c5ba65e67fb8f41125c9","06dfbf30d3190d33accef57d0304242dfe7af2ea","401271db7a7df565f61fc61230dbd949ee7006aacf27c5ba65e67fb8f41125c9","true"
"src/core/saves/binary-formats/rfsa.ts","  ","2788","2026-07-21T05:12:17.2319909Z","d8c607c9f886a0dc6a80aadd4bcf32126c5b4c7be426b87963a424e4eb3875e0","78ef855594579b43dd64451d9a70cec68b313ede","d8c607c9f886a0dc6a80aadd4bcf32126c5b4c7be426b87963a424e4eb3875e0","true"
"src/core/saves/binary-save-field.ts","  ","4415","2026-07-12T14:51:42.0486764Z","8248ab5a892057d5e8a2a2afaff8e77b722a5e4e69d4c44b36361df058a095da","b3a23cc2dce10bc4e6f56e44fd30220f72707955","8248ab5a892057d5e8a2a2afaff8e77b722a5e4e69d4c44b36361df058a095da","true"
"src/core/saves/editor.ts","  ","15418","2026-07-22T07:18:23.7957224Z","7b1bbb8841a4b4c63925628be9d5079582ecf770627320b650cf5e590566ba54","c9ffc72f47eeab87ae4d7560703feee6c431eda4","7b1bbb8841a4b4c63925628be9d5079582ecf770627320b650cf5e590566ba54","true"
"src/core/saves/index.ts","  ","11061","2026-06-28T23:13:23.9528008Z","c4e8b1cea283a8b2e159bc49abd8506cef408896db6b50bc15d90956bdf90616","6773580b190d50f09fd6dc2cc37d18b0c3e100cc","c4e8b1cea283a8b2e159bc49abd8506cef408896db6b50bc15d90956bdf90616","true"
"src/core/saves/ini-save-field.ts","  ","5845","2026-07-12T05:42:08.2398067Z","1303d8c0af29bc55761dcbc60861e70a40dd5175e5be1ba5fd0b8f026810b028","244c134cb4ec8eeb3b328392ada60694c1dedd10","1303d8c0af29bc55761dcbc60861e70a40dd5175e5be1ba5fd0b8f026810b028","true"
"src/core/saves/json-save-field.ts","  ","6246","2026-07-12T02:28:45.6183856Z","36e8b9440f3b4228edff79ff6f37330dbf6751837de5f50d5d3aa20c1db593f5","b173970953edfed437c513dbb2b82db5773a0e67","36e8b9440f3b4228edff79ff6f37330dbf6751837de5f50d5d3aa20c1db593f5","true"
"src/core/saves/locations.ts","  ","6467","2026-07-22T04:29:46.1408025Z","54697f11da2bfaa7da1cfe64d0fdfafcd5828b87617b7d2e35380a379f81e132","4476eeaa633cc1df5ab2cea9fafebf8f6e8d7fb5","54697f11da2bfaa7da1cfe64d0fdfafcd5828b87617b7d2e35380a379f81e132","true"
"src/core/saves/normalization.ts","  ","3363","2026-06-22T18:49:24.0176084Z","88db5db8a7a2e0056d06ecc4073b1c6ccdaac44c827a8146b3dcf892533947d4","ddb41463534fb05936865a0ef0fbd9977dda9aae","88db5db8a7a2e0056d06ecc4073b1c6ccdaac44c827a8146b3dcf892533947d4","true"
"src/core/saves/runtime-binding.ts","  ","1854","2026-07-02T13:23:57.9048192Z","47654de0f00f46041f28c592e50b586b67917a21dd8d8937fd00e108b1baa72b","479471b8d721c98b21f447486524da6e7a0bb57a","47654de0f00f46041f28c592e50b586b67917a21dd8d8937fd00e108b1baa72b","true"
"src/core/saves/save-format.ts","  ","4737","2026-07-12T14:35:08.3877133Z","e64971a7a1fc01dc28bc5b4cd12adc861006729491feea85006cbaf302c11223","c2249a1bfecf45a30adcd28f877a7e8764562091","e64971a7a1fc01dc28bc5b4cd12adc861006729491feea85006cbaf302c11223","true"
"src/core/scanner/discovery-context.ts","  ","874","2026-07-13T05:53:56.7346152Z","81441c1e9ea4be2e288ae15c6742e7737d0467dfa39d64896a19081ff9487cb7","c315c2b05ff50b21de9e6fd3c4140ee3569c17ec","81441c1e9ea4be2e288ae15c6742e7737d0467dfa39d64896a19081ff9487cb7","true"
"src/core/scanner/discovery.ts","  ","7429","2026-07-22T04:29:46.1382950Z","10ce95dbc1c9f2bbf1d0c61d4fd011a8747f7dfc78860294c51de3709dca1b81","c4a30e49e9e75a5227b3970749cde1525a174352","10ce95dbc1c9f2bbf1d0c61d4fd011a8747f7dfc78860294c51de3709dca1b81","true"
"src/core/scanner/index.ts","  ","8840","2026-07-23T04:26:32.2476664Z","a30e22978b0c753778f2f17d1537dd075ea1ffc2042bad3ecaf101e6cee09e5f","c106f265b8c54bce0cbd2ce27462d87f10b781f6","a30e22978b0c753778f2f17d1537dd075ea1ffc2042bad3ecaf101e6cee09e5f","true"
"src/core/script-research/aa-script-analyzer.ts","  ","7662","2026-07-13T06:02:18.6592624Z","487bcd9f05e659652ddac412861410e327649e9c75744d7307aad704718bbeb9","8271a0e3064f30ec2fdb53ae6294035f44111522","487bcd9f05e659652ddac412861410e327649e9c75744d7307aad704718bbeb9","true"
"src/core/script-research/aob-parser.ts","  ","8179","2026-07-21T05:12:17.2369897Z","3509180d26d7d82859354ec99bf0fc2db7c118bd18d6fafa562d25454fac5360","041230ba5c13d7a7209f6bfbe95623ee6074b02e","3509180d26d7d82859354ec99bf0fc2db7c118bd18d6fafa562d25454fac5360","true"
"src/core/script-research/ce-enrichment.ts","  ","5443","2026-07-21T05:12:17.2379916Z","f925447987523e1c719cd219002c212efb36a7e0f5a11478a576a2a4d093b413","1a0b950bdf3dc19fece0c374c2b89b402ab28473","f925447987523e1c719cd219002c212efb36a7e0f5a11478a576a2a4d093b413","true"
"src/core/script-research/ct-script-research.ts","  ","6643","2026-07-21T05:12:17.2399918Z","27f1f87c0ee3afacb943023a4d00822deba37b97c3c4993428e1d5cb36bc618d","01e3465d1734c15bb5373691507cc6eff5f2934e","27f1f87c0ee3afacb943023a4d00822deba37b97c3c4993428e1d5cb36bc618d","true"
"src/core/script-research/index.ts","  ","184","2026-07-21T05:12:17.2419912Z","9b20a39a5fd63e7375572887aeb2be8bce5f28b373847c8cdc6119599e8f07e5","ae439efd230fbbc5ee23cc578401fe3c59722c32","9b20a39a5fd63e7375572887aeb2be8bce5f28b373847c8cdc6119599e8f07e5","true"
"src/core/script-research/types.ts","  ","3192","2026-07-21T05:12:17.2439908Z","d22e39ea2d0e3ae2ff5c0d1698560db631a03dd58eb2f93f58a0fff58f4fa8ad","cdbb538b3877dd3efe2f5acb788a1583503f00cc","d22e39ea2d0e3ae2ff5c0d1698560db631a03dd58eb2f93f58a0fff58f4fa8ad","true"
"src/core/security/process-selection-registry.ts","??","4946","2026-07-28T06:08:43.9912243Z","88a78f5b969bf308894ac877ba57a1a9d810ae217710788e98ed270b77dfa06c","","88a78f5b969bf308894ac877ba57a1a9d810ae217710788e98ed270b77dfa06c","true"
"src/core/security/trusted-sender-registry.ts","??","4978","2026-07-28T06:08:43.9942311Z","6ebd1197adb3d23caf3045ad87a8289a59ec65f50a8ea9dfb258ab769e3445cd","","6ebd1197adb3d23caf3045ad87a8289a59ec65f50a8ea9dfb258ab769e3445cd","true"
"src/core/settings/index.ts","  ","5197","2026-07-21T05:12:17.2449909Z","7c2df881bfa1c47edb5b20a174fb7f45a107692c3dc4e1a11f030e07fcd2a87f","33dfe4b68430cd5d4e9b1b16f9fa4184c3719d0f","7c2df881bfa1c47edb5b20a174fb7f45a107692c3dc4e1a11f030e07fcd2a87f","true"
"src/core/settings/unlock-trainer-capabilities.ts","  ","990","2026-07-12T07:38:45.3993025Z","8b7c6552e35878abe9b89ebde01e74ee90257b8f4bd426a53bc38de76fc07827","d03d966405f7b3c2d7ff5bf3099caff5c7e5d314","8b7c6552e35878abe9b89ebde01e74ee90257b8f4bd426a53bc38de76fc07827","true"
"src/core/trainer-catalog/bundled-community-games.ts","  ","6312","2026-07-12T14:33:59.5958747Z","d4a7bdb3ce1dc3b91c56f7af8ad67a4cb62737fb0db8e5d781e63ccfcaea9c4b","c09b7eb510966b4fdca78c7761827e644a20f771","d4a7bdb3ce1dc3b91c56f7af8ad67a4cb62737fb0db8e5d781e63ccfcaea9c4b","true"
"src/core/trainer-catalog/bundled-definition-seed.ts","  ","9376","2026-07-21T05:12:17.2464938Z","fbbb84eac4f02aa8e21dcd931a6fd7a1c57c5ab83567a77f58264385a4785612","cd637abe8bfae3d27600835e8fbe83adf3c4f99c","fbbb84eac4f02aa8e21dcd931a6fd7a1c57c5ab83567a77f58264385a4785612","true"
"src/core/trainer-catalog/catalog-game-record.ts","  ","947","2026-07-11T23:39:24.3456860Z","c1f58d00007abd28d1df27770c983ff2f04b35b6af6aba19a19ddd37e779279f","a3c46ccbdc8c7add53a2842ab9bc09142faa1ede","c1f58d00007abd28d1df27770c983ff2f04b35b6af6aba19a19ddd37e779279f","true"
"src/core/trainer-catalog/catalog-genres.ts","  ","1798","2026-07-12T14:19:31.4048414Z","473693d43504f2ce9d64badd2014e59d0598c6b0d9adc1e1520c7391adda5cee","8665f1bc6d2a473c97ddf10751fe8ddfc8c9c8b6","473693d43504f2ce9d64badd2014e59d0598c6b0d9adc1e1520c7391adda5cee","true"
"src/core/trainer-catalog/community-trust.ts","  ","290","2026-07-21T05:12:17.2484996Z","7a42734fee09fb94e40623ff480b6a1c6ea0942af5e1afa84d71979aa4db1de6","dfd60b7adbfa3058a223d8134ed6ce785f068980","7a42734fee09fb94e40623ff480b6a1c6ea0942af5e1afa84d71979aa4db1de6","true"
"src/core/trainer-catalog/cover-url.ts","  ","1485","2026-07-22T08:07:10.6625610Z","d9e7e9dacc57721ad9c37572ac6806734d6051d10fe0a7ef505ee5176eb227d4","4b473583c1ff65fe5bbec9d29f42c8f6ee212e67","d9e7e9dacc57721ad9c37572ac6806734d6051d10fe0a7ef505ee5176eb227d4","true"
"src/core/trainer-catalog/definition-feedback-store.ts","  ","1897","2026-07-12T07:49:57.8156364Z","a032eab3b7da7dd1f5e3a66473f67a07a0f7ace5193a9e6af0146253b2b5fdcb","eb5252967232cff40026bc9c929da2d441c1e20d","a032eab3b7da7dd1f5e3a66473f67a07a0f7ace5193a9e6af0146253b2b5fdcb","true"
"src/core/trainer-catalog/definition-promotion.ts","  ","3057","2026-07-12T07:50:04.1281779Z","07d68c1fefb5e3ef62d29eb216e114a02604a855498e89b8637b533cd1c0a0c9","a0b06965885548affec93c8f78bccafedf18bee8","07d68c1fefb5e3ef62d29eb216e114a02604a855498e89b8637b533cd1c0a0c9","true"
"src/core/trainer-catalog/definition-quarantine.ts","  ","2969","2026-07-12T07:50:00.8782317Z","32cdb1522e28be08125d7d05f2286116b81d43941ba7787dfcbeef6dcd6f502c","3683f5f7f60f4347f8d1c8c6d99b6682b52120b6","32cdb1522e28be08125d7d05f2286116b81d43941ba7787dfcbeef6dcd6f502c","true"
"src/core/trainer-catalog/ensure-bundled-definitions.ts","  ","3442","2026-07-17T02:53:30.3378881Z","01af8c46fc1790fe735866443e66064087617578ecd08a8bcc3ecec7278d7be3","831fb76301881adbf00c019992bfb993c7024b81","01af8c46fc1790fe735866443e66064087617578ecd08a8bcc3ecec7278d7be3","true"
"src/core/trainer-catalog/game-taglines.ts","  ","3779","2026-07-12T14:43:27.1317269Z","42c80991a60dbffe9d92d48f09cf60eeea535378eeacbc17c93d3f0ce0db653c","3915650a13e3cf3bc48759ef6053bac530795f37","42c80991a60dbffe9d92d48f09cf60eeea535378eeacbc17c93d3f0ce0db653c","true"
"src/core/trainer-catalog/index.ts","  ","563","2026-07-11T09:50:01.6952743Z","76ff95e3cfbfb030555e943a6678ff8ef005cd6e761ab3efb1292a77a257d817","f2ce07d627a7c6b0546b321b7f6bf38eae18e670","76ff95e3cfbfb030555e943a6678ff8ef005cd6e761ab3efb1292a77a257d817","true"
"src/core/trainer-catalog/mod-pack-loader.ts","  ","3282","2026-07-21T05:12:17.2494984Z","bc738173f3e67f92d53cb3d1eb42e76f25a10fbd6afc7f4f4790caaae2f3e267","0c94923e6f00d47a3709e8034a59c012c9c598ed","bc738173f3e67f92d53cb3d1eb42e76f25a10fbd6afc7f4f4790caaae2f3e267","true"
"src/core/trainer-catalog/seed.ts","  ","2437","2026-07-11T09:50:02.1446601Z","7e8d8a5630c2b017ba6ad44cefb35f881f5308ea5ebb12635ea0b561de1b147c","e2d2ecdd06faf38607bbb0837123b41065512c38","7e8d8a5630c2b017ba6ad44cefb35f881f5308ea5ebb12635ea0b561de1b147c","true"
"src/core/trainer-catalog/steam-executable-lookup.ts","  ","1282","2026-07-21T05:12:17.2504975Z","15405993e0a925ab51351eaaf56c4109e04329bf3923c02531b88a5a2c45e727","f09ab108f5bee0a6893294ca1287e808c7264f84","15405993e0a925ab51351eaaf56c4109e04329bf3923c02531b88a5a2c45e727","true"
"src/core/trainer-catalog/store.ts","  ","12391","2026-07-21T05:12:17.2524976Z","0a36945d40b5ab93d053bda8dde7f168743fef008e9464cc9a8ec043d2a1dd18","b7b635ba0c394452c7e04d178439931ec6943cbd","0a36945d40b5ab93d053bda8dde7f168743fef008e9464cc9a8ec043d2a1dd18","true"
"src/core/trainer-catalog/sync/hub-client.ts","  ","13389","2026-07-21T05:12:17.2535014Z","595412e7ac2d989c00ad13921730274503e5264b1b8632667f352c958eae5626","a07063c635e08b6d05de25f4bc1bd5b5aa4bf3c8","595412e7ac2d989c00ad13921730274503e5264b1b8632667f352c958eae5626","true"
"src/core/trainer-catalog/sync/index.ts","  ","1355","2026-07-11T09:50:02.1438845Z","df7cd5fd49e4fa2010e368dd586f2d25dc0f88a47649b874407170a7a05e5c37","5a43e71cf597ae420bccdf341998110f48f42130","df7cd5fd49e4fa2010e368dd586f2d25dc0f88a47649b874407170a7a05e5c37","true"
"src/core/trainer-catalog/sync/parse-html.ts","  ","4854","2026-07-15T15:06:12.1636170Z","ffed610d31a540da43ae79b7ef63be87623b3275d2d3e0f4e1199d6c06251ea8","f59dbf5a29969d5cd21f5981963bc45672d8913a","ffed610d31a540da43ae79b7ef63be87623b3275d2d3e0f4e1199d6c06251ea8","true"
"src/core/trainer-catalog/sync/remote-sync.ts","  ","6343","2026-07-15T15:06:12.8773135Z","35f3a882eef8419e68ed9d22f19698ca2e84b2659617d47bba9dced527e4c358","b854208ff6f6a01478e55f5ec5a6652cd8912f8f","35f3a882eef8419e68ed9d22f19698ca2e84b2659617d47bba9dced527e4c358","true"
"src/core/trainer-catalog/sync/sources.ts","  ","943","2026-07-12T07:38:17.2059090Z","c735bad531f0dc49d81843b5b515254bfaaeae1b16d78464dc0f0921a8cfea8e","996193c6929921359c7af0c235eed8bf88b1f7ee","c735bad531f0dc49d81843b5b515254bfaaeae1b16d78464dc0f0921a8cfea8e","true"
"src/core/trainer-catalog/types.ts","  ","4309","2026-07-21T05:12:17.2554991Z","d172e928d6a842383c11a5c7e960dcae10e329efd309b5a548a398739f532807","d554b1a6c848c87d385f91b9d9cf346922e0733a","d172e928d6a842383c11a5c7e960dcae10e329efd309b5a548a398739f532807","true"
"src/core/trainer-deck/build-deck-rows.ts","  ","3597","2026-07-13T05:53:56.7356152Z","ee12fb9bf0e4c0d2e519a80f57c971377b4dc6aa38ae5f3fa18f6a2883bf2df8","ba96ef89eba21f7faaa6a0438f0f0bb38530c582","ee12fb9bf0e4c0d2e519a80f57c971377b4dc6aa38ae5f3fa18f6a2883bf2df8","true"
"src/core/trainer-health/index.ts","  ","5958","2026-07-13T05:53:56.7356152Z","67aed689824a7a46565b9cefcfffdd61142ae117a9e902bf58f9a485db71432d","e5f73772ea238d354675ad2b6d9400bc2bdcf2b5","67aed689824a7a46565b9cefcfffdd61142ae117a9e902bf58f9a485db71432d","true"
"src/core/trainer-host/host-entry.ts","  ","752","2026-06-28T01:51:08.5412786Z","67eb2f59d9cc63954e2bf0304b061091d93fb7ed7e227504dae570fd3c7ea1fa","e1ebfd2e03b13da7918c167525b841fc3ae5c4c0","67eb2f59d9cc63954e2bf0304b061091d93fb7ed7e227504dae570fd3c7ea1fa","true"
"src/core/trainer-host/host-runtime.ts","  ","3881","2026-06-28T01:51:08.5422779Z","708cfc883e743e2fa15dcf31756a580d8aecc92d251c55e35a1f827abad15838","2bab08689679c95c45264d8a73c6ae48f7cdfb4c","708cfc883e743e2fa15dcf31756a580d8aecc92d251c55e35a1f827abad15838","true"
"src/core/trainer-host/host-supervisor.ts","  ","14093","2026-06-28T09:35:10.5589944Z","18fcb09f8e6f2b38c4f1cac3f8844c16b5213cc15e208e964a46348d110f88cb","3019009e9b2d10af23f4e1a4c2f9b506d4ffd266","18fcb09f8e6f2b38c4f1cac3f8844c16b5213cc15e208e964a46348d110f88cb","true"
"src/core/trainer-host/index.ts","  ","169","2026-06-28T01:51:08.5452802Z","81b2f89f0a29e1738105a70d01be410f834efb7a3cf08dde4bec615413157d27","cec29e551d53edc1178958b9765eb152ceba49f1","81b2f89f0a29e1738105a70d01be410f834efb7a3cf08dde4bec615413157d27","true"
"src/core/trainer-host/protocol.ts","  ","4036","2026-06-28T01:51:08.5462803Z","632f82c0084e0a139be36f11c8a07bf09c83b84f784328b58699f007f8c537cd","6c6dd52703c6840a41b094ad1d0709a7c6aedc54","632f82c0084e0a139be36f11c8a07bf09c83b84f784328b58699f007f8c537cd","true"
"src/core/trainer-host/read-save-field.ts","  ","3448","2026-07-12T14:35:22.0269923Z","cd1d05286f9b7b954f5e552055ca5e6272f86044960abfe793feac97bc18cefa","f0a06f7a0f917102222b13972220f228629e2cb9","cd1d05286f9b7b954f5e552055ca5e6272f86044960abfe793feac97bc18cefa","true"
"src/core/trainer-host/trainer-control-schema.ts","  ","9278","2026-07-21T05:12:17.2574994Z","c998db8f4ec01644905c76d8cd354354f24533971d5b2b153e421d529a875cc5","744f151b7621bd79c9c42802d37f9e48d938fbc4","c998db8f4ec01644905c76d8cd354354f24533971d5b2b153e421d529a875cc5","true"
"src/core/trainer-host/write-save-field.ts","  ","12014","2026-07-12T14:35:37.4265884Z","81dd69bad7f76176a9790322402d96c22187315a5ab8adb7d297c4811bb9d199","e73db8c22f3b86e2bc737a1dd4d0e3851ae631e3","81dd69bad7f76176a9790322402d96c22187315a5ab8adb7d297c4811bb9d199","true"
"src/core/trainer-research/ct-export.ts","  ","1957","2026-07-13T05:53:56.7346152Z","c54e0b00cf67a5d4818b70a0b1018a1b4d36635756e06bdddd5fc40f15e7ed6b","8ae43654c6b82ff3b4d9057fe8f44d255907715e","c54e0b00cf67a5d4818b70a0b1018a1b4d36635756e06bdddd5fc40f15e7ed6b","true"
"src/core/trainer-research/index.ts","  ","1339","2026-07-17T02:53:30.3388879Z","0fa02209ce513da2ded26081089b6a86190d65c450f0a6ffbdf39ccff88d9ef1","43c41680575660c495ec16a4b3c8bd895bd32eaa","0fa02209ce513da2ded26081089b6a86190d65c450f0a6ffbdf39ccff88d9ef1","true"
"src/core/trainer-research/pe-analyzer.ts","  ","6679","2026-07-13T05:53:56.7356152Z","a9aa69c056e9f1a52c3c5a348c09a897668a6d0b383e5b914c5534db4274c3e7","307d3b46df5bafe5ddd6de14837c15e1fbad0e9c","a9aa69c056e9f1a52c3c5a348c09a897668a6d0b383e5b914c5534db4274c3e7","true"
"src/core/trainer-research/schema-draft.ts","  ","2914","2026-07-13T05:57:31.8033707Z","f10405a97e27070033ae53d190531f9bc4d3e587675eef58856f53205c4a06f1","90f024f82625506c4657138d79ee5465d2ef42c2","f10405a97e27070033ae53d190531f9bc4d3e587675eef58856f53205c4a06f1","true"
"src/core/trainer-research/types.ts","  ","984","2026-07-13T05:57:29.9730475Z","e4b316099f1b5be7c770d1fd5a0ed19aff5b3d915667b9ed5cbdd7e66c2154b6","473d19fedb27925112c3e92cd667ba4899af0903","e4b316099f1b5be7c770d1fd5a0ed19aff5b3d915667b9ed5cbdd7e66c2154b6","true"
"src/core/trainer/index.ts","  ","28","2026-06-22T08:35:44.3914015Z","0e1801e0635b6fe30a3e299e3a21cfbc19db838e3bd3626a88473281726cf639","58861b08e6ba7f73f43b0c1602c7d06ecde85429","0e1801e0635b6fe30a3e299e3a21cfbc19db838e3bd3626a88473281726cf639","true"
"src/core/ue-research/dumpspace-import.ts","  ","6747","2026-07-13T05:53:56.7346152Z","decffe0ea9127b74b5fc0c14289178b0e45a89dbd355c553829dd158292d4203","0e0cdfb7b4505f090fee776fb68745365b4ca646","decffe0ea9127b74b5fc0c14289178b0e45a89dbd355c553829dd158292d4203","true"
"src/core/ue-research/index.ts","  ","107","2026-07-13T05:57:03.8502484Z","998e26aecea58a550c3f8322b9f757dca6d5676dcabbe151ba3dba94d0c236cb","99f648c99bd940093c08cb99228f1ae13ff12bbf","998e26aecea58a550c3f8322b9f757dca6d5676dcabbe151ba3dba94d0c236cb","true"
"src/core/ue-research/research-merge.ts","  ","2186","2026-07-13T06:02:18.9764332Z","dba0ee36b1ae054ba4c2ab40bd300c367ec128e27de9870e42347d0bc769fc8b","a1436857ad5763d2fe260f0f71eaa8df2b2945e3","dba0ee36b1ae054ba4c2ab40bd300c367ec128e27de9870e42347d0bc769fc8b","true"
"src/core/ue-research/types.ts","  ","1908","2026-07-13T05:53:56.7346152Z","c0fe1c627fcf2e7f4a08e03b2a89e325920a02ca281e32d47f0648faf94bd91c","5f6c42c6d29c2a7fbaa33f3beb1b1c400488f60c","c0fe1c627fcf2e7f4a08e03b2a89e325920a02ca281e32d47f0648faf94bd91c","true"
"src/core/v2/lifecycle-wiring.ts","  ","7619","2026-06-28T01:51:08.5532796Z","53b7914680177d7f8277cff3d1fb72e92c7f4b5f23c855b61e9f68054b6f2b03","82114e793c350d3631f1a000372f0e8f8fc6dc62","53b7914680177d7f8277cff3d1fb72e92c7f4b5f23c855b61e9f68054b6f2b03","true"
"src/core/v2/lifecycle/evaluator.ts","  ","5291","2026-06-28T01:51:08.5567857Z","ec2b0d45ef66db73508eeb002edbf19af0b64e97979fa93e50946e028b05a8c6","e73c1564a9354d963285fe1d66452139fcfa3c73","ec2b0d45ef66db73508eeb002edbf19af0b64e97979fa93e50946e028b05a8c6","true"
"src/core/v2/lifecycle/timeline.ts","  ","2364","2026-06-28T01:51:08.5577888Z","e67a79ebac34c785e31bb3922cbba0ecc14ec6433e47eeb0da3105d2a48aeec5","099ee1a49103c2c04208ea58e86ac6d8f822bf41","e67a79ebac34c785e31bb3922cbba0ecc14ec6433e47eeb0da3105d2a48aeec5","true"
"src/core/v2/lifecycle/types.ts","  ","5789","2026-07-25T06:56:51.8174268Z","487d5c397d2da9995b805d82fba76b2fa1d85d572fc9c9c08c126ba8800f2988","a55e98b7c452bf57505b1c735c0292fc50bcccec","487d5c397d2da9995b805d82fba76b2fa1d85d572fc9c9c08c126ba8800f2988","true"
"src/core/v2/observers/command-runner.ts","  ","5710","2026-06-28T01:51:08.5607862Z","5619b8c129c01afa20dd640f2cf6ad7f20845a6d2de47bc91717f1b0e5945800","4dc56fec382213c655bb780e988574ce4fbe7ee0","5619b8c129c01afa20dd640f2cf6ad7f20845a6d2de47bc91717f1b0e5945800","true"
"src/core/v2/observers/endpoint-observer.ts","  ","3769","2026-06-28T01:51:08.5622959Z","0426cb5c0b5233af419afbf18028fb9d468eebba81c806c60b15edb8ae50689c","db9f6a39cb2af58de9870aee586f542a1843b5b4","0426cb5c0b5233af419afbf18028fb9d468eebba81c806c60b15edb8ae50689c","true"
"src/core/v2/observers/marker-observer.ts","  ","2138","2026-06-28T01:51:08.5632960Z","9edbfd864d0255ab476aa6e9b4b5880c4ffea8027b192346ca00bc37b06c343c","e35f2cebc195e7fa05af39b5d1486bd68c7ec4fa","9edbfd864d0255ab476aa6e9b4b5880c4ffea8027b192346ca00bc37b06c343c","true"
"src/core/v2/observers/process-observer.ts","  ","5406","2026-06-28T01:51:08.5642972Z","6b78a8541cbeea362bfb30f6d1e754aa357c576bd2233df64a053f9305dde00b","b16e57fb899641212305416029539d7a253a199e","6b78a8541cbeea362bfb30f6d1e754aa357c576bd2233df64a053f9305dde00b","true"
"src/core/v2/session-monitor.ts","  ","15059","2026-07-21T05:12:17.2620073Z","27331a17ce3d42a574843a9bcc85976592f4f6c85320a72c3aba0198aed3819f","c93f17f5f3e2e7150151a58f47526666b37fa117","27331a17ce3d42a574843a9bcc85976592f4f6c85320a72c3aba0198aed3819f","true"
"src/index.tsx"," M","883","2026-07-27T06:48:32.8658940Z","9fac87f6143b60941e46de73a56878c7b3398dae600c58b1448600fc4a102546","74d39b86a517014104e9eccccc3d1801973bbec5","9fac87f6143b60941e46de73a56878c7b3398dae600c58b1448600fc4a102546","true"
"src/shared/app-paths.ts","  ","2546","2026-07-23T04:22:03.9910453Z","63677c905251e0f31f90f1c73fb47e682b1ffa94ad5007cfaf758926d4548311","edb21a95c2cd7650dca5be2ea2e0dab3f30c46d6","63677c905251e0f31f90f1c73fb47e682b1ffa94ad5007cfaf758926d4548311","true"
"src/shared/constants/index.ts","  ","2919","2026-07-23T04:21:04.6650298Z","af94957687337e5fec8e66d360aecbf5cfac1842308e334786d4225f0646de8e","71a64ff1c0e26ad4d58a48039a020f8e36ec1ec2","af94957687337e5fec8e66d360aecbf5cfac1842308e334786d4225f0646de8e","true"
"src/shared/ids.ts","  ","346","2026-07-21T05:12:17.2670075Z","fa915d6483e898011c73c1d4c65a2c1fa4762fc011b462e77e5974ca82a22946","e3d7d2cd46f0a76e0b82a05eee42ec644bd4b428","fa915d6483e898011c73c1d4c65a2c1fa4762fc011b462e77e5974ca82a22946","true"
"src/shared/types/index.ts"," M","6180","2026-07-26T05:39:12.8651449Z","e05d276255e7ac8e838864193d1f8d3e90973b56cd50eb8077240f69831dec37","4589bd907516ae41602a45d67a7fbd98b3b53ec2","e05d276255e7ac8e838864193d1f8d3e90973b56cd50eb8077240f69831dec37","true"
"src/types/global.d.ts"," M","36287","2026-07-29T16:38:58.3687522Z","5181057041fc2b7bbf2265e7351838bd4b8aa2da3a7f7c7c25fb31e116c9ff47","c7a90072db2cfabdeb414b7c66775c4e803a0baa","5181057041fc2b7bbf2265e7351838bd4b8aa2da3a7f7c7c25fb31e116c9ff47","true"
"src/vite-env.d.ts","  ","38","2026-07-10T03:32:31.0942341Z","65996936fbb042915f7b74a200fcdde7e410f32a669b1ab9597cfaa4b0faddb5","11f02fe2a0061d6e6e1f271b21da95423b448b32","65996936fbb042915f7b74a200fcdde7e410f32a669b1ab9597cfaa4b0faddb5","true"
"tests/accessibility.e2e.test.ts","  ","11468","2026-07-12T14:58:06.6417340Z","0ca9dd50960bd284a078eb073cbb4d987d14ffeffc0ed03c2109a9bd9128fba4","71e7b9b8e52dcb6bac67bbc2d5bf51a8dd9e56f9","0ca9dd50960bd284a078eb073cbb4d987d14ffeffc0ed03c2109a9bd9128fba4","true"
"tests/add-game-integration.test.ts","??","5393","2026-07-28T03:58:41.6434553Z","703d1690eabd956c6bea9d7ef90a9646669fad53b123be2d3da674dda9eb0998","","703d1690eabd956c6bea9d7ef90a9646669fad53b123be2d3da674dda9eb0998","true"
"tests/aob-parser.test.ts","  ","3503","2026-07-21T05:12:17.2720076Z","b59c93ffdc97779929161e91149ffbc1a7c6b5c4447319ddf78ed1e273a9931a","8a23b0bab68a3df749c14d3d16e6628aa7a3d178","b59c93ffdc97779929161e91149ffbc1a7c6b5c4447319ddf78ed1e273a9931a","true"
"tests/aob-repair-analyzer.test.ts","  ","7033","2026-07-23T20:13:08.0564263Z","f2d5293f8ce996962c7db3f359474719a4b07fd01253d23817aa28bcd40adf75","314990e428e0b1006bce219355058cfe22c81b31","f2d5293f8ce996962c7db3f359474719a4b07fd01253d23817aa28bcd40adf75","true"
"tests/backups-dashboard.test.ts","  ","1776","2026-07-05T10:04:00.2637077Z","511a68918b778eedb1b434525c1b83bf5f7507d394e5ae9a93cddb1c26e460c8","477b1dd0b1110face82f407d97ed6be3745c93df","511a68918b778eedb1b434525c1b83bf5f7507d394e5ae9a93cddb1c26e460c8","true"
"tests/backups/avowed-wingdk.test.ts","  ","5288","2026-07-21T05:12:17.2740079Z","eeb73253b2d85eece472e192ed530deda4d73194117f7accaba0a8c301af534b","86884085b3dd18021bff3631d6e981c89ad9a18f","eeb73253b2d85eece472e192ed530deda4d73194117f7accaba0a8c301af534b","true"
"tests/binary-field-proposal.test.ts","  ","793","2026-07-12T14:40:03.3210248Z","06c95397992570b2327ab1866cae05f88d0602a42f26111bda66f44732ba9f42","fad645248a393fd8f98252055fedaf87b61b4131","06c95397992570b2327ab1866cae05f88d0602a42f26111bda66f44732ba9f42","true"
"tests/binary-save-field.test.ts","  ","1952","2026-07-12T14:13:54.8754242Z","a211f3cd4ffccbdb2e5021d39e67232eeb590f1a3e77d4220d9ab57d28affa3e","8c4d0716d892b7e4091d01ca01974ce29ef1e049","a211f3cd4ffccbdb2e5021d39e67232eeb590f1a3e77d4220d9ab57d28affa3e","true"
"tests/binary-save-formats.test.ts","  ","1428","2026-07-12T14:40:15.7587542Z","e3c1649e925bbb82fc0544dfc775e2fa20a6f7b1889d33f5df376e3d1cf9373a","3f9dbe506bbc51fbdf23a4ee88330bad16ad581e","e3c1649e925bbb82fc0544dfc775e2fa20a6f7b1889d33f5df376e3d1cf9373a","true"
"tests/binary-save-research.test.ts","  ","1192","2026-07-15T15:06:12.2289389Z","8995c07bb3502221a0bce55c7b46a3407d48d3e3c32f31ff9a5c3455e0e57cf3","4d78e64074537f7c054495acac2d29c1d11446bd","8995c07bb3502221a0bce55c7b46a3407d48d3e3c32f31ff9a5c3455e0e57cf3","true"
"tests/browser-fallback.e2e.test.ts","  ","8216","2026-06-26T02:39:03.3014017Z","8cbfe763959f0f6290982e89f09103e96e17ebee95c6f2b7f9b6bd1002ae2ee4","37de77426efee9853286ca36172aeb8377ac9dce","8cbfe763959f0f6290982e89f09103e96e17ebee95c6f2b7f9b6bd1002ae2ee4","true"
"tests/bundled-definition-seed.test.ts","  ","3909","2026-07-21T05:12:17.2760078Z","4dceb419110b177b04da80b607527280abdb6b8494340e6bd3775db744701c8a","e1182757b466d45a94e89a36c9121bafc572908f","4dceb419110b177b04da80b607527280abdb6b8494340e6bd3775db744701c8a","true"
"tests/catalog-definition-export.test.ts","  ","1649","2026-07-12T08:14:21.7987975Z","88b0b5f354d180259b3be5bfc0d35bef42ae19f01cc96772e9a3a2c8b091bca9","bb742841f54badcf2098830c3aa0dc3d7186f08d","88b0b5f354d180259b3be5bfc0d35bef42ae19f01cc96772e9a3a2c8b091bca9","true"
"tests/catalog-demand.test.ts","  ","1026","2026-07-13T05:53:56.7346152Z","f51d73e855d3a2b659bf63e80be1f3ec746157a247bc1748100180e401424ea4","5e9866c30a06921a81f79651907db9b1f1874365","f51d73e855d3a2b659bf63e80be1f3ec746157a247bc1748100180e401424ea4","true"
"tests/ce-enrichment.test.ts","  ","2102","2026-07-21T05:12:17.2780079Z","befabc27150e8724ffcb15bf2719b580538f55ca532e9c6371df3913dcb00ace","dfad081b7f1aea0379ddcbebec80f6b56e95c206","befabc27150e8724ffcb15bf2719b580538f55ca532e9c6371df3913dcb00ace","true"
"tests/cheat-hotkey-slots.test.ts","  ","800","2026-07-12T01:57:07.9517936Z","c651002fb869d366961ade0d8a258b8dd07d5650bbb0b15d7bab54bfde5d091b","cca271f81b27e836c5a4b80bdc90fac127035e61","c651002fb869d366961ade0d8a258b8dd07d5650bbb0b15d7bab54bfde5d091b","true"
"tests/cheat-toggle-store.test.ts","  ","11776","2026-07-09T18:10:31.8413391Z","eb80aebd802ed960783364e847195307e44b8f284a4b2ee729a3cc1da2c6385e","069d11f776b2ea562908745aceaab1f27e2469ed","eb80aebd802ed960783364e847195307e44b8f284a4b2ee729a3cc1da2c6385e","true"
"tests/command-runner.test.ts","  ","12591","2026-06-28T01:51:08.5682980Z","3ec1666fa2b512e775546280883edeb44cd8e3c04beece4b50432f71776d5c3f","cb0e5e57217f6f80280de38a2f0cc714b6d48fd3","3ec1666fa2b512e775546280883edeb44cd8e3c04beece4b50432f71776d5c3f","true"
"tests/community-sync-orchestrator.test.ts","  ","4600","2026-07-25T00:16:53.9440813Z","3f542871b38ff26d5c61741907dd2908a3da4ace0540f2c5aa30b7a874c9cd3a","62a2e61bb081625078a880f97aca26446bbe372f","3f542871b38ff26d5c61741907dd2908a3da4ace0540f2c5aa30b7a874c9cd3a","true"
"tests/community-trust.test.ts","  ","3256","2026-07-23T00:36:06.7997497Z","152f4d10c80f26c7a5aa4f216be7c634f66b072e4eed70cc8df2d1c41e1750ba","608ecf7234c853b272083f942ac5e4377e8ab075","152f4d10c80f26c7a5aa4f216be7c634f66b072e4eed70cc8df2d1c41e1750ba","true"
"tests/companion-wisp.test.ts"," M","5004","2026-07-28T08:55:14.7247755Z","b726721b06b9b406db063e65ee7e1301af9d7adb3aaf8a7933f8988f31dd0cee","9f9dddca24b631b070efaa94a4dfaae5a7bbb2bc","b726721b06b9b406db063e65ee7e1301af9d7adb3aaf8a7933f8988f31dd0cee","true"
"tests/consent-write-artifact.test.ts","  ","2956","2026-07-26T01:34:02.9651539Z","8bcecbe7a7dd1370375d7bc108e881b436eaa96e39c0a871aa0ca56aab5da10c","913ee51e5c4400ecbd697b508924da952c3903e4","8bcecbe7a7dd1370375d7bc108e881b436eaa96e39c0a871aa0ca56aab5da10c","true"
"tests/core.test.ts","  ","8224","2026-07-21T05:12:17.2830112Z","c42297280acb44f5c51f72bbf09bf21f79dc25b4a3889c66e0846435c98f14b4","a478bf63ca4f4661d19986c1f54cab4fa3475ed2","c42297280acb44f5c51f72bbf09bf21f79dc25b4a3889c66e0846435c98f14b4","true"
"tests/csp-static.test.ts"," M","5282","2026-07-27T06:48:37.7856817Z","5cb9693fb81e800b9025dd9763c3bfc83df83dca84da3de239786218b451e758","e0d9b39edcde7f802e011b357a49747a5e0a8c84","5cb9693fb81e800b9025dd9763c3bfc83df83dca84da3de239786218b451e758","true"
"tests/ct-compiler.test.ts","  ","5537","2026-07-21T05:12:17.2850104Z","590702d4f6e4e68afc3f0af99c66c46f056512b931b5cc3fad61a8c9e8a41934","5cfa51b109278fec1c13d0d681c0fecd11fa6c37","590702d4f6e4e68afc3f0af99c66c46f056512b931b5cc3fad61a8c9e8a41934","true"
"tests/ct-import-state.test.ts","  ","2015","2026-07-23T02:11:10.5681766Z","f7e9ccb2d3bb7e44f947b0d647f768aed47de9f128c339e9a5aed3a73f08f424","63bce0af07e145c954f31846d0f72ab77133968a","f7e9ccb2d3bb7e44f947b0d647f768aed47de9f128c339e9a5aed3a73f08f424","true"
"tests/ct-import.test.ts","  ","2465","2026-07-12T14:40:44.8098870Z","2893e8620562e19466b6c2c85b5a31acc5e9c3fc69096676706900a3af310828","3746ea1a1a64f9ab3a8936d8887fae154cfc3eb7","2893e8620562e19466b6c2c85b5a31acc5e9c3fc69096676706900a3af310828","true"
"tests/ct-library-search.test.ts","  ","6041","2026-07-22T06:48:06.6815291Z","23b63df9789a78249ab0ba0568834150c5ac424cbb619e8a23514745d84fb6af","d204fc5721f6f6fc5f0c7663a0f54243b53ba2ad","23b63df9789a78249ab0ba0568834150c5ac424cbb619e8a23514745d84fb6af","true"
"tests/ct-library.test.ts","  ","5355","2026-07-23T02:11:39.1400728Z","90f10f6070115c6332e6d2a21657472e2db18a206d61fdf157c105ef0dfc1fec","83c2b04e6c3d43d503ae526d88f091c49d9926fb","90f10f6070115c6332e6d2a21657472e2db18a206d61fdf157c105ef0dfc1fec","true"
"tests/ct-metadata.test.ts","  ","1747","2026-07-13T05:53:56.7356152Z","1a86edca1cfecf3532870a885b48da8e5d0b1ecc70a807a1830f5ae9e092f168","c721bb79ab0ce0a81ec6cfe1d0deec1ccb4274d4","1a86edca1cfecf3532870a885b48da8e5d0b1ecc70a807a1830f5ae9e092f168","true"
"tests/ct-preview-receipt.test.ts","??","2405","2026-07-28T08:56:59.5176134Z","4cc29709ba71ce2014f8a1e980d2915abd834c37a1373ab995f5728f73759466","","4cc29709ba71ce2014f8a1e980d2915abd834c37a1373ab995f5728f73759466","true"
"tests/ct-registry.test.ts","  ","8667","2026-07-22T20:12:37.9810228Z","9838390f51ac1d60239c12d101482a52d4bac91a7e67a6d6ba376244182c8d1c","d1972ef1e130860661b5882aebeebcc3edc82d8d","9838390f51ac1d60239c12d101482a52d4bac91a7e67a6d6ba376244182c8d1c","true"
"tests/ct-zip-electron-bridge.test.ts","  ","5451","2026-07-28T07:17:23.2868494Z","d9951688aa67625b83647bbde9ee89935ab43d4ee6b3d629c708a51ad8f33077","9534b847b99154bbaf4e30455c4040e61ddae92d","d9951688aa67625b83647bbde9ee89935ab43d4ee6b3d629c708a51ad8f33077","true"
"tests/definitions-compile.v1.test.ts","  ","3407","2026-07-11T23:21:44.6122213Z","651ddb762fdbd79965f03c47feb849c91df8aad3238ea37cc72082c5e88dc91c","4f757aaae3686f4c57e6b8fe6392e9e1d23ad9f1","651ddb762fdbd79965f03c47feb849c91df8aad3238ea37cc72082c5e88dc91c","true"
"tests/definitions-export.v1.test.ts","  ","4203","2026-07-11T23:15:27.0726098Z","2c2b719b36f7e81b9086ee9da241dd4e1def5228adf5e83deeb7e2c6bfb4cc87","a6c2e8b72a3789a6902ecc5184bfe8b92e89f404","2c2b719b36f7e81b9086ee9da241dd4e1def5228adf5e83deeb7e2c6bfb4cc87","true"
"tests/definitions-schema.v1.test.ts","  ","4718","2026-07-11T10:48:49.2388977Z","e591980ad8af6c447e891efe4a2b0ea4c12a647479c41159c3cc3e9400477932","c5529967e7a2f755133840026a17400373aa5e60","e591980ad8af6c447e891efe4a2b0ea4c12a647479c41159c3cc3e9400477932","true"
"tests/definitions-trainer-controls.v1.test.ts","  ","3844","2026-07-16T16:39:27.0815624Z","dc70901610142231fef635b4ad1abb403d1a3b74b0fd87bcf679539bfeff0d14","df979aaca863b9252053e07552085d2db0283caa","dc70901610142231fef635b4ad1abb403d1a3b74b0fd87bcf679539bfeff0d14","true"
"tests/delete-game.test.ts","  ","4180","2026-07-21T05:12:17.2920113Z","d5f1881894a0c0a2ccc60bf57122999512aa68295bfaf0c2120e5c3621e4e0ac","4d9fe16c8da920e21a04e448ecc7b40013da52ae","d5f1881894a0c0a2ccc60bf57122999512aa68295bfaf0c2120e5c3621e4e0ac","true"
"tests/delta-engine.test.ts","  ","5598","2026-07-22T23:32:06.0374798Z","b270cf241f8f77dfa0badf01d4918c863bec81e07d594d55c47818d3524de96f","9488f4c33bf5dfec7d302c59b3a96cf22ba61f3c","b270cf241f8f77dfa0badf01d4918c863bec81e07d594d55c47818d3524de96f","true"
"tests/dependency-security-overrides.test.ts","  ","1157","2026-07-25T07:41:27.7327042Z","801f5861cb3d5ac2a30446e1b4ce8d6073a96e9ea9eddb8e8e37effc26e7e33f","49ddd9b308d167894f04d49d1439816f14690f11","801f5861cb3d5ac2a30446e1b4ce8d6073a96e9ea9eddb8e8e37effc26e7e33f","true"
"tests/discovery.test.ts","  ","16185","2026-07-21T05:12:17.2940109Z","6af1dd0dc8129c7215b1f1c48a60e49dd4a549ad17e578c668f3b9fdfaea8415","27f063a9b14ad90ed99b2cccfa2420dac1b4c62c","6af1dd0dc8129c7215b1f1c48a60e49dd4a549ad17e578c668f3b9fdfaea8415","true"
"tests/drill-core-settings.test.ts","  ","14499","2026-07-25T06:55:44.5547496Z","9b7938de9553bebc1760e0a3ca1a840473cf677eac5fb1ceeff6c3f6ad25468e","e9d955e818b5df87123f5a46c9eefbf56b6334d4","9b7938de9553bebc1760e0a3ca1a840473cf677eac5fb1ceeff6c3f6ad25468e","true"
"tests/electron-boundary-static.test.ts","  ","2752","2026-07-22T06:48:24.5297108Z","cd225a1bd734fcd4275214e8e0ccb8d950356d7673d8a03cb0239b57fdf70735","5f8fb686c7d232be92762aa2403fb2b7d4e39727","cd225a1bd734fcd4275214e8e0ccb8d950356d7673d8a03cb0239b57fdf70735","true"
"tests/electron-consent-boundary.e2e.test.ts","  ","25140","2026-07-26T01:58:42.4551528Z","ff93e3b1153b98b5f06998c97ebb1393210eb3da78c783a1858220983be81cbc","335dce02885b2a46c1da7964b7ef92745bf25e93","ff93e3b1153b98b5f06998c97ebb1393210eb3da78c783a1858220983be81cbc","true"
"tests/electron.e2e.test.ts","  ","22102","2026-07-25T06:55:44.5662544Z","753131144d7b2f15cc2b62fbd3a8f255501b56b9117a80a8931b7cea488a2d75","20456a5f9b1fefad90d9805fb1a3af447016678b","753131144d7b2f15cc2b62fbd3a8f255501b56b9117a80a8931b7cea488a2d75","true"
"tests/electron.smoke.test.ts","  ","3876","2026-07-21T05:12:17.2985174Z","a1460da57355f0a69bd49cf2ebc30492a42ac13b4b81778d7643821547d29039","535ef4c3a92540d0f74f452430b8a22035f2c7e7","a1460da57355f0a69bd49cf2ebc30492a42ac13b4b81778d7643821547d29039","true"
"tests/failure-injection.test.ts","  ","14259","2026-07-21T05:12:17.2995164Z","8590b8dcfaa96bbc7024aa3569fc8f066ffd85d68ddef3c71f2c221792c04b6f","24b640de4f480a13e14f947cd25b25935cf4d4b1","8590b8dcfaa96bbc7024aa3569fc8f066ffd85d68ddef3c71f2c221792c04b6f","true"
"tests/feature-candidates.test.ts","  ","3276","2026-07-21T05:12:17.3025157Z","c291201d051d94ba9c4bd1dacab5a001ac6a57acf31b9a21fcb065c737046ecd","b57fbf464acedc3e6803b28ee46e84aa9eeb586e","c291201d051d94ba9c4bd1dacab5a001ac6a57acf31b9a21fcb065c737046ecd","true"
"tests/fixtures/discovery-test/game/player_save.json","  ","32","2026-06-22T19:57:40.1149604Z","269cb1a4e497525453ca71f6b840bfa855ae716d4068c6abafd41754fcc82e55","bc0a5e65c0dff5f768d7c730b89104ec6b7be9c6","269cb1a4e497525453ca71f6b840bfa855ae716d4068c6abafd41754fcc82e55","true"
"tests/fixtures/drill-core-settings.fixture.json","  ","93","2026-06-28T01:51:08.5718245Z","52002bad79bb271df5dc62407284fdc63d063b42f1c16eb4dbff352dd906fe06","c4dfff987d5551eb8f015e261b3204ee05d89cda","52002bad79bb271df5dc62407284fdc63d063b42f1c16eb4dbff352dd906fe06","true"
"tests/fixtures/epic-game/Hades2.bin","  ","0","2026-07-20T04:09:16.5479485Z","e3b0c44298fc1c149afbf4c8996fb92427ae41e4649b934ca495991b7852b855","e69de29bb2d1d6434b8b29ae775ad8c2e48c5391","e3b0c44298fc1c149afbf4c8996fb92427ae41e4649b934ca495991b7852b855","true"
"tests/fixtures/epic-manifests/Hades2.item","  ","153","2026-07-21T05:12:17.3035159Z","ae66a630110072245f6fd90af881f94a942348822c7f51d55cf39730a363bb7e","0d8c0dc0ba0af79ab5ee2ff41cbdf3cacf2a8d60","ae66a630110072245f6fd90af881f94a942348822c7f51d55cf39730a363bb7e","true"
"tests/fixtures/fake-memory-driver.ts"," M","12599","2026-07-28T21:52:31.5339258Z","aa21765d1b47a4cdaf9120608ff1caf74015d5a381c9c4823b3d51a7eeb8df7a","3c4a89dbb0cc2b32693adafb6f9c6461c7fdccad","aa21765d1b47a4cdaf9120608ff1caf74015d5a381c9c4823b3d51a7eeb8df7a","true"
"tests/fixtures/gate2-2-memory-fixture/bin/Release/net9.0/Gate2_2Fixture.deps.json","??","434","2026-07-29T03:18:48.7745146Z","00fab3e173d565c50c2dbf2714f02f06d94926e0466ad91fb234e6f7dc375a48","","00fab3e173d565c50c2dbf2714f02f06d94926e0466ad91fb234e6f7dc375a48","true"
"tests/fixtures/gate2-2-memory-fixture/bin/Release/net9.0/Gate2_2Fixture.dll","??","6144","2026-07-29T15:04:40.4302694Z","a38cd95af5ec7867c275604fa076e996c2350eaf1cbd4ea15fc2f24e6354893f","","a38cd95af5ec7867c275604fa076e996c2350eaf1cbd4ea15fc2f24e6354893f","true"
"tests/fixtures/gate2-2-memory-fixture/bin/Release/net9.0/Gate2_2Fixture.pdb","??","11244","2026-07-29T15:04:40.4262685Z","92a0ac80a22aea5a8fb351ca87f696a8383a3476c3b0ddc814f2f0caebf9dab3","","92a0ac80a22aea5a8fb351ca87f696a8383a3476c3b0ddc814f2f0caebf9dab3","true"
"tests/fixtures/gate2-2-memory-fixture/bin/Release/net9.0/Gate2_2Fixture.runtimeconfig.json","??","447","2026-07-29T03:18:48.7845134Z","86f305aced9638bcf63e9ed062b33bd4b51ede05e37bbdec2ea3eb782a606483","","86f305aced9638bcf63e9ed062b33bd4b51ede05e37bbdec2ea3eb782a606483","true"
"tests/fixtures/gate2-2-memory-fixture/Gate2_2Fixture.csproj","??","379","2026-07-29T03:18:08.2687278Z","01bd5d3175055bd1581c7a153cf6eae6f5015dc2d75ad9336d33e343963708d1","","01bd5d3175055bd1581c7a153cf6eae6f5015dc2d75ad9336d33e343963708d1","true"
"tests/fixtures/gate2-2-memory-fixture/obj/Gate2_2Fixture.csproj.nuget.dgspec.json","??","2594","2026-07-29T03:18:46.0208305Z","40dca75249c2ab5c034909627ec6223abfb7127aa7e12cfe39273040869f12e5","","40dca75249c2ab5c034909627ec6223abfb7127aa7e12cfe39273040869f12e5","true"
"tests/fixtures/gate2-2-memory-fixture/obj/Gate2_2Fixture.csproj.nuget.g.props","??","1251","2026-07-29T03:18:45.9717978Z","f3842527f7bb367cd6492a14fb1d30387b57f8165bb4056e0651fc862f3a3dbe","","f3842527f7bb367cd6492a14fb1d30387b57f8165bb4056e0651fc862f3a3dbe","true"
"tests/fixtures/gate2-2-memory-fixture/obj/Gate2_2Fixture.csproj.nuget.g.targets","??","150","2026-07-29T03:18:45.9737997Z","971cc9b535384849b5c661d776cd7a80833a416265e32e8968e06c367368b8b5","","971cc9b535384849b5c661d776cd7a80833a416265e32e8968e06c367368b8b5","true"
"tests/fixtures/gate2-2-memory-fixture/obj/project.assets.json","??","2488","2026-07-29T03:18:45.9778058Z","aedbe0701600da9b583e5ae74bf24908eeb45516a83aea1e06a19b181ad72632","","aedbe0701600da9b583e5ae74bf24908eeb45516a83aea1e06a19b181ad72632","true"
"tests/fixtures/gate2-2-memory-fixture/obj/project.nuget.cache","??","236","2026-07-29T03:18:46.0178288Z","ca7add8b6334f4e8ba70a6ec7ffb78e141b77edde9c4ac5a113aaa56159e07d2","","ca7add8b6334f4e8ba70a6ec7ffb78e141b77edde9c4ac5a113aaa56159e07d2","true"
"tests/fixtures/gate2-2-memory-fixture/obj/Release/net9.0/.NETCoreApp,Version=v9.0.AssemblyAttributes.cs","??","198","2026-07-29T03:18:46.2394186Z","9e76499c4e5cb623ad4889eaa99b1a53d9c970efcf902d8b096e78a19ee4285d","","9e76499c4e5cb623ad4889eaa99b1a53d9c970efcf902d8b096e78a19ee4285d","true"
"tests/fixtures/gate2-2-memory-fixture/obj/Release/net9.0/Gate2_2Fixture.AssemblyInfo.cs","??","1018","2026-07-29T03:18:46.3534768Z","b2e143822514f14820f8af2f5fc3b4c00ae5372feee3d1abd947a93b36264281","","b2e143822514f14820f8af2f5fc3b4c00ae5372feee3d1abd947a93b36264281","true"
"tests/fixtures/gate2-2-memory-fixture/obj/Release/net9.0/Gate2_2Fixture.AssemblyInfoInputs.cache","??","66","2026-07-29T03:18:46.2934414Z","b5a294c0d97a535a2fe9d60d3f766b6006dc14a3eb0325cb733d66094932aa12","","b5a294c0d97a535a2fe9d60d3f766b6006dc14a3eb0325cb733d66094932aa12","true"
"tests/fixtures/gate2-2-memory-fixture/obj/Release/net9.0/Gate2_2Fixture.assets.cache","??","198","2026-07-29T03:18:46.1913976Z","46df66d1898edefb7231464547c7f2f3615184ddae38ead10b4ba9ae4ace1f4b","","46df66d1898edefb7231464547c7f2f3615184ddae38ead10b4ba9ae4ace1f4b","true"
"tests/fixtures/gate2-2-memory-fixture/obj/Release/net9.0/Gate2_2Fixture.csproj.CoreCompileInputs.cache","??","66","2026-07-29T03:18:46.3554767Z","d1e1cdebce820d649c73367ae6f4f21a8b21e9dcfb91c24064d70f89fb54a564","","d1e1cdebce820d649c73367ae6f4f21a8b21e9dcfb91c24064d70f89fb54a564","true"
"tests/fixtures/gate2-2-memory-fixture/obj/Release/net9.0/Gate2_2Fixture.csproj.FileListAbsolute.txt","??","1706","2026-07-29T03:18:48.7910186Z","bc7c3877c7b834c875a53d50aa8d970a429b8efeecc1ea94181f8ecadb365f79","","bc7c3877c7b834c875a53d50aa8d970a429b8efeecc1ea94181f8ecadb365f79","true"
"tests/fixtures/gate2-2-memory-fixture/obj/Release/net9.0/Gate2_2Fixture.dll","??","6144","2026-07-29T15:04:40.4302694Z","a38cd95af5ec7867c275604fa076e996c2350eaf1cbd4ea15fc2f24e6354893f","","a38cd95af5ec7867c275604fa076e996c2350eaf1cbd4ea15fc2f24e6354893f","true"
"tests/fixtures/gate2-2-memory-fixture/obj/Release/net9.0/Gate2_2Fixture.GeneratedMSBuildEditorConfig.editorconfig","??","713","2026-07-29T03:18:46.2379124Z","653acc5681947ef7aaffd31245d204d2527fa3b96b605ccb153b26ad8567a015","","653acc5681947ef7aaffd31245d204d2527fa3b96b605ccb153b26ad8567a015","true"
"tests/fixtures/gate2-2-memory-fixture/obj/Release/net9.0/Gate2_2Fixture.genruntimeconfig.cache","??","66","2026-07-29T03:18:48.7765121Z","34b4a083d4eb2ffcdfe672cf82d493b3f2ccfb588f18b8567fc99ecd99d3ec61","","34b4a083d4eb2ffcdfe672cf82d493b3f2ccfb588f18b8567fc99ecd99d3ec61","true"
"tests/fixtures/gate2-2-memory-fixture/obj/Release/net9.0/Gate2_2Fixture.GlobalUsings.g.cs","??","295","2026-07-29T03:18:46.1593778Z","f3f134e9e825e3e7268090f58b1af2bda2de513f61a09c56f48b9b8d08612abc","","f3f134e9e825e3e7268090f58b1af2bda2de513f61a09c56f48b9b8d08612abc","true"
"tests/fixtures/gate2-2-memory-fixture/obj/Release/net9.0/Gate2_2Fixture.pdb","??","11244","2026-07-29T15:04:40.4262685Z","92a0ac80a22aea5a8fb351ca87f696a8383a3476c3b0ddc814f2f0caebf9dab3","","92a0ac80a22aea5a8fb351ca87f696a8383a3476c3b0ddc814f2f0caebf9dab3","true"
"tests/fixtures/gate2-2-memory-fixture/obj/Release/net9.0/Gate2_2Fixture.sourcelink.json","??","145","2026-07-29T03:18:46.3684774Z","56d1b5d43ea1e46c8492d12d9bc026004493f93bde4f08427500f00176df0646","","56d1b5d43ea1e46c8492d12d9bc026004493f93bde4f08427500f00176df0646","true"
"tests/fixtures/gate2-2-memory-fixture/obj/Release/net9.0/ref/Gate2_2Fixture.dll","??","5632","2026-07-29T03:18:48.7069808Z","801fee9c2d7e7ef3e9e4bdb8a90464946e78cbeeefa6aa36e116afb602a50103","","801fee9c2d7e7ef3e9e4bdb8a90464946e78cbeeefa6aa36e116afb602a50103","true"
"tests/fixtures/gate2-2-memory-fixture/obj/Release/net9.0/refint/Gate2_2Fixture.dll","??","5632","2026-07-29T15:04:40.4412696Z","801fee9c2d7e7ef3e9e4bdb8a90464946e78cbeeefa6aa36e116afb602a50103","","801fee9c2d7e7ef3e9e4bdb8a90464946e78cbeeefa6aa36e116afb602a50103","true"
"tests/fixtures/gate2-2-memory-fixture/Program.cs","??","3745","2026-07-29T15:04:35.1012382Z","f555fc19d934d509e85e77195fe0ca759154dae76fd19213bbbd6868b3a0336a","","f555fc19d934d509e85e77195fe0ca759154dae76fd19213bbbd6868b3a0336a","true"
"tests/fixtures/gog-game/DemoGame.bin","  ","0","2026-07-20T04:09:16.5534529Z","e3b0c44298fc1c149afbf4c8996fb92427ae41e4649b934ca495991b7852b855","e69de29bb2d1d6434b8b29ae775ad8c2e48c5391","e3b0c44298fc1c149afbf4c8996fb92427ae41e4649b934ca495991b7852b855","true"
"tests/fixtures/gog-games.json","  ","115","2026-07-21T05:12:17.3055154Z","f9f36e934929af1205d185938f315614bb834e00982c3b4b0f07bd3060b7774b","c7350e1e356ae5a434ab8a6a472567cb6ce51a70","f9f36e934929af1205d185938f315614bb834e00982c3b4b0f07bd3060b7774b","true"
"tests/fixtures/parsers/binary/after.dat","  ","13","2026-07-29T17:21:48.1454138Z","28f72b16d676660094875cc29c86f20972390eae02dde139a03c2cf6b084a0cb","7123adc460d9f8f9be910ccf864f28abf542629f","28f72b16d676660094875cc29c86f20972390eae02dde139a03c2cf6b084a0cb","true"
"tests/fixtures/parsers/binary/before.dat","  ","13","2026-07-29T17:21:48.1454138Z","25c95b02414c1ca7ebce0c076891d67ca3ea7df8683af856e33ad791424fe3e3","eb91bb2a10b2eaead1418b2c1109eea5d0d637d4","25c95b02414c1ca7ebce0c076891d67ca3ea7df8683af856e33ad791424fe3e3","true"
"tests/fixtures/parsers/csv/multiline/multiline.csv","  ","35","2026-07-29T17:21:48.1404136Z","9a62fdb8de79ac67d2ccce36ca9bae0d441092ca6e92f4bdb9bcb9d0751b455c","65400b6e7f2e04ed3cab57b2a028d8693ac1e86a","9a62fdb8de79ac67d2ccce36ca9bae0d441092ca6e92f4bdb9bcb9d0751b455c","true"
"tests/fixtures/parsers/csv/quoted/quoted.csv","  ","45","2026-07-29T17:21:48.1394126Z","cf77c1ec81d0b792ffd3d0868eb91b315992a0233117772baba5032d6fbf5e03","6645387be2523c9a783792e0fba17e92279ad0cd","cf77c1ec81d0b792ffd3d0868eb91b315992a0233117772baba5032d6fbf5e03","true"
"tests/fixtures/parsers/csv/valid/weapons.csv","  ","36","2026-07-29T17:21:48.1369036Z","4e0956b9fa463d7d10ad3aef6213abd1092dbe7eca63f591cdcc62739d6ba92f","da0acf2371da2da02e16e4d02a864e3373400f10","4e0956b9fa463d7d10ad3aef6213abd1092dbe7eca63f591cdcc62739d6ba92f","true"
"tests/fixtures/parsers/ini/comments/comments.ini","  ","43","2026-07-29T17:21:48.1309053Z","22adf3dc4924a2d0e3de60864fa906001a87998dfedee141c9575bde1022aad6","d6d3e05881202483a82034b0c0264e61fd4fc2bd","22adf3dc4924a2d0e3de60864fa906001a87998dfedee141c9575bde1022aad6","true"
"tests/fixtures/parsers/ini/duplicates/dupes.ini","  ","23","2026-07-29T17:21:48.1299064Z","92926f8742416e7bbc22d2d7a91c235346d6ac6a23f89625d37320099fc6a5f9","ddb03469be4adf4362c64e1b1f366301ddfdb5f9","92926f8742416e7bbc22d2d7a91c235346d6ac6a23f89625d37320099fc6a5f9","true"
"tests/fixtures/parsers/ini/valid/settings.ini","  ","25","2026-07-29T17:21:48.1289054Z","53950e5c7a1cd7172324fd709b27eaf41891efe7be22d67e84714736ae899c39","1da34f177fec27da22f6989abd4f9f9c2498bc08","53950e5c7a1cd7172324fd709b27eaf41891efe7be22d67e84714736ae899c39","true"
"tests/fixtures/parsers/json/bom/bom.json","  ","24","2026-07-29T17:21:48.1259045Z","ed36e3e28acf00941e545f40ce428c810d5a3ae93641114bce5321087ea1d1cc","8b8a6fa7003eed9db5042e4df5c0b7c1f7ca5bf2","ed36e3e28acf00941e545f40ce428c810d5a3ae93641114bce5321087ea1d1cc","true"
"tests/fixtures/parsers/json/comments/comments.json","  ","36","2026-07-29T17:21:48.1269048Z","353741be6f3ce46fcb77c579df75c7666a557f03ccfab1f4a340e291db97d22d","4c39c2250d69c8e83f09c57fa5f883ed0660880e","353741be6f3ce46fcb77c579df75c7666a557f03ccfab1f4a340e291db97d22d","true"
"tests/fixtures/parsers/json/invalid/bad.json","  ","13","2026-07-29T17:21:48.1279048Z","c0529923fab3a06b01c812dc286f9aae1743852387a8b0d618fb96c5aa85a7df","7dfb59f6aff0b4ab45896a67e1632996c0a449e3","c0529923fab3a06b01c812dc286f9aae1743852387a8b0d618fb96c5aa85a7df","true"
"tests/fixtures/parsers/json/valid/save.json","  ","52","2026-07-29T17:21:48.1239043Z","ed48b993296be4ec2464a32b91e4f16a077e79ba5b08bf7d3b07fee34d6a1597","bd6e0a5f9ec650364ca1e662466b6bced371324f","ed48b993296be4ec2464a32b91e4f16a077e79ba5b08bf7d3b07fee34d6a1597","true"
"tests/fixtures/parsers/lua/safe/table.lua","  ","37","2026-07-29T17:21:48.1424135Z","675e82072a0acdd25b70d5c0abd971822263fc51b2263f47df73c81cc03dff9d","478542433d837e6b2ca0dd461c24d619061cac9e","675e82072a0acdd25b70d5c0abd971822263fc51b2263f47df73c81cc03dff9d","true"
"tests/fixtures/parsers/lua/unsupported/dynamic.lua","  ","57","2026-07-29T17:21:48.1444138Z","9c8be543bf2f5745775569c312d344f1e2539b0fd3bb4803e73bbb558d060c0f","197c275639c2d8059869794591d0d3d6da9ed00c","9c8be543bf2f5745775569c312d344f1e2539b0fd3bb4803e73bbb558d060c0f","true"
"tests/fixtures/parsers/text/stats.txt","  ","21","2026-07-29T17:21:48.1414130Z","20a6e0f852a2d4d18fae121295e38ef822ee239b6ab63a761add5b9f33fc0d26","3a8cf184a35c05f4fbe9504b865fce81511885e1","20a6e0f852a2d4d18fae121295e38ef822ee239b6ab63a761add5b9f33fc0d26","true"
"tests/fixtures/parsers/tsv/items.tsv","  ","17","2026-07-29T17:21:48.1414130Z","f827f9c8f64822cc103b5f99b5a3174da52c09944acab242c41ae9a3635eedd8","2a15413947b50400ac6dec572db0adcd8f4faab4","f827f9c8f64822cc103b5f99b5a3174da52c09944acab242c41ae9a3635eedd8","true"
"tests/fixtures/parsers/xml/malicious/bomb.xml","  ","92","2026-07-29T17:21:48.1359037Z","5e5e5cdf8d24ac189b794c2874c9cf8f2470628dd0ac4cfaa8e7e36fd53f4603","39737932527fa744f4ebb38fbf2ea586733fb5eb","5e5e5cdf8d24ac189b794c2874c9cf8f2470628dd0ac4cfaa8e7e36fd53f4603","true"
"tests/fixtures/parsers/xml/malicious/xxe.xml","  ","80","2026-07-29T17:21:48.1349045Z","2917ef1fcce5eb7dbf5b217098e702d04d3e1012db8ad740245703dcad51f9c8","b3437eb5893f4e26450dd53758947f4221e2e711","2917ef1fcce5eb7dbf5b217098e702d04d3e1012db8ad740245703dcad51f9c8","true"
"tests/fixtures/parsers/xml/namespaces/ns.xml","  ","67","2026-07-29T17:21:48.1339049Z","c263742034023081551625768b13d81fae7dbe46a87ed0f1fc44669be71df566","cc899a41a5dec3efc8cd396fd1b4fa785d5c00c5","c263742034023081551625768b13d81fae7dbe46a87ed0f1fc44669be71df566","true"
"tests/fixtures/parsers/xml/valid/save.xml","  ","41","2026-07-29T17:21:48.1329043Z","e26de630d663b046443c49f667648b78acf5bbcdb8c4274d1bdd8434c0520ff0","e96ead22d7ecbb31915513ae737fe2f1f9e87c75","e26de630d663b046443c49f667648b78acf5bbcdb8c4274d1bdd8434c0520ff0","true"
"tests/fixtures/steam-root/steamapps/appmanifest_413150.acf","  ","118","2026-07-13T05:53:56.7346152Z","7098834a6ba5da03129cf2812bbb4a2b817a70f11eb0eea28326f62dc837fddf","5c4dbafa5e44f5181a7dea13ef2304b7adb1039a","7098834a6ba5da03129cf2812bbb4a2b817a70f11eb0eea28326f62dc837fddf","true"
"tests/fixtures/steam-root/steamapps/libraryfolders.vdf","  ","132","2026-07-21T05:12:17.3070188Z","580dea76dbd718bd9192f498965fe07df0e2e36c2d659301f76e648acb2ac2f0","ef9bd7579e188bff1957b2f5072f641b55824ea2","580dea76dbd718bd9192f498965fe07df0e2e36c2d659301f76e648acb2ac2f0","true"
"tests/game-metadata-persistence.test.ts","??","5969","2026-07-26T05:45:11.1288755Z","b62945723ccb2fea112929ecca168f43c48cf6b534d44f070d8b1cc05830edd7","","b62945723ccb2fea112929ecca168f43c48cf6b534d44f070d8b1cc05830edd7","true"
"tests/game-profile-catalog.test.ts","  ","2702","2026-07-05T09:26:27.5859026Z","edbff5086f3d1dda6eb0f28e47ab7e08417c3aea2caf34cee3e59426e9dba667","b8295c54d25a20b737a6f79b7a95cfe2172d2577","edbff5086f3d1dda6eb0f28e47ab7e08417c3aea2caf34cee3e59426e9dba667","true"
"tests/game-profile-review.test.ts","  ","1731","2026-07-05T09:28:37.4418591Z","f7d3f34bbb96352e6df1374e4d0793a8bfde924f18323855998af1eb0a4ed1db","a483f2940ec9a943e67f34d212c77ffe979cd574","f7d3f34bbb96352e6df1374e4d0793a8bfde924f18323855998af1eb0a4ed1db","true"
"tests/game-profile-support-matrix.test.ts","  ","6189","2026-07-05T17:20:41.6268758Z","dac5f9c0180248f033bf61106e65f949d2af567ba85d283884ebe3c0b4e84b72","d577ecb480750f7de81fe521a28710493040f6f5","dac5f9c0180248f033bf61106e65f949d2af567ba85d283884ebe3c0b4e84b72","true"
"tests/game-profile.test.ts","  ","23699","2026-07-16T16:39:27.0825611Z","f330aad75d13887fddd46f366178d6b039a6cdff49105660cfc397538161b2d9","383e7abcef5511ad025380647a91b5e0df806a61","f330aad75d13887fddd46f366178d6b039a6cdff49105660cfc397538161b2d9","true"
"tests/game-taglines.test.ts","  ","1274","2026-07-12T14:13:56.9389112Z","bb38be5079f676903d0e0bc287dd4fce58089fb8adc7813b30cac6ad35104ca1","5522077395f8ebccaf24aa88ff41372ab2d87c01","bb38be5079f676903d0e0bc287dd4fce58089fb8adc7813b30cac6ad35104ca1","true"
"tests/gate2-2-resume-packaged-lifecycle.e2e.test.ts","??","28468","2026-07-29T16:40:51.7984000Z","5b2ec952afeed548161ba11b76322b161283dc72221f46ea05530d6e09a28d85","","5b2ec952afeed548161ba11b76322b161283dc72221f46ea05530d6e09a28d85","true"
"tests/gate2-2a1-packaged-real-process-write-proof.e2e.test.ts","??","7528","2026-07-29T15:31:30.2039372Z","e1bd5c012f58024b5344ed214f68c038b4c95917f22a675b0a7e9d278adc461e","","e1bd5c012f58024b5344ed214f68c038b4c95917f22a675b0a7e9d278adc461e","true"
"tests/gate2-3-freeze-authorization-security.e2e.test.ts","??","10011","2026-07-29T16:47:42.8416910Z","b192a80be98fe5361b7142f5929551d64a082dc4721239753ea69503e878d149","","b192a80be98fe5361b7142f5929551d64a082dc4721239753ea69503e878d149","true"
"tests/gate2-4-final-certification.e2e.test.ts","??","18610","2026-07-29T17:14:22.8862289Z","58754c14fdb201d548732d1f9b28d68119640464f9c5519270d43cdbcd3be760","","58754c14fdb201d548732d1f9b28d68119640464f9c5519270d43cdbcd3be760","true"
"tests/headless-verification.test.ts","  ","8439","2026-07-22T23:31:22.7602494Z","aabd318520de33fd67fdc94aa4dff7853bdf4ca5dc72236ca096a23fd563e352","f61cdb931fc5c6bfec8a3b2f0aa75c5010e75a91","aabd318520de33fd67fdc94aa4dff7853bdf4ca5dc72236ca096a23fd563e352","true"
"tests/hub-sync.test.ts","  ","10713","2026-07-21T05:12:17.3080231Z","0969ef0916c9cebd293999eef335e1aa1269dc25926e71eb660bbd41de789a1a","c351e1aa56707ef0273a87fec8646f5a3ae66765","0969ef0916c9cebd293999eef335e1aa1269dc25926e71eb660bbd41de789a1a","true"
"tests/in-process-script.test.ts","  ","9356","2026-07-26T01:36:59.9959984Z","cf64ccad5e776faaf7eec42f28e34864ae6da585d30e93e5b2757a48b71fcaad","6d254a2c3198b64aaac4e2e03166757b1e961702","cf64ccad5e776faaf7eec42f28e34864ae6da585d30e93e5b2757a48b71fcaad","true"
"tests/ini-save-field.test.ts","  ","1501","2026-07-21T05:12:17.3100235Z","94288ac38c503bc982d7d451b9a36d8ed2beb210ae05f36d2480cc5e000ac2d2","1c2ae8aab5f8859a7c8ebeeb798dcde2539fa0d7","94288ac38c503bc982d7d451b9a36d8ed2beb210ae05f36d2480cc5e000ac2d2","true"
"tests/injector-destructive-boundary.test.ts","  ","23066","2026-07-26T01:37:16.4747682Z","9f774b6cc4f23300a84fc20944a49c9dc5a529d4592d49d5cc61d27224b212e5","4bb299ae6d2aa891d22e9c404230863bf62488da","9f774b6cc4f23300a84fc20944a49c9dc5a529d4592d49d5cc61d27224b212e5","true"
"tests/injector-process-integration.test.ts","  ","10249","2026-07-26T01:35:01.7350377Z","90d07c51424bfdd0d53d39327865d6e1dbfa6b84bbd214a4e836246484c7ec5d","30f4eeab2764728677f7f77bc354273fbf86f6ba","90d07c51424bfdd0d53d39327865d6e1dbfa6b84bbd214a4e836246484c7ec5d","true"
"tests/install-discovery-epic-gog.test.ts","  ","3254","2026-07-21T05:12:17.3110227Z","c413377ffc1d0358bb31bbddccf0e78ba98d35e4893f7ac50ed26c7e15b48e5a","8b19dc446d6353886585345f2fc48c0c077e22e5","c413377ffc1d0358bb31bbddccf0e78ba98d35e4893f7ac50ed26c7e15b48e5a","true"
"tests/install-discovery-match.test.ts","  ","2095","2026-07-13T05:53:56.7356152Z","94641a6056a5687ab9954fa5b42c4c7709f63d98752d9d04818bcfa6bf149758","e04d89b1a5eb739a00eced705475bffeeaba6bbe","94641a6056a5687ab9954fa5b42c4c7709f63d98752d9d04818bcfa6bf149758","true"
"tests/install-discovery-steam.test.ts","  ","2377","2026-07-21T05:12:17.3130234Z","3cec8ffbd2171251b430783f85977b114c115c957eb40e1bf7fbf02f64e5ead1","6c1c7dc6e82a16423f1d125f743b69e7cc429507","3cec8ffbd2171251b430783f85977b114c115c957eb40e1bf7fbf02f64e5ead1","true"
"tests/installed-game-identity.test.ts","??","10749","2026-07-27T05:46:56.5935323Z","ad0a5490676751c69194a9f275695e75744d608ba65c00f65b956d67e90a1aa2","","ad0a5490676751c69194a9f275695e75744d608ba65c00f65b956d67e90a1aa2","true"
"tests/ipc-channels.e2e.test.ts","  ","12049","2026-06-26T02:39:03.3024007Z","32124285df494675a8771211d4fc1b977aa1cbd6e6ac6f435b4defd7191fdd80","e5b832823ee6d23f353ca62a6e218939dbfa784c","32124285df494675a8771211d4fc1b977aa1cbd6e6ac6f435b4defd7191fdd80","true"
"tests/ipc-save-path-approval.test.ts","  ","4529","2026-07-25T06:55:44.5762594Z","8d30f50eee7274aad315a29c0b077f7982a5ca7114649452e257f807769647c6","f01bdb04c338c9c7c7612ee51ca52e2b79a94b0b","8d30f50eee7274aad315a29c0b077f7982a5ca7114649452e257f807769647c6","true"
"tests/json-save-field.test.ts","  ","1573","2026-07-21T05:12:17.3150248Z","f17275d0ee9b4f4bc04b0313cb0030961183ac713cd600ce5d1bd1ca88871c44","30cf6844585a9f0c3a4c99453546527201075620","f17275d0ee9b4f4bc04b0313cb0030961183ac713cd600ce5d1bd1ca88871c44","true"
"tests/l4-governance.test.ts","  ","3907","2026-07-23T01:01:10.6098990Z","2a15daaa27a53d9b974f761a8bca8566065bc8618a78abdb28c4355c0f8a9632","5b77250dc6c04c570ea5d8e59a167d97bd508cd6","2a15daaa27a53d9b974f761a8bca8566065bc8618a78abdb28c4355c0f8a9632","true"
"tests/live-memory-rollback-freeze-ipc-validation.test.ts","??","7640","2026-07-27T11:41:14.9200585Z","5a639cce1140ca36d59b2ed65069c35328b0650af4e7d39ebd6ccaa9d2c1180a","","5a639cce1140ca36d59b2ed65069c35328b0650af4e7d39ebd6ccaa9d2c1180a","true"
"tests/live-memory/aob-resolver.test.ts","  ","1899","2026-07-11T10:51:28.1885280Z","cbbb7b71557d675f4deccaeb424e442a96946b5a5d2d7b38a145fcb4f6581af3","ed729fd4926a5b27deb4c54001ea0e9b35971bf6","cbbb7b71557d675f4deccaeb424e442a96946b5a5d2d7b38a145fcb4f6581af3","true"
"tests/live-memory/app-shutdown-cleanup.test.ts","??","3431","2026-07-28T06:16:39.7966617Z","d543b55591c3b72f2a372ea664615a2047953486a66be523290d391d6fc060f4","","d543b55591c3b72f2a372ea664615a2047953486a66be523290d391d6fc060f4","true"
"tests/live-memory/cleanup-failure-handling.test.ts","??","3304","2026-07-28T06:12:01.5891813Z","592020f1be17ab3b7949ca81de92e2797e4699a589c4f6a6b963968fb36e14c5","","592020f1be17ab3b7949ca81de92e2797e4699a589c4f6a6b963968fb36e14c5","true"
"tests/live-memory/ct-promote-pack.test.ts","  ","3676","2026-07-22T04:54:41.6934872Z","02c71c95ec76787b059bb07cc8914cace8280be36001fedb346db160bcc93e35","155b4185c6ae2daf5caf68881f2b4ee90f97fe59","02c71c95ec76787b059bb07cc8914cace8280be36001fedb346db160bcc93e35","true"
"tests/live-memory/feature-disable-cleanup.test.ts","??","3130","2026-07-28T06:15:21.1827329Z","9a1b52304e785cfcadac2026c5bdd2c9c86717b90ac14be211b66091ea0ad36c","","9a1b52304e785cfcadac2026c5bdd2c9c86717b90ac14be211b66091ea0ad36c","true"
"tests/live-memory/feature-resolver.test.ts","  ","3382","2026-07-11T10:49:34.6465545Z","95918413875237c69c3d9b0710db498abf16df77a8987932c43c4340b23e7039","5c9865535a27dbbcc5c81e408166fcea4d61b428","95918413875237c69c3d9b0710db498abf16df77a8987932c43c4340b23e7039","true"
"tests/live-memory/game-connection-baselines.test.ts","  ","1120","2026-07-06T07:26:43.3329879Z","75f3928fe7b2fdbac6875ab6157afdf670a5948f31495c9cb875c9c2b91bf85a","651c54f5302d7dc5432dbcadc0de009e097dafe3","75f3928fe7b2fdbac6875ab6157afdf670a5948f31495c9cb875c9c2b91bf85a","true"
"tests/live-memory/gate2-1-test-build-hooks.test.ts","??","4047","2026-07-28T23:47:35.9093542Z","ca97b90547032258d32b3a73a29b5b9c3a328bbc7629732ea142baed466b80d5","","ca97b90547032258d32b3a73a29b5b9c3a328bbc7629732ea142baed466b80d5","true"
"tests/live-memory/installed-exe-hash.test.ts","  ","1377","2026-07-21T05:12:17.3170222Z","159a29eb7ed24f71715f6d7e2c1a6e92ed8e9f4c194c4cd4f56666567738e330","6c69af711a98584598559dbed93289830c1aad70","159a29eb7ed24f71715f6d7e2c1a6e92ed8e9f4c194c4cd4f56666567738e330","true"
"tests/live-memory/live-correlation-watcher.test.ts","  ","7015","2026-07-23T21:53:44.6076164Z","6fe29b65f8039b0e057a2af2d1b1a38a692fd4849f9080da6a0facfcea86846e","bd8f4ef10e0c5d53a7fb583750e924e9a4e80491","6fe29b65f8039b0e057a2af2d1b1a38a692fd4849f9080da6a0facfcea86846e","true"
"tests/live-memory/live-memory-session.test.ts"," M","36303","2026-07-27T11:35:03.3682823Z","3fd7b5913be4d7e8bcb6be809b6c9cffed5149b487a4ec48c57570aad22f7dc5","de6804e53c0cdbc329b7683ce873c5eff7c25c2a","3fd7b5913be4d7e8bcb6be809b6c9cffed5149b487a4ec48c57570aad22f7dc5","true"
"tests/live-memory/local-crash-reporter.test.ts","  ","4115","2026-07-21T05:12:17.3210224Z","0e72b381476a6f7502b99fc025de5a9925b6b08b46f731712feba4174446e43f","71e1e5bf0c84ef452ebd0e0567a6dfef73fb408e","0e72b381476a6f7502b99fc025de5a9925b6b08b46f731712feba4174446e43f","true"
"tests/live-memory/local-sandbox.test.ts","  ","2802","2026-07-21T05:12:17.3220221Z","22d663cff9e1c2a70dc42dc161f43d8a6b87d3c7da4b2131c232c114929f5570","5c852e3823b121610129d81f9877da660e3ef63a","22d663cff9e1c2a70dc42dc161f43d8a6b87d3c7da4b2131c232c114929f5570","true"
"tests/live-memory/memory-manager.test.ts"," M","22604","2026-07-27T11:26:33.8271892Z","793131b50fbd1af8c726da5f74ff3b5352945b31641b3a5e4478f2d0b94da7c7","67499cf293361c0098e2b2a12b3974cd1cb7fe9d","793131b50fbd1af8c726da5f74ff3b5352945b31641b3a5e4478f2d0b94da7c7","true"
"tests/live-memory/memory-scanner.test.ts","  ","13624","2026-07-25T00:06:45.2547990Z","0c5e51b7b74604db5545129d0ba77c0f029f98d7b9a5eec4905119cf54a0c6ef","d0b02b26a3a4d50b9330d03040a56d5f484f17c4","0c5e51b7b74604db5545129d0ba77c0f029f98d7b9a5eec4905119cf54a0c6ef","true"
"tests/live-memory/online-guard.test.ts","  ","4660","2026-07-06T07:26:28.2775036Z","4094bfd69fe08f187cbc53bcf041d826c062116bd3a0486146d2b697efaf9ffa","6a134258cd68d665b34d70145c54e8968f3ae5d9","4094bfd69fe08f187cbc53bcf041d826c062116bd3a0486146d2b697efaf9ffa","true"
"tests/live-memory/pointer-scanner.test.ts","  ","6426","2026-07-06T07:34:09.0985376Z","5cbb2e9a0828d872f060a8f8bda31f03ae3f10c796188f07e15cee4d05386820","ba98edbea2d79895c1616c34b5e90c11d151c6fc","5cbb2e9a0828d872f060a8f8bda31f03ae3f10c796188f07e15cee4d05386820","true"
"tests/live-memory/process-watcher.test.ts","  ","4020","2026-07-21T05:12:17.3250267Z","98bb52f3b67b1029d033a38e99c0a80e00515301d9d55b5da809da99c0227a4c","a165b15da30e51477b04f1a577cbccdf9bb17c82","98bb52f3b67b1029d033a38e99c0a80e00515301d9d55b5da809da99c0227a4c","true"
"tests/live-memory/real-time-scanner.test.ts","  ","3490","2026-07-21T05:12:17.3270226Z","710cc70f5caea92e5c75670232204ffb0fda2dbc65e7be62e0b9ac836682c6e5","a6018acfa7d2341501bf1c178fc4561d3ca092fe","710cc70f5caea92e5c75670232204ffb0fda2dbc65e7be62e0b9ac836682c6e5","true"
"tests/live-memory/remote-connection-observer.test.ts","  ","3225","2026-07-06T06:46:00.8052075Z","55b46cd64915549fbe9b0ded706f649857e9e5215a22f3070ef84c95aba6c443","99c624920a816150e2626c7eb98baa2e6aabbc1c","55b46cd64915549fbe9b0ded706f649857e9e5215a22f3070ef84c95aba6c443","true"
"tests/live-memory/renderer-crash-cleanup.test.ts","??","4844","2026-07-28T06:15:57.0230167Z","c229830b6282c7030c56e8cf57de5d606f5f1305f49ad595ee973884bfac1542","","c229830b6282c7030c56e8cf57de5d606f5f1305f49ad595ee973884bfac1542","true"
"tests/live-memory/research-tools.test.ts","  ","5407","2026-07-21T05:12:17.3280223Z","10571d4699753d2badd8689afb7a4fcf3258ab90c6e3d2d08ba64abd3b9892e0","cd1fb9c51345db23bfe95e5c0993708e48605b53","10571d4699753d2badd8689afb7a4fcf3258ab90c6e3d2d08ba64abd3b9892e0","true"
"tests/live-memory/rollback-byte-integrity.test.ts","??","17468","2026-07-28T21:45:43.6148407Z","1a2606e8d72e209924b8bd3bfc57ae674f6775f2f619166c62c88c62cb3c3dc1","","1a2606e8d72e209924b8bd3bfc57ae674f6775f2f619166c62c88c62cb3c3dc1","true"
"tests/live-memory/rollback-float-integrity.test.ts","??","2463","2026-07-28T06:11:29.8735461Z","dea56ff5756e03484d69e9755b4e9e5d77f2acba3c34c2ecceac48466dc1db2e","","dea56ff5756e03484d69e9755b4e9e5d77f2acba3c34c2ecceac48466dc1db2e","true"
"tests/live-memory/session-cleanup-on-destroy.test.ts","??","2084","2026-07-27T06:33:23.3210066Z","f03e4612bb97351bec9280300f6551d35564166c9424d53f3c70bd04e1ff9748","","f03e4612bb97351bec9280300f6551d35564166c9424d53f3c70bd04e1ff9748","true"
"tests/live-memory/signature-engine.test.ts","  ","7502","2026-07-21T05:12:17.3300249Z","edaa817ed314e89ef0f7d84fc0172c66044d725844f77233af9949500aa72124","21e4161e39be34eccecc09ae1844573aa08f79a3","edaa817ed314e89ef0f7d84fc0172c66044d725844f77233af9949500aa72124","true"
"tests/live-memory/write-consent.test.ts","  ","2381","2026-07-21T05:12:17.3310264Z","d94fc94a46ad58c312b9a8965d255a8c25f0882c662d18a8b1c59b904369853d","5a5135f5202a316c2e81a15b521f72a95b0b04b8","d94fc94a46ad58c312b9a8965d255a8c25f0882c662d18a8b1c59b904369853d","true"
"tests/live-memory/write-policy-gate.test.ts","  ","4193","2026-07-25T06:37:21.8550024Z","f5bf1dbb80658f65009d22eab37f399ed719d03edee163f6bf54ed595ffbc3d8","480a27f9f2956385922ce1b9d501eeb5a3e33003","f5bf1dbb80658f65009d22eab37f399ed719d03edee163f6bf54ed595ffbc3d8","true"
"tests/live-memory/write-policy.test.ts","  ","4089","2026-07-25T06:36:59.9191130Z","b9715071767faf0fbfa9be2503ac7cb88b95a01d9ab0aa3199d53b3fd9892829","2c2816c595dd14c5dbe9e73200752201904c23a4","b9715071767faf0fbfa9be2503ac7cb88b95a01d9ab0aa3199d53b3fd9892829","true"
"tests/live-memory/zero-input-prepare.test.ts","  ","7636","2026-07-21T05:12:17.3350316Z","901b671b4d0d6b9963369a2de9d3dcf257440581573155ce7340bb456b03df21","97d255ebdd698775a3768026bcd74e4ef5add9e6","901b671b4d0d6b9963369a2de9d3dcf257440581573155ce7340bb456b03df21","true"
"tests/live-watch-confidence.test.ts","  ","1699","2026-07-15T18:10:08.5751190Z","2188f5ee11b1ac7353087ac840397d830e518d3b536f9d8d8a34f22ed5acd26c","a6c2f7129b85e297bbe3567c001b533590254dc2","2188f5ee11b1ac7353087ac840397d830e518d3b536f9d8d8a34f22ed5acd26c","true"
"tests/local-ocr.test.ts","  ","1737","2026-07-23T22:50:47.5128047Z","e5c5a0f3bba8b11186f23371b4fd15f2def22432c8ac1ad5953ede85177aba6e","61d454b3754a82a04f11b458b9e05671f8d3edbf","e5c5a0f3bba8b11186f23371b4fd15f2def22432c8ac1ad5953ede85177aba6e","true"
"tests/memory-research.test.ts","  ","2234","2026-07-21T05:12:17.3370310Z","e4804d20f7dca08e260b2ea24a07e18ca56dbf6e0f2c500261e55d8aa243d4c6","ec3407a1b3967177e027e7752aa5569ce664fcf5","e4804d20f7dca08e260b2ea24a07e18ca56dbf6e0f2c500261e55d8aa243d4c6","true"
"tests/milestone-e-acceptance.test.ts","  ","16294","2026-07-25T06:55:44.5832618Z","46148b08aaf6403d392ef0fc1917dfc366abec010564064d0ff226c29236e81c","0fbe56d27c1e2d8ea0e2196e470de26c8e92bd61","46148b08aaf6403d392ef0fc1917dfc366abec010564064d0ff226c29236e81c","true"
"tests/milestone-j-acceptance.test.ts","  ","2800","2026-07-16T16:39:27.0855618Z","86e38445334ea66aea6582f628caeb2a91f279c4795e3d9be3c7c63f2fb609f0","0d024c3dff88b587ca82e5a3f11dcc8598b4b022","86e38445334ea66aea6582f628caeb2a91f279c4795e3d9be3c7c63f2fb609f0","true"
"tests/module-artwork.test.ts","  ","2241","2026-07-23T00:35:45.4117581Z","80ddc92350cde5bb3eac41761c59d67e11d795ed68edd69fae39d77bf092846a","dae99aa0edaa998c203ac089da81f114870fbeb9","80ddc92350cde5bb3eac41761c59d67e11d795ed68edd69fae39d77bf092846a","true"
"tests/onboarding-branding.test.ts","  ","624","2026-07-24T23:51:55.6692673Z","433cd3582534b2ba1b3d1f2bc39222f82d1bb6003cee297eef9cb49d8db4c3e7","7395bc99739ea92c504bab09e44a7d1169faa3a2","433cd3582534b2ba1b3d1f2bc39222f82d1bb6003cee297eef9cb49d8db4c3e7","true"
"tests/overlay-layout-presets.test.ts","  ","1594","2026-07-15T15:32:20.4685424Z","9f963a51b294e77fc7997bd71901391016287a947c4d6bd4f7b7363281820a57","61bf3f6dd3c3e2cc2b2bd731927660387d08d768","9f963a51b294e77fc7997bd71901391016287a947c4d6bd4f7b7363281820a57","true"
"tests/packaged-lifecycle-gate2-1.e2e.test.ts","??","10778","2026-07-28T23:47:17.9646718Z","406993e1de5098d5dd9bee9422e024a6f0ac3a88fc2aaddd0ed0fbea0060ebff","","406993e1de5098d5dd9bee9422e024a6f0ac3a88fc2aaddd0ed0fbea0060ebff","true"
"tests/packaged-smoke.test.ts"," M","17302","2026-07-27T06:50:23.2291110Z","ea665a3ab728c11c802deb2759e43a05f444586498c695541a53cf811547ae1f","b10e299200e94c0dbfd6b2347ea6ffca53eb37d2","ea665a3ab728c11c802deb2759e43a05f444586498c695541a53cf811547ae1f","true"
"tests/page-walkthrough.test.tsx","  ","6602","2026-07-28T08:58:25.7645907Z","0fe4ba01483171f068fd811f013701e37e7a0440df3e3eaadab0d216597f05d5","9c7d832c0f9c3f6c2e2af8455a7d95ea8a2e7120","0fe4ba01483171f068fd811f013701e37e7a0440df3e3eaadab0d216597f05d5","true"
"tests/parsers.test.ts","  ","14150","2026-07-21T05:12:17.3420297Z","3d3ef9e6654d2bf3ce05a5fa3449b577151f2822b0e2505978b80eb0946ca5af","271904285cc9d22c403ea04a25e78c371e1441cb","3d3ef9e6654d2bf3ce05a5fa3449b577151f2822b0e2505978b80eb0946ca5af","true"
"tests/performance.e2e.test.ts","  ","21829","2026-07-15T15:06:12.2074031Z","2328cee33905cea7462a7044a9e68850083d721645bd21d6ee833cd2959dd4cb","9e1be5425fc88537c0803da4e68060dc76ab65bd","2328cee33905cea7462a7044a9e68850083d721645bd21d6ee833cd2959dd4cb","true"
"tests/pilot-intake.test.ts","  ","20841","2026-07-25T06:55:44.5712537Z","c0ccd2bd84c05dbb98621ccde907a295df508460cfd16c2222f73cfe46124ffc","6d7a2620df9d838bdf222763090a69909f9ea7ad","c0ccd2bd84c05dbb98621ccde907a295df508460cfd16c2222f73cfe46124ffc","true"
"tests/process-picker.test.ts","  ","8315","2026-07-26T11:47:05.8767035Z","16060bf8cca43b11da66bb827609647a0ecd9e925a450ffa3c36c0278e04e565","8b8b43d4499f371daee74983602f5806bce25f31","16060bf8cca43b11da66bb827609647a0ecd9e925a450ffa3c36c0278e04e565","true"
"tests/process-selection-registry.test.ts","??","5859","2026-07-28T06:17:09.7848267Z","1c930bf0c1834a57d5c54256758fd63f7ac6a7ca6e4eec58253f76304baee9f3","","1c930bf0c1834a57d5c54256758fd63f7ac6a7ca6e4eec58253f76304baee9f3","true"
"tests/process.test.ts","  ","2783","2026-06-23T12:18:13.7887345Z","147275f3185bc1fb74993133b521c5081e9b4625be5be38a44270701bccf252d","1799f99af16e929c2037a514bbbe895d1265687e","147275f3185bc1fb74993133b521c5081e9b4625be5be38a44270701bccf252d","true"
"tests/profiles.test.ts","  ","12275","2026-07-11T08:17:03.4360491Z","3c4a1118ee63b1116662d7a3ea22462005b3b7fb2c23c261800ac27efe47cd5a","b6b1e8b0a9fab3a4e0bb25bc3cce21f24b1fbb3e","3c4a1118ee63b1116662d7a3ea22462005b3b7fb2c23c261800ac27efe47cd5a","true"
"tests/protected-target-guard.test.ts","  ","2198","2026-07-22T05:57:01.5939492Z","ad4b1a0b37a12c2d8570e9d19539471e392f6507f3c40244e86c6484856ede13","131f8d3e8d6dfc61bf3f4a305e47c838f993dba9","ad4b1a0b37a12c2d8570e9d19539471e392f6507f3c40244e86c6484856ede13","true"
"tests/registry-cli.test.ts","  ","2110","2026-07-21T05:12:17.3450303Z","3dcb6f8c0877f4e0726a16b1c8433e7f6de020411ffdd24c2c592ab3b8d22780","7a5a1a389ae29b3d69e6c3212f5089e57ed0a5ce","3dcb6f8c0877f4e0726a16b1c8433e7f6de020411ffdd24c2c592ab3b8d22780","true"
"tests/registry-explorer-page.test.tsx","  ","4802","2026-07-23T01:01:10.6129004Z","361293b71d4ec9b862ef5c14b33bdc083ceb7b1240f207704b6592dfa2197a80","4c93c47cba7748b03e9ccfd1422ed98376cd9bc3","361293b71d4ec9b862ef5c14b33bdc083ceb7b1240f207704b6592dfa2197a80","true"
"tests/registry-query.test.ts","  ","6326","2026-07-21T05:12:17.3485397Z","3ce02c3990ed4013fe90857a432eed54b29fcd7dc5f3f5070a863c94f0cc5863","5c17526190be4cddd4a9c2efe326bc2588a9805c","3ce02c3990ed4013fe90857a432eed54b29fcd7dc5f3f5070a863c94f0cc5863","true"
"tests/registry-schema.test.ts","  ","3545","2026-07-21T05:12:17.3495390Z","2aacda1e5178f6ec92b5fee0016fb8e8a98e0a7eba705d476e50cd1f75a805f5","077e46b32732b48d939f984ccece93e2dab0b36b","2aacda1e5178f6ec92b5fee0016fb8e8a98e0a7eba705d476e50cd1f75a805f5","true"
"tests/release-artifacts.test.ts","  ","3352","2026-07-23T00:36:47.6501144Z","d622ba96ac80f670843db416173ab41cfdb420641ec6516501f63ba96c84f890","3d312a828ff27bc36060f2057bd5539f74a83e64","d622ba96ac80f670843db416173ab41cfdb420641ec6516501f63ba96c84f890","true"
"tests/restart-validation.test.ts","  ","4485","2026-07-22T06:03:41.2362506Z","cdc51409f89851cd7a64843c833eb3499e5f722cbeb6b9638cdf9456767c5bf4","dba7ac7733d8cdba862aadb4f5fbb675966fb727","cdc51409f89851cd7a64843c833eb3499e5f722cbeb6b9638cdf9456767c5bf4","true"
"tests/runtime-readonly.test.ts","  ","2547","2026-07-21T05:12:17.3525392Z","35cac3b79da3f5704b1358ebc1fbfbc9babd4c2279549d43906ef646d7416a40","27a1301281f0cddc84da13286840006c35dede83","35cac3b79da3f5704b1358ebc1fbfbc9babd4c2279549d43906ef646d7416a40","true"
"tests/runtime-signature-validation.test.ts","  ","3707","2026-07-21T05:12:17.3545394Z","4dad20ae52210165bb58534e1a57a2ec9f6342859d46ee77086279a63349cccd","fde29882f538f5a75ea504e94f32708fd355d8eb","4dad20ae52210165bb58534e1a57a2ec9f6342859d46ee77086279a63349cccd","true"
"tests/safety-honest-gates.test.ts","  ","4074","2026-07-26T01:08:29.2887295Z","87250a064f78dc722d487f8a06fb54d3d8f709987236b4967be1a97f03184dc7","ea3fc08401f6ca773828f303236a3b4a6362c3f5","87250a064f78dc722d487f8a06fb54d3d8f709987236b4967be1a97f03184dc7","true"
"tests/safety-integration.test.ts","  ","12621","2026-07-21T05:12:17.3565393Z","21b64fd011c2d0350b75fc6cb1ce038cdfd8b4c774142c7c32f32b0d7eb89890","fa01626bda8f8c68cf7acbb0d2452cb3ca116efd","21b64fd011c2d0350b75fc6cb1ce038cdfd8b4c774142c7c32f32b0d7eb89890","true"
"tests/save-editor-static.test.ts","  ","1734","2026-06-28T23:16:05.4676762Z","ca2a33a225af90a9592d8fce2eed836b51f7a1f6ba3a5067d6d2a5055a058da1","d255cb88f7cd3b8a0f40e9800bbe168ac02e6b03","ca2a33a225af90a9592d8fce2eed836b51f7a1f6ba3a5067d6d2a5055a058da1","true"
"tests/save-format.test.ts","  ","5667","2026-07-12T14:40:05.6699656Z","3f803fc646aacdb2b7e120cc2d523449084522d2901453c23493fe332930714d","fe2ce267699e31bff2bf1e2cdaa15f1385a19f53","3f803fc646aacdb2b7e120cc2d523449084522d2901453c23493fe332930714d","true"
"tests/schema-v1-boundaries.test.ts","  ","828","2026-07-16T16:39:27.0870891Z","ae432b20192d21f64e3acfbd87f3b5e526d54c7c8f03c70438d614e292814873","257d003f4b20c2c37bfc826f7da19d3e07091691","ae432b20192d21f64e3acfbd87f3b5e526d54c7c8f03c70438d614e292814873","true"
"tests/schema-v1-capability-lanes.test.ts","  ","3035","2026-07-17T02:53:30.3408912Z","4e5009dbc6116ee233f043e8a2b9153ba1265f80f2c9390069974dedf2f8fb6d","7b36bdb727d211a3b6008ffcd767ea38401e12f1","4e5009dbc6116ee233f043e8a2b9153ba1265f80f2c9390069974dedf2f8fb6d","true"
"tests/schema-v1-dual-read.test.ts","  ","6985","2026-07-17T02:53:30.3552248Z","2a5c805596e47106844e4278aa510cc4027547339bbe662cfbc4626e1175e7d7","5d2a62f433df908b26df8df081999b6de9110ada","2a5c805596e47106844e4278aa510cc4027547339bbe662cfbc4626e1175e7d7","true"
"tests/schema-v1-phase3-silence.test.ts","  ","3394","2026-07-17T02:53:30.3567278Z","8351713ab7244928bad764be082ff6d2018690725e9cc97fb9aae0242eeeb687","7650029ccf23bac653a35de42ed558549511d9f3","8351713ab7244928bad764be082ff6d2018690725e9cc97fb9aae0242eeeb687","true"
"tests/script-research.test.ts","  ","6101","2026-07-21T05:12:17.3585394Z","69cd84f95afbeb390c2400c886d75a07bf93bcbb86624a0be5c4206c6f36c30a","42b656f397439030f4cfeda5662529e4decb64bd","69cd84f95afbeb390c2400c886d75a07bf93bcbb86624a0be5c4206c6f36c30a","true"
"tests/settings-onboarding.test.ts","  ","1165","2026-07-13T05:53:56.7336147Z","e63418b111fa3e0e000d698abbebe4c4118f13c372ff765149985210bde60977","7b864b7e644c5ae106b88b48fbf420d33de54cf8","e63418b111fa3e0e000d698abbebe4c4118f13c372ff765149985210bde60977","true"
"tests/signature-resolution.test.ts","  ","7070","2026-07-21T05:12:17.3605400Z","0523a39b64c06c2739e504877196cc7da6b966726f321f84d1fc86015f3dbe80","da09161e0d4c27de4b4f8ce5dc6b9f466a2ae0c0","0523a39b64c06c2739e504877196cc7da6b966726f321f84d1fc86015f3dbe80","true"
"tests/sql-parameter-binding.test.ts","  ","10221","2026-07-22T04:29:46.1297820Z","4643f5be3f64fd9f3feb93a1a200a965d9121e643d8a88c6d8251044af823699","77b1889fa718e22d7f857d2d2dea16b82a15ba83","4643f5be3f64fd9f3feb93a1a200a965d9121e643d8a88c6d8251044af823699","true"
"tests/target-metadata.test.ts","  ","3882","2026-07-23T01:16:11.9464848Z","b0994f8f90e0e5ae73995a75d2d4a20a9e31031433bc688d2b2b9acaad778a06","63e5eb6d1e3d281cb1856c02ca1db5d1f217c03b","b0994f8f90e0e5ae73995a75d2d4a20a9e31031433bc688d2b2b9acaad778a06","true"
"tests/trainer-catalog-ipc-validation.test.ts","  ","2194","2026-07-12T14:20:50.9363657Z","c2d89df52692a69f2d0c10e8ee64179fd3ebb887a83b5d8756b53824fd651c81","b8c1a917b11d83ef8594ba9796947631e3cfefb5","c2d89df52692a69f2d0c10e8ee64179fd3ebb887a83b5d8756b53824fd651c81","true"
"tests/trainer-catalog-offline.test.ts","  ","6731","2026-07-12T07:57:24.7467964Z","9731beae259bdc6ef35407dc1c6184e3b8cca23a82aaeec26606be28791e03bd","7427872e71a1d10a2b6fe070cb3a5b1f3f361228","9731beae259bdc6ef35407dc1c6184e3b8cca23a82aaeec26606be28791e03bd","true"
"tests/trainer-catalog-search.test.ts","  ","2840","2026-07-21T05:12:17.3635393Z","b20de9f6d3c223182f4a348d0b345d582baa77adfe4e328bf5b156a5205885ce","cf2657565b4d281337de50682cd2c6e2774bcb77","b20de9f6d3c223182f4a348d0b345d582baa77adfe4e328bf5b156a5205885ce","true"
"tests/trainer-catalog.test.ts","  ","5200","2026-07-22T08:09:22.8369063Z","6943d991e56c0a7e0d1d1e69990a931822caaaf9f2635ec1193a08c4584c2218","c63ea1d0ef059de29c7e2e5a79c2356eeb6f2507","6943d991e56c0a7e0d1d1e69990a931822caaaf9f2635ec1193a08c4584c2218","true"
"tests/trainer-control-schema.test.ts","  ","12080","2026-07-11T23:10:44.9854126Z","bb216e4375a9b71f10e57907638566cfef4825a899d65a5fd1ec6cc3bab69aac","7ec3205149f3307e1f4165c56a222e7fd49b18b3","bb216e4375a9b71f10e57907638566cfef4825a899d65a5fd1ec6cc3bab69aac","true"
"tests/trainer-deck-rows.test.ts","  ","1653","2026-07-13T05:53:56.7346152Z","6bb41814fa88f3a6668ddf93153e1848c02a86bc31a753f3958ee42e1aba7827","71cc10dbbbbbacbdfaa95acfc2ad1978dd70386e","6bb41814fa88f3a6668ddf93153e1848c02a86bc31a753f3958ee42e1aba7827","true"
"tests/trainer-health.test.ts","  ","2314","2026-07-13T05:53:56.7326157Z","0a37b4a56ccb6a24b871506f01b2b7690dd4435c1cc5b37a3f75c788853d4599","ba52a2b37edbd2ec4d4303b087cdab478735204b","0a37b4a56ccb6a24b871506f01b2b7690dd4435c1cc5b37a3f75c788853d4599","true"
"tests/trainer-host/e2e.test.ts","  ","10824","2026-06-28T01:51:08.5928412Z","b5d5791fb0f466ba698da82306c5c516e03817943851a0b2dad495255f6a410f","8374c85586a7e7ad3a31254d3d5942f252016fd1","b5d5791fb0f466ba698da82306c5c516e03817943851a0b2dad495255f6a410f","true"
"tests/trainer-host/host-runtime.test.ts","  ","5469","2026-06-28T01:51:08.5938415Z","617bf66560d9798e882c0db4b25f8b1731884081142e3a50fb26ad19cfdb2215","29de8c5a8dd6d2f5dbd016a1f3a2e9507e985c0d","617bf66560d9798e882c0db4b25f8b1731884081142e3a50fb26ad19cfdb2215","true"
"tests/trainer-host/host-supervisor.test.ts","  ","10908","2026-06-28T09:35:51.9361459Z","2f8f89c724890210bbc301c878db4de8ee7061b51f9fbf4c9605c291483d8e3a","2e322ccf15c9161222df67eccb4d38ad998c7389","2f8f89c724890210bbc301c878db4de8ee7061b51f9fbf4c9605c291483d8e3a","true"
"tests/trainer-host/protocol.test.ts","  ","4372","2026-06-28T01:51:08.5973507Z","4c1b6d52fa28a3f89744ca17a865d341ba8cf938f68f3918c833702e00642bef","4e37fefe6571fd9c0290ebe50da6a23da618b987","4c1b6d52fa28a3f89744ca17a865d341ba8cf938f68f3918c833702e00642bef","true"
"tests/trainer-host/read-save-field.test.ts","  ","8208","2026-07-21T05:12:17.3655386Z","8c351ba1e25ee9168087e65324fcf0186c3016ccae10b4b84685ab3a269e76cd","047e7b6fe4d41f6936848877cea10c8b942c51c2","8c351ba1e25ee9168087e65324fcf0186c3016ccae10b4b84685ab3a269e76cd","true"
"tests/trainer-host/write-save-field.test.ts","  ","15069","2026-07-21T05:12:17.3675398Z","5f4c1cc140717b02f3166c32f0790d8ffdafbf00f0cbf062e3c0b89662b93660","d230b165485259d3f198c372f554f50a2bd2e9d0","5f4c1cc140717b02f3166c32f0790d8ffdafbf00f0cbf062e3c0b89662b93660","true"
"tests/trainer-hotkey-bindings.test.ts","  ","1394","2026-07-15T15:06:12.3708811Z","408a687765b196572a848590faaac87aafe4299e75bac8e533009f96b962082d","0bc7f0476cb50741bc8d86647986fc4e00539169","408a687765b196572a848590faaac87aafe4299e75bac8e533009f96b962082d","true"
"tests/trainer-hotkeys.test.ts","  ","4617","2026-07-25T00:20:56.7184059Z","ad826ea674b002ecbcb8cd882c4763d0feff51647c5b1945ab02a56e9a00eaf7","0742e3bd96dac9db07a8fcce97a35463768327b5","ad826ea674b002ecbcb8cd882c4763d0feff51647c5b1945ab02a56e9a00eaf7","true"
"tests/trainer-library-persistence-lifecycle.test.ts","??","5246","2026-07-27T23:51:22.9456207Z","09a25403d884e80164221d8360fd52483738db5e8fa411c490830bf59084c869","","09a25403d884e80164221d8360fd52483738db5e8fa411c490830bf59084c869","true"
"tests/trainer-library-preview-gates.test.ts","??","10237","2026-07-27T06:15:47.2586122Z","b53e6d7bbfede50ab48ae86e8e7311894828719a942872d93ac5a982bedf1ca7","","b53e6d7bbfede50ab48ae86e8e7311894828719a942872d93ac5a982bedf1ca7","true"
"tests/trainer-library-ui-static.test.ts","  ","1234","2026-07-22T19:51:02.8982701Z","af11ebb1a9142b6acf99dc0e383f28ac09e3ac5373cde8bb4ffcd1217a0db13e","ee5b3940fe391bbd2891f2dbc01d3a16648861e3","af11ebb1a9142b6acf99dc0e383f28ac09e3ac5373cde8bb4ffcd1217a0db13e","true"
"tests/trainer-research.test.ts","  ","3329","2026-07-13T05:53:56.7346152Z","6a3c41fea5d920257c4cd15072c3d059dad4cd25e1beef84faaed52a16dcf618","5409c1dac527a75aec0dc73921e6bde23ee97ba7","6a3c41fea5d920257c4cd15072c3d059dad4cd25e1beef84faaed52a16dcf618","true"
"tests/trainer-states-controls.e2e.test.ts","  ","18379","2026-07-21T05:12:17.3685418Z","de34d6f27eb3e9278714766449413cfdb5d0040679d01a9e42872c85dfda5c40","c951dea7e9b88b098f31edb05ab14ee467fc4f29","de34d6f27eb3e9278714766449413cfdb5d0040679d01a9e42872c85dfda5c40","true"
"tests/trainer-ui.test.ts","  ","16907","2026-07-21T05:12:17.3720482Z","21d36c62e30286f99aeff2e5ac410336563bcc766ad4a2586072d901eeb9b13f","879fa397365758c458506433108d19ab12ffd7d6","21d36c62e30286f99aeff2e5ac410336563bcc766ad4a2586072d901eeb9b13f","true"
"tests/trainer.e2e.test.ts","  ","23685","2026-07-15T15:30:55.6927856Z","189a3dd1aec22d4d297e3023d8947226c007e54bba3f8cef55676c53cb81e8ff","78b01eec16992f646c5aacbc27e692e6e08dc371","189a3dd1aec22d4d297e3023d8947226c007e54bba3f8cef55676c53cb81e8ff","true"
"tests/trusted-sender-registry.test.ts","??","7932","2026-07-28T06:05:25.3955878Z","ffa0947d042f16db715cb5107e65f14108e90d5d3b4a51a8f63a57d5104f603d","","ffa0947d042f16db715cb5107e65f14108e90d5d3b4a51a8f63a57d5104f603d","true"
"tests/ue-dumpspace-import.test.ts","  ","3217","2026-07-13T05:53:56.7356152Z","28a64f3580a66b7d5ccad8431afb99548fb6f7a42612463772db3f77fae1a3cf","4bcf10f2f6de67fbda18d1e27cba27f072cf9d69","28a64f3580a66b7d5ccad8431afb99548fb6f7a42612463772db3f77fae1a3cf","true"
"tests/v2-lifecycle-wiring.test.ts","  ","15813","2026-06-28T01:51:08.6008593Z","73bf60b21603c7a927ad9dc04ccedeea456820b917dee7ba2fa7129b13d73859","ca89202a540157d63e1260132d95e9779250ccc5","73bf60b21603c7a927ad9dc04ccedeea456820b917dee7ba2fa7129b13d73859","true"
"tests/v2-lifecycle.test.ts","  ","45958","2026-07-21T05:12:17.3740481Z","9cc80cd929b2448389d0484b06856dd97239a1960b9a56a48b3c692a8a8b0ceb","377b97223e23fe7e13094b031859f9af24b7d510","9cc80cd929b2448389d0484b06856dd97239a1960b9a56a48b3c692a8a8b0ceb","true"
"tests/v2-safe-workflow-copy.test.ts","  ","2901","2026-07-05T18:11:31.6442392Z","da18798cf43c639aab642182f0a36ef6c8ea493511180b786630d325512a1497","a77c36572b59391b5ba04b3d5a8f1a4c5c0d1ddc","da18798cf43c639aab642182f0a36ef6c8ea493511180b786630d325512a1497","true"
"tests/version-consistency.test.ts","  ","2381","2026-07-25T06:55:08.9886322Z","b3e8529ff7f5ecbc1aa00aff5bb0f1519de8e7212d9dc78beb8f3b03ee6c94dd","a4e0dde51b2287549d08080f4dda6325087541bc","b3e8529ff7f5ecbc1aa00aff5bb0f1519de8e7212d9dc78beb8f3b03ee6c94dd","true"
"tests/walkthrough-navigation.e2e.test.ts","  ","4505","2026-07-28T08:27:28.9967175Z","64606e6d267c515846e8e45729e759d247e44de7bdd99dda78f53db36ee474f0","e85caa16835d1d46964818444bf849bdfa41dd62","64606e6d267c515846e8e45729e759d247e44de7bdd99dda78f53db36ee474f0","true"
"tests/windows-readonly-adapter.test.ts","  ","5723","2026-07-22T05:57:17.5167244Z","ec7002b00998c5935d3734e6300a1d3ae1821acb98b219bdb41bbf46d34fe202","bf0f3463d300f20718864cbf6b7d70bc558158f3","ec7002b00998c5935d3734e6300a1d3ae1821acb98b219bdb41bbf46d34fe202","true"
"tests/wisp-preferences.test.ts","??","2150","2026-07-28T08:55:14.7217763Z","29aa1f7a86545c1231f9bdb7768ebf306b8798288010526d18e11d6c1d030a43","","29aa1f7a86545c1231f9bdb7768ebf306b8798288010526d18e11d6c1d030a43","true"
"tests/write-policy.test.ts","  ","2061","2026-07-21T05:12:17.3770485Z","0acf2be3793d4ded04af566b07189dc449217732825066e8df4a23402dfc397e","6d73a172710ce1a88f8f45d9d14ec4da3c8a76ca","0acf2be3793d4ded04af566b07189dc449217732825066e8df4a23402dfc397e","true"
"THIRD_PARTY_LICENSES.md","  ","1827","2026-07-21T05:12:16.9303620Z","27b549e2e2e9ba2011480384963e60d693c6f04035891bb6257901c34df969d5","0476dc8a780031b2331b1dffc31c3f987e709e4d","27b549e2e2e9ba2011480384963e60d693c6f04035891bb6257901c34df969d5","true"
"tsconfig.electron.json","  ","566","2026-06-22T22:01:21.2384875Z","6937654b019883094d1f7bcd6ab2e1d31723572bb1f30e387550fb788e9ad0d2","99d1c245d73ad3712633c93e8408215dd6be85ef","6937654b019883094d1f7bcd6ab2e1d31723572bb1f30e387550fb788e9ad0d2","true"
"tsconfig.json","  ","504","2026-06-21T04:42:57.3574195Z","0087396c65ef22bffae2f850a15ced4586a76378869d187c14e6f6b07f154b35","e39a7055732c22b6dc91ac845dbf72d91a22df9a","0087396c65ef22bffae2f850a15ced4586a76378869d187c14e6f6b07f154b35","true"
"tsup.config.ts","  ","3798","2026-07-25T06:55:23.4268472Z","da7b3a4a6d6bef0d762cd96ae096595e84fbc78088afa971f96396ea0314a72d","cd1f03df1e6e84ea41b2bba5276b1c697c73826a","da7b3a4a6d6bef0d762cd96ae096595e84fbc78088afa971f96396ea0314a72d","true"
"vendor/memoryjs-3.5.1-patched/binding.gyp","  ","580","2026-07-09T18:49:20.5474793Z","05c258624ce8e298fb71d420f81acc80aa6ff1c17276cbb8b372be4a1d618b4a","28c28a0518109a3bfa062e8025cf717d18b7ad57","05c258624ce8e298fb71d420f81acc80aa6ff1c17276cbb8b372be4a1d618b4a","true"
"vendor/memoryjs-3.5.1-patched/index.js","  ","9095","2026-07-09T18:49:20.4949573Z","c6594ce3e6197d03d0b134442f55f217ba7711461c26acb122cb403ee85fb226","6beca51ff8d4abb313c95afc81b4597bd11c46fc","c6594ce3e6197d03d0b134442f55f217ba7711461c26acb122cb403ee85fb226","true"
"vendor/memoryjs-3.5.1-patched/lib/debugger.cc","  ","4446","2026-07-09T18:49:20.6460153Z","ace2a96b5340f9ec0b72654b27eb447ba1ae2a01c16a8598a1e0ed04d0c8a3f9","fef5165b5acdf93237a68e9582cf6010683f4d55","ace2a96b5340f9ec0b72654b27eb447ba1ae2a01c16a8598a1e0ed04d0c8a3f9","true"
"vendor/memoryjs-3.5.1-patched/lib/debugger.h","  ","1550","2026-07-09T18:49:20.9136461Z","00b9bd5c9fb00329262b6a99e15adec1cb304940394b7954ecb06f1d8ea45421","9679c6ebd70067c53b91793694666aa2d3e9f0e0","00b9bd5c9fb00329262b6a99e15adec1cb304940394b7954ecb06f1d8ea45421","true"
"vendor/memoryjs-3.5.1-patched/lib/dll.h","  ","2712","2026-07-09T18:49:20.9161543Z","197fcb31ec2e94a3aa59c90e9136ff1830ec31bb314e77914e3e4ba1ed134d6b","11181bca4a2dd2ce277d44ccd1fbd70a5c4291dc","197fcb31ec2e94a3aa59c90e9136ff1830ec31bb314e77914e3e4ba1ed134d6b","true"
"vendor/memoryjs-3.5.1-patched/lib/functions.cc","  ","579","2026-07-09T18:49:20.6500180Z","3ede8b93901e7353dff990836b5d2d7937058bca987f83fe32e96ae9866f04b1","1685a9dab855a1b6dde921b34f435ff642bf2e55","3ede8b93901e7353dff990836b5d2d7937058bca987f83fe32e96ae9866f04b1","true"
"vendor/memoryjs-3.5.1-patched/lib/functions.h","  ","6871","2026-07-09T18:49:20.9201548Z","1f119b37b938e9f6fd10f7c950dfd51f697b1ac6c6ed5ac896451a460ac49a32","dea685bb4af566ef4324e3102104eb140eb824a1","1f119b37b938e9f6fd10f7c950dfd51f697b1ac6c6ed5ac896451a460ac49a32","true"
"vendor/memoryjs-3.5.1-patched/lib/memory.cc","  ","536","2026-07-09T18:49:20.6520168Z","c6d37fa75a44bad8865ae790ab01adbbb4686e934515f2c7908df5eab66aaaba","6943dba1e3de51c954e9b7402fb99f18dbb31bfc","c6d37fa75a44bad8865ae790ab01adbbb4686e934515f2c7908df5eab66aaaba","true"
"vendor/memoryjs-3.5.1-patched/lib/memory.h"," M","3728","2026-07-29T14:59:16.0857536Z","9a7e0b6226e58569ed6947b92d2a7028eafff6ab3451caf7932a7579dcdba35d","2c47139698e81f2e75142173a46abe90be4a615b","9a7e0b6226e58569ed6947b92d2a7028eafff6ab3451caf7932a7579dcdba35d","true"
"vendor/memoryjs-3.5.1-patched/lib/memoryjs.cc"," M","62806","2026-07-29T15:01:22.2176523Z","df7d4b1c129b8f7f658e2063fdc428c9600e3b12eb15a6331a2c5aef31de6b90","e4c427f17d987ba5c43d6f7b060d6106e555eede","df7d4b1c129b8f7f658e2063fdc428c9600e3b12eb15a6331a2c5aef31de6b90","true"
"vendor/memoryjs-3.5.1-patched/lib/memoryjs.h","  ","195","2026-07-09T18:49:20.9251544Z","cabc77ed8ebc16c9c89ca8d81ffb7ecaa02d7608bd013323c04d407b8b334cda","c0428ef206535f37b885bc5ef66e90730c49bc52","cabc77ed8ebc16c9c89ca8d81ffb7ecaa02d7608bd013323c04d407b8b334cda","true"
"vendor/memoryjs-3.5.1-patched/lib/module.cc","  ","2792","2026-07-09T18:49:20.6570174Z","49db11e8a4fe2ef4a6de7cc7f660fc5f8b79dc719cb40b9fad136656314241a8","8d5b52e13cccaf50bf1436e59ce08b3191577465","49db11e8a4fe2ef4a6de7cc7f660fc5f8b79dc719cb40b9fad136656314241a8","true"
"vendor/memoryjs-3.5.1-patched/lib/module.h","  ","515","2026-07-09T18:49:20.9271546Z","b691b5f710abf9abfca9dd61f689524200cc33a1ac44a6ab9f720ab5a198f2d6","d90ed46c3aef6626cd6566ad9d0cfaa950a924e5","b691b5f710abf9abfca9dd61f689524200cc33a1ac44a6ab9f720ab5a198f2d6","true"
"vendor/memoryjs-3.5.1-patched/lib/pattern.cc","  ","3746","2026-07-09T18:49:20.6600177Z","b06a98071885f31872a0613b341ce4874601b4a9d4564873e67fdb484a558655","7c076320e9342039fe394c5084f1067eaccff358","b06a98071885f31872a0613b341ce4874601b4a9d4564873e67fdb484a558655","true"
"vendor/memoryjs-3.5.1-patched/lib/pattern.h","  ","1025","2026-07-09T18:49:20.9291568Z","4554538e24733da0c272dab3bc60c2d408f887204b1929727f8faaf792996be3","5b108c406d537bdb49d5fe212f373f2235c4c5de","4554538e24733da0c272dab3bc60c2d408f887204b1929727f8faaf792996be3","true"
"vendor/memoryjs-3.5.1-patched/lib/process.cc"," M","3030","2026-07-29T14:58:44.8871406Z","148f20821a8191eef41013e660ccf5343e77b056493d3f34f11fbde7eef577fd","34d238208e9f6d76317a0fa663d3447a4f9767cd","148f20821a8191eef41013e660ccf5343e77b056493d3f34f11fbde7eef577fd","true"
"vendor/memoryjs-3.5.1-patched/lib/process.h"," M","900","2026-07-29T14:58:32.8791429Z","43fd217ce2a95c7d9f66885e8709aa84a293507ff341edf98ba88bb16d3d8192","31a241e8af213837e12c8c5ace5bb6b931289c0c","43fd217ce2a95c7d9f66885e8709aa84a293507ff341edf98ba88bb16d3d8192","true"
"vendor/memoryjs-3.5.1-patched/LICENSE.md","  ","1106","2026-07-09T18:49:20.5974933Z","c126f43d0394f4de2e7330fcdddfffbb6018455d5be1f3a361d834c4a7cac8b0","2f2e53aa86f24cb7115420757f0b919090004e66","c126f43d0394f4de2e7330fcdddfffbb6018455d5be1f3a361d834c4a7cac8b0","true"
"vendor/memoryjs-3.5.1-patched/NOTES.md","  ","2946","2026-07-23T04:24:07.1958385Z","a02b11c876b0c19176389a5fd6e0ce1cc096926696be2f6815b9d8d9c25a5873","087f6df54acc71645e9989e07505aac0848ad227","a02b11c876b0c19176389a5fd6e0ce1cc096926696be2f6815b9d8d9c25a5873","true"
"vendor/memoryjs-3.5.1-patched/package.json","  ","996","2026-07-09T18:49:31.4011818Z","7a592eb66c633037dce8716b2fb014c4436dd4528a0f13dea5f4b40f82357ce4","dca3638203021da4ab63ac88e3911ce2c8e35f39","7a592eb66c633037dce8716b2fb014c4436dd4528a0f13dea5f4b40f82357ce4","true"
"vendor/memoryjs-3.5.1-patched/scripts/debug.js","  ","1221","2026-07-09T18:49:21.0447171Z","226d6c139c1d3019ac53f803615c2d8dad4ba7768db57aa6b32aeb5384a27ecf","aa40c71b170aa18424d2f36dbc13ca7c19c164ed","226d6c139c1d3019ac53f803615c2d8dad4ba7768db57aa6b32aeb5384a27ecf","true"
"vendor/memoryjs-3.5.1-patched/scripts/install.js","  ","1460","2026-07-09T18:49:21.0412085Z","6cc97cfb44e8b05e3eb58a58aa216b5e38ed15ae5542f8c31b99df0cb6e09cd5","8c34eab6c9aca86ef96c94ef94144b782c17b4f9","6cc97cfb44e8b05e3eb58a58aa216b5e38ed15ae5542f8c31b99df0cb6e09cd5","true"
"vendor/memoryjs-3.5.1-patched/src/consts.js","  ","3135","2026-07-09T18:49:20.9836784Z","cbd16984c3ccd10d222171f9f718a64ce262c5604a04ec9db514ab69593c907b","a7a827a69cd40e440ec6814c81dc130cbb85ad88","cbd16984c3ccd10d222171f9f718a64ce262c5604a04ec9db514ab69593c907b","true"
"vendor/memoryjs-3.5.1-patched/src/debugger.js","  ","3342","2026-07-09T18:49:20.9856790Z","d228aa2ba50b72473f6f87a6551d7776d2fa94cb23ee628d8363f605643bb651","3c38a1e3899c5644621c9ceb1c10839261be4da3","d228aa2ba50b72473f6f87a6551d7776d2fa94cb23ee628d8363f605643bb651","true"
"vendor/memoryjs-3.5.1-patched/src/utils.js","  ","3607","2026-07-09T18:49:20.9891877Z","e290e7c7754d708b3cd3d887a01bdc5e469ecf6860a1d15fb857c3588a6baeb5","d69217e01d245a684cf05a4ef13847f86248f0f2","e290e7c7754d708b3cd3d887a01bdc5e469ecf6860a1d15fb857c3588a6baeb5","true"
"vite.config.ts"," M","1407","2026-07-27T06:48:35.4067285Z","64c53b820a7bf8936d094222f37856013414b253fe574cb9cc71c5094cfc946a","695a33be7ecf706cd46149523857a8424793dd1e","64c53b820a7bf8936d094222f37856013414b253fe574cb9cc71c5094cfc946a","true"
