"Path","BaselineSHA256","CurrentSHA256","Classification"
".gitattributes","a28761658e10982b50d678402f2e5d902859cd5b0709444b3dcd39aaae2fc09c","a28761658e10982b50d678402f2e5d902859cd5b0709444b3dcd39aaae2fc09c","UNCHANGED"
".github/workflows/ci-fast.yml","6404104020d3e56bf4c58711ee8db69ab2a4124969aa03fb6758d3c227f0abd8","6404104020d3e56bf4c58711ee8db69ab2a4124969aa03fb6758d3c227f0abd8","UNCHANGED"
".github/workflows/ci-nightly.yml","7d27bb1af5e4b78f2da1959ed8700b9dc8560e6df631bcb89cf6a1ec2471898d","7d27bb1af5e4b78f2da1959ed8700b9dc8560e6df631bcb89cf6a1ec2471898d","UNCHANGED"
".gitignore","aca220da657cc04932df93e1375add9a28aad631d4335377ccf4343f52efd649","aca220da657cc04932df93e1375add9a28aad631d4335377ccf4343f52efd649","UNCHANGED"
".npmrc","7151cf397def0c2cb0ab65643701d27d335a72c90f775675b5f826bc7005818a","7151cf397def0c2cb0ab65643701d27d335a72c90f775675b5f826bc7005818a","UNCHANGED"
".nvmrc","f14b4987904bcb5814e4459a057ed4d20f58a633152288a761214dcd28780b56","f14b4987904bcb5814e4459a057ed4d20f58a633152288a761214dcd28780b56","UNCHANGED"
"AGENTS.md","29e3dc2fb9d21c34035c102957bc5bfd436a643eb1654517f1cd0b52dedc0f65","29e3dc2fb9d21c34035c102957bc5bfd436a643eb1654517f1cd0b52dedc0f65","UNCHANGED"
"CHANGELOG.md","0c85a9ce1f6b654dc3bec38fcbd728732cb9e1278eb0734b7af7cfd089095d43","0c85a9ce1f6b654dc3bec38fcbd728732cb9e1278eb0734b7af7cfd089095d43","UNCHANGED"
"data/trainer-catalog-seed.json","e65d4ec8f01b3851cde8f83ac409911f05153633d3106fb2a32baa94ab24d52c","e65d4ec8f01b3851cde8f83ac409911f05153633d3106fb2a32baa94ab24d52c","UNCHANGED"
"demo-game/data/items.json","50a5ba3cdd061b947032b1f12a8dfdecbf24799bc612bf5b86ad974114d82134","50a5ba3cdd061b947032b1f12a8dfdecbf24799bc612bf5b86ad974114d82134","UNCHANGED"
"demo-game/data/player_stats.ini","3ce8a6d836975db22b4849400d418746cf413123bc1ba6709194b1f01bd02489","3ce8a6d836975db22b4849400d418746cf413123bc1ba6709194b1f01bd02489","UNCHANGED"
"demo-game/save/player.rfsa","11c2a993c69790f42597e2cfc671c466579d0ca55727ecfd1ba649a083604856","11c2a993c69790f42597e2cfc671c466579d0ca55727ecfd1ba649a083604856","UNCHANGED"
"demo-game/save/save1.json","2f65830386d65458e07a0e7c0c1333929fd62aa1bbab537ebacc3f7ebb19d371","2f65830386d65458e07a0e7c0c1333929fd62aa1bbab537ebacc3f7ebb19d371","UNCHANGED"
"demo-game/save/save2.json","213d62f3d8b453330147eca7d544c1f69d5838b043aade3b08ee003986a11c40","213d62f3d8b453330147eca7d544c1f69d5838b043aade3b08ee003986a11c40","UNCHANGED"
"demo-game/save/stardew-fixture.xml","032375d688136487b231a8b5dfd3210309785a5537d7d8de5c3fd7592667b89d","032375d688136487b231a8b5dfd3210309785a5537d7d8de5c3fd7592667b89d","UNCHANGED"
"demo-game/saves/terraria/player-fixture-v279.plr","16675586dccaf7bfc6a78671c0132abfcee5b518e5df6b6ec5ad513b4a80b2b3","16675586dccaf7bfc6a78671c0132abfcee5b518e5df6b6ec5ad513b4a80b2b3","UNCHANGED"
"Docs/AgentSkills/Solith.skill.md","be914ff444839aa90da3422a550d4f1c7ad80201fdf5ca565b06453239dc93c0","be914ff444839aa90da3422a550d4f1c7ad80201fdf5ca565b06453239dc93c0","UNCHANGED"
"Docs/ANTIVIRUS_SETUP.md","ccc977adb4274b7f3d5eb66f31279111526a65762b7dda2b708991f5e926a25f","ccc977adb4274b7f3d5eb66f31279111526a65762b7dda2b708991f5e926a25f","UNCHANGED"
"Docs/Architecture/ADR_READ_ONLY_SESSION_LIFECYCLE_MONITOR.md","a87c94bbe2fb5da7b3d197e3874f4cff003266c32c5d523101ac7ef0d688e6f1","a87c94bbe2fb5da7b3d197e3874f4cff003266c32c5d523101ac7ef0d688e6f1","UNCHANGED"
"Docs/Architecture/APP_PATHS.md","c79fa3e87d828d8646413e0452a719c814d9a7542fdb01b5de2b9288dc6bac51","c79fa3e87d828d8646413e0452a719c814d9a7542fdb01b5de2b9288dc6bac51","UNCHANGED"
"Docs/Architecture/COMPATIBILITY_PROFILES.md","6223543b131099f7eb007fdb6cc945a6426cf308cb687f9e6c4699b3f4571e31","6223543b131099f7eb007fdb6cc945a6426cf308cb687f9e6c4699b3f4571e31","UNCHANGED"
"Docs/Architecture/ELECTRON_BUILD_PIPELINE.md","150dfca10437149e3cc910a820a77ceecb368101574430320ca6b7bebe1fb013","150dfca10437149e3cc910a820a77ceecb368101574430320ca6b7bebe1fb013","UNCHANGED"
"Docs/Architecture/INERT_CT_REGISTRY_BLUEPRINT.md","e3a1d04b625dbadfd8ca7ac95aafb0ecf47bfabbb75cf940a075959f49e9deae","e3a1d04b625dbadfd8ca7ac95aafb0ecf47bfabbb75cf940a075959f49e9deae","UNCHANGED"
"Docs/Architecture/OPERATION_STATE_MACHINE.md","ddcc07ffcc1c10f923b244469d24d13cece7ff4659856104c9dd105b33e87c21","ddcc07ffcc1c10f923b244469d24d13cece7ff4659856104c9dd105b33e87c21","UNCHANGED"
"Docs/Architecture/PILOT_SANDBOX.md","5b45f6b6b6598a8aeee570fc4de1ab597d7931a629072153c53e6e1b98761ac8","5b45f6b6b6598a8aeee570fc4de1ab597d7931a629072153c53e6e1b98761ac8","UNCHANGED"
"Docs/Architecture/READ_ONLY_POINTER_CHAIN_L2_DESIGN.md","9a2cdc4d6697c7b34568076c9a6783ff8156ff9d7726809c9df1d45f6e511e46","9a2cdc4d6697c7b34568076c9a6783ff8156ff9d7726809c9df1d45f6e511e46","UNCHANGED"
"Docs/Architecture/READ_ONLY_SCANNER_HELPER.md","a10df1cde4382491cb111c800e36f07079e3ee6f39c8efc4d0226ce6d8dd1dff","a10df1cde4382491cb111c800e36f07079e3ee6f39c8efc4d0226ce6d8dd1dff","UNCHANGED"
"Docs/Architecture/SOLITH_WISP_COMPANION.md","c26e76edb5370f2b3cada73fe5bc2a3efd2215a292ac91b86e9f838441a4cee2","c26e76edb5370f2b3cada73fe5bc2a3efd2215a292ac91b86e9f838441a4cee2","UNCHANGED"
"Docs/Architecture/SOLITH_ZERO_INPUT_BLUEPRINT.md","5156b49b1c6aefdf4374195f67ab36dfe8331f61a5ed229052478c759e920448","5156b49b1c6aefdf4374195f67ab36dfe8331f61a5ed229052478c759e920448","UNCHANGED"
"Docs/Architecture/THIRD_PARTY_QUARANTINE_SPEC.md","f60771842b8a5685d251b357d8abdf4fa48e575ab22197ae718ad7b400b01322","f60771842b8a5685d251b357d8abdf4fa48e575ab22197ae718ad7b400b01322","UNCHANGED"
"Docs/Architecture/TRAINER_MODE.md","ba5bd570076bf4b497ddd363407c2a8028abde109ad1c87e3280125cfc9f6314","ba5bd570076bf4b497ddd363407c2a8028abde109ad1c87e3280125cfc9f6314","UNCHANGED"
"Docs/Architecture/WORKSHOP_MODE.md","339fcc7a050a030b2720530cc66dea96d063c963f714e2fe22905fb68924cdb5","339fcc7a050a030b2720530cc66dea96d063c963f714e2fe22905fb68924cdb5","UNCHANGED"
"Docs/Baselines/ATOMFALL_L3_EVIDENCE.md","4902f61bd93b64adbd4395953d189a31a56458ded3be8ce0f4a6a9ee86e3ba5b","4902f61bd93b64adbd4395953d189a31a56458ded3be8ce0f4a6a9ee86e3ba5b","UNCHANGED"
"Docs/Baselines/AVOWED_CONNECTION_BASELINE_2026-07-20.md","b40ce6a8ae394e2377e9f7675f2c0ff5a0a929a23035574491d1164fab4d0e4d","b40ce6a8ae394e2377e9f7675f2c0ff5a0a929a23035574491d1164fab4d0e4d","UNCHANGED"
"Docs/BinaryFormats/RESEARCH_INDEX.md","d8739df251ae184bd6079450a2020e52d0553af25bf420cb3da3b24a6f367eab","d8739df251ae184bd6079450a2020e52d0553af25bf420cb3da3b24a6f367eab","UNCHANGED"
"Docs/BinaryFormats/RFSA_v1.md","93bb55b0d7960a7ed3c074289b998f1f8404e0d8fb43631d65f0431aa374d93e","93bb55b0d7960a7ed3c074289b998f1f8404e0d8fb43631d65f0431aa374d93e","UNCHANGED"
"Docs/BinaryFormats/TERRARIA_PLR.md","eaf803ac0e94191715401b4b208c43c79f13c14fab9c36f8ffaeef67818c8f9d","eaf803ac0e94191715401b4b208c43c79f13c14fab9c36f8ffaeef67818c8f9d","UNCHANGED"
"Docs/Certification/CHECKLIST.md","a522159a53aa26c13c3e322fc43bf069b67ef04ef75a672a7a82d1b53b3c32f4","a522159a53aa26c13c3e322fc43bf069b67ef04ef75a672a7a82d1b53b3c32f4","UNCHANGED"
"Docs/Certification/EVIDENCE_TEMPLATE.md","4bb90ae1cfcc49acdf72cae03fea1684471fe99ab970de549e5d9410e9440f13","4bb90ae1cfcc49acdf72cae03fea1684471fe99ab970de549e5d9410e9440f13","UNCHANGED"
"Docs/Certification/LEVELS.md","dfd8d1fd655eb33e2e827c9849ad08e7b2155447928e06920ba48448bc5d4f20","dfd8d1fd655eb33e2e827c9849ad08e7b2155447928e06920ba48448bc5d4f20","UNCHANGED"
"Docs/COMMAND_LOG.md","28e4edbe0b426ce224bee1e62d04cf2bf2e732250147662ed50b069f905df8f5","28e4edbe0b426ce224bee1e62d04cf2bf2e732250147662ed50b069f905df8f5","UNCHANGED"
"Docs/Compatibility/PILOT_RESULTS.md","31a783af832195be984617c08d3f11f44232fa260820860e0a872ac98b44fbf8","31a783af832195be984617c08d3f11f44232fa260820860e0a872ac98b44fbf8","UNCHANGED"
"Docs/Compatibility/REAL_WORLD_PILOT_CHECKLIST.md","b77468307a05b62451e2cd32cefbc2944774062c6de0e72e45a08a23008d5b61","b77468307a05b62451e2cd32cefbc2944774062c6de0e72e45a08a23008d5b61","UNCHANGED"
"Docs/Compatibility/V1_FORMAT_COMPATIBILITY.md","f7455b68c2ee12bca8e62cc3a8497f730292e8f0d213a7fad306acd9134c1d16","f7455b68c2ee12bca8e62cc3a8497f730292e8f0d213a7fad306acd9134c1d16","UNCHANGED"
"Docs/Compatibility/V1_GAME_VALIDATION.md","4fc5696217778b9a8cdaf667795fd53952b85d62527e8bbaa107e05dc7d1f71b","4fc5696217778b9a8cdaf667795fd53952b85d62527e8bbaa107e05dc7d1f71b","UNCHANGED"
"Docs/Compatibility/V1_SUPPORT_MATRIX.md","7506ff6ab19b8ffa2fcc3c63c34d08bf67726cc826c206f57a4a957d1a7af44a","7506ff6ab19b8ffa2fcc3c63c34d08bf67726cc826c206f57a4a957d1a7af44a","UNCHANGED"
"Docs/CONTEXT_HANDOFF.md","7c84b6ae74f9805fd621f224cb564cef27b0e1db7ed736f06a240861ad192df4","7c84b6ae74f9805fd621f224cb564cef27b0e1db7ed736f06a240861ad192df4","UNCHANGED"
"Docs/CT_LIBRARY.md","2cddbca9fb6549e768ab4c38285f8d8411d8a63b51f9f18eddd11ff5dd5778d8","2cddbca9fb6549e768ab4c38285f8d8411d8a63b51f9f18eddd11ff5dd5778d8","UNCHANGED"
"Docs/Guides/REAL_WORLD_PILOT_EXECUTION.md","5180be3f6464cac6eb4be109b57135497cf51b1c50dbcfd3864cad5aa323b617","5180be3f6464cac6eb4be109b57135497cf51b1c50dbcfd3864cad5aa323b617","UNCHANGED"
"Docs/Guides/REAL_WORLD_PILOT_INTAKE.md","f97f8a4dd16ade3395113e32a983cb12f50dde22c88225c2dfeeb1b55963920c","f97f8a4dd16ade3395113e32a983cb12f50dde22c88225c2dfeeb1b55963920c","UNCHANGED"
"Docs/Guides/TRAINER_MODE_GUIDE.md","06f5fad41945a6bc191ee7c743e37405aab3c675085efedb8e63d3cf5aae15de","06f5fad41945a6bc191ee7c743e37405aab3c675085efedb8e63d3cf5aae15de","UNCHANGED"
"Docs/Guides/V1_5_DISTRIBUTION_GUIDE.md","a82ea66c17e5190740f3281219feaf579e66ac46e73e8919fd674d4021d6db46","a82ea66c17e5190740f3281219feaf579e66ac46e73e8919fd674d4021d6db46","UNCHANGED"
"Docs/Guides/WORKSHOP_MODE_GUIDE.md","086efd9be3eb4689a4d0fdc7f16883c7bcfbf90c9c2a2058f6fdc509bab861b7","086efd9be3eb4689a4d0fdc7f16883c7bcfbf90c9c2a2058f6fdc509bab861b7","UNCHANGED"
"Docs/IMPLEMENTATION_STATUS.md","32718ee8e76987b2760f2fde83f35cce1a06576d6793062d4a2f877901d0a3ad","32718ee8e76987b2760f2fde83f35cce1a06576d6793062d4a2f877901d0a3ad","UNCHANGED"
"Docs/IN_PROCESS_PILOT_SAFETY_CHARTER.md","0925fa667204be63563daa588635b35531796e6934c66886b0c91cdad78aabb4","0925fa667204be63563daa588635b35531796e6934c66886b0c91cdad78aabb4","UNCHANGED"
"Docs/KNOWN_ISSUES.md","8943e698460b2db7f19370b6abcd2a9599c5536a415df6d8e5be01c2a55cbd78","8943e698460b2db7f19370b6abcd2a9599c5536a415df6d8e5be01c2a55cbd78","UNCHANGED"
"Docs/KNOWN_LIMITATIONS.md","0df5133fd5f57fee0758d42234e826f8fc12f0b075b6c5592f428c74e660e857","0df5133fd5f57fee0758d42234e826f8fc12f0b075b6c5592f428c74e660e857","UNCHANGED"
"Docs/MANAGED_RUNTIME_STRATEGY.md","913c62e404bd559fe52f80e8108d85d24a91a5e76330ec1baebd5ac5f0a59d2b","913c62e404bd559fe52f80e8108d85d24a91a5e76330ec1baebd5ac5f0a59d2b","UNCHANGED"
"Docs/MULTI_GAME_TRAINER_SUMMARY.md","fd4be2b0d523c07f139be799ae37d465acb6932e2cdc68a54af3c566e1dcd9d9","fd4be2b0d523c07f139be799ae37d465acb6932e2cdc68a54af3c566e1dcd9d9","UNCHANGED"
"Docs/NEXT_ACTIONS.md","1e2d76aea698ab8d8f62f9859e0eea44189f30044dcba364555dca43b94e3812","1e2d76aea698ab8d8f62f9859e0eea44189f30044dcba364555dca43b94e3812","UNCHANGED"
"Docs/Plans/AVOWED_LIVE_VALIDATION_SOP.md","c253a691788f0aa0d17d57f39696ca5908d040420693732e83182aed65a0427f","c253a691788f0aa0d17d57f39696ca5908d040420693732e83182aed65a0427f","UNCHANGED"
"Docs/Plans/PHASE10_GATED_WRITE_ARCHITECTURE.md","f749127c0ede4de4ed54d842c0c07941798ab57e3ff99a8ef1cc462b8ee868ef","f749127c0ede4de4ed54d842c0c07941798ab57e3ff99a8ef1cc462b8ee868ef","UNCHANGED"
"Docs/Plans/PHASE2_4_CT_LIVE_BRIDGE.md","0a1ac734d3e94c3a9ee0354954a52e077abfeda81be283290a01c755efa77a9f","0a1ac734d3e94c3a9ee0354954a52e077abfeda81be283290a01c755efa77a9f","UNCHANGED"
"Docs/Plans/PHASE9_ADDRESS_DATA_RESEARCH_TOOLS.md","640506df05e8b9e6848f25ec688ad78e505341c7718dd31aadb29f9f92701fc5","640506df05e8b9e6848f25ec688ad78e505341c7718dd31aadb29f9f92701fc5","UNCHANGED"
"Docs/Plans/SCHEMA_V1_PHASE0_CONSUMER_INVENTORY.md","7e1cdd4c52806950dfd23319b1e2fc62116667798aa3589bb26d78951105e75e","7e1cdd4c52806950dfd23319b1e2fc62116667798aa3589bb26d78951105e75e","UNCHANGED"
"Docs/Plans/SCHEMA_V1_UNIFICATION_PLAN.md","7389257ac9a9659abc5b0e2216aeacbc37d2fbc16e685c6f14f723ebe69a69be","7389257ac9a9659abc5b0e2216aeacbc37d2fbc16e685c6f14f723ebe69a69be","UNCHANGED"
"Docs/Plans/SOLITH_PINNACLE_MASTER_PLAN.md","ad45be5ec985f3c9412f77a048c0badc646d8651a4b249a089f05dddcc50bfca","ad45be5ec985f3c9412f77a048c0badc646d8651a4b249a089f05dddcc50bfca","UNCHANGED"
"Docs/Plans/WEMOD_ADOPTION_MATRIX.md","008e2f37936dc395aeb3a8b7282ec003ab6f7ff4102ae5d9b27174fbc0b48c8f","008e2f37936dc395aeb3a8b7282ec003ab6f7ff4102ae5d9b27174fbc0b48c8f","UNCHANGED"
"Docs/Plans/WEMOD_ADOPTION_PLAN.md","ce02c35d7de2ec804699627733a4f9095e80dd239429ace32708f106e71c093f","ce02c35d7de2ec804699627733a4f9095e80dd239429ace32708f106e71c093f","UNCHANGED"
"Docs/RELEASE_CHECKLIST.md","ea7f4be7e6afcb90d27dddb261c347089785f38636b38808c932f312de26fcf4","ea7f4be7e6afcb90d27dddb261c347089785f38636b38808c932f312de26fcf4","UNCHANGED"
"Docs/Reports/ACCESSIBILITY_POLISH_VERIFICATION.md","b0aee841ccfb0897b8a455463445b83dc345e23b9560eb427d93162124c1ecc5","b0aee841ccfb0897b8a455463445b83dc345e23b9560eb427d93162124c1ecc5","UNCHANGED"
"Docs/Reports/ACCESSIBILITY_REPORT.md","03c4471969afd35e78354a81f6ccfa1304aff7d7b69eac2c80652ef29d70b19e","03c4471969afd35e78354a81f6ccfa1304aff7d7b69eac2c80652ef29d70b19e","UNCHANGED"
"Docs/Reports/COMPATIBILITY_PILOT_REPORT.md","ef24b59617c3913479ebb9537add405ac73da9d5ba72eaf0de45ab4fedb9b48e","ef24b59617c3913479ebb9537add405ac73da9d5ba72eaf0de45ab4fedb9b48e","UNCHANGED"
"Docs/Reports/DEPENDENCY_AUDIT_PHASE4.md","bc75aee4590b088b78d768efa07f6d22ae613f7e730e682e4dcfa971ecf28baa","bc75aee4590b088b78d768efa07f6d22ae613f7e730e682e4dcfa971ecf28baa","UNCHANGED"
"Docs/Reports/DRILL_CORE_MASTER_VOLUME_EVIDENCE.md","fa84c9bb62a183ed9aa7e6efdb2e886e91aec4bf92818e5e0d32a0c4b60ce3f6","fa84c9bb62a183ed9aa7e6efdb2e886e91aec4bf92818e5e0d32a0c4b60ce3f6","UNCHANGED"
"Docs/Reports/DRILL_CORE_MASTER_VOLUME_SANDBOX_PILOT.md","61a87bb9e8ee79322e9ab3e455d069a695b558c0ffd6a0789847ea1996d05089","61a87bb9e8ee79322e9ab3e455d069a695b558c0ffd6a0789847ea1996d05089","UNCHANGED"
"Docs/Reports/ELECTRON_ACCEPTANCE_GATE_RECONCILIATION.md","be94e90f74b4dc40f6f63e12a4f682c69be4831fd388ce8298d087da4399a01b","be94e90f74b4dc40f6f63e12a4f682c69be4831fd388ce8298d087da4399a01b","UNCHANGED"
"Docs/Reports/ELECTRON_RUNTIME_VERIFICATION.md","4941c41608ae0ccba8fcab5e8fe229972a338d64e72d99d015799dc02bed184f","4941c41608ae0ccba8fcab5e8fe229972a338d64e72d99d015799dc02bed184f","UNCHANGED"
"Docs/Reports/Evidence/OfflineBlocker2/2026-07-28/electron-typecheck-base-head.txt","0a86976125a93f7c692257ea5bb6356f06ec06dccbb6996da5582c398073c3a2","0a86976125a93f7c692257ea5bb6356f06ec06dccbb6996da5582c398073c3a2","UNCHANGED"
"Docs/Reports/Evidence/OfflineBlocker2/2026-07-28/electron-typecheck-current.txt","bf8b792bfdf9dd5fd50f7a540b9e271fc5f34e15139322c622033eb19b7f27de","bf8b792bfdf9dd5fd50f7a540b9e271fc5f34e15139322c622033eb19b7f27de","UNCHANGED"
"Docs/Reports/Evidence/OfflineBlocker2/2026-07-28/invalid-archive-visible-error.png","e5b4a3a8ffb001a71ff5d875b2d9f6798093482ab55452aa62b5869596711af0","e5b4a3a8ffb001a71ff5d875b2d9f6798093482ab55452aa62b5869596711af0","UNCHANGED"
"Docs/Reports/Evidence/OfflineBlocker2/2026-07-28/verification.md","b069f7734319177be0ebc90a01be9da03aa219dbd7a05bd6a7cab5330123bf78","b069f7734319177be0ebc90a01be9da03aa219dbd7a05bd6a7cab5330123bf78","UNCHANGED"
"Docs/Reports/Evidence/OfflineBlocker3/2026-07-28/registry-explorer-wisp-layering-pass.png","4d0715dc1f54bb6e0517053531ea6b62d5c529f607eefbfc0c5d37661d4540be","4d0715dc1f54bb6e0517053531ea6b62d5c529f607eefbfc0c5d37661d4540be","UNCHANGED"
"Docs/Reports/Evidence/OfflineBlocker3/2026-07-28/verification.md","d9fc0a34bdc60694ff8a3e62926bbb46feaeb1cecfdc0375525dd1997b103129","d9fc0a34bdc60694ff8a3e62926bbb46feaeb1cecfdc0375525dd1997b103129","UNCHANGED"
"Docs/Reports/Evidence/Phase-1/2026-07-26/00-windows-ui-unavailable.md","ebceeedf26d27271407f581b1b447fbc8812a2c61be996e98db91c10ee667a41","ebceeedf26d27271407f581b1b447fbc8812a2c61be996e98db91c10ee667a41","UNCHANGED"
"Docs/Reports/FRESH_CLONE_VERIFICATION_2026-07-12.md","2a4fda2fde25550f13a113ed70d305c3e0c6c3cbb79fa66023327b59ced7b1e7","2a4fda2fde25550f13a113ed70d305c3e0c6c3cbb79fa66023327b59ced7b1e7","UNCHANGED"
"Docs/Reports/FRESH_CLONE_VERIFICATION_2026-07-15.md","154734872fc387c0e47e7434492a5f988313076e9b581128157b85647865fca3","154734872fc387c0e47e7434492a5f988313076e9b581128157b85647865fca3","UNCHANGED"
"Docs/Reports/GATE_OUTPUT_2026-07-12.txt","e8245d13b57d6c4d634ddbe76d5a27e84d7993514b1bf17a992f9a644d030cca","e8245d13b57d6c4d634ddbe76d5a27e84d7993514b1bf17a992f9a644d030cca","UNCHANGED"
"Docs/Reports/HARDENING_RECONCILIATION_MATRIX.md","01c5dc4a774097c301e326e2b6914dcce1066c7deb3a95979104a8a9d9beed03","01c5dc4a774097c301e326e2b6914dcce1066c7deb3a95979104a8a9d9beed03","UNCHANGED"
"Docs/Reports/INDEPENDENT_HOSTILE_REAUDIT_08fffd8.md","28d7503bdf812a95f4caef65226b602222496d6b3eb8c4e29bfb0de101a601fa","28d7503bdf812a95f4caef65226b602222496d6b3eb8c4e29bfb0de101a601fa","UNCHANGED"
"Docs/Reports/INDEPENDENT_HOSTILE_REAUDIT_5eea539.md","352cc14c02bd9dac261fbd433df65908ce4a8407188495eacf5a16f13e01f001","352cc14c02bd9dac261fbd433df65908ce4a8407188495eacf5a16f13e01f001","UNCHANGED"
"Docs/Reports/INDEPENDENT_HOSTILE_REAUDIT_e9183db.md","abb12184a01200e20dc4f2da0d48cadbe8b73d53151f2a9ddb0a8e4dc8166535","abb12184a01200e20dc4f2da0d48cadbe8b73d53151f2a9ddb0a8e4dc8166535","UNCHANGED"
"Docs/Reports/KI_013_RESOLUTION.md","2b68211bd5248166b5614a4323e8a25d95e3b2eec92f7fb19e81f0f481246545","2b68211bd5248166b5614a4323e8a25d95e3b2eec92f7fb19e81f0f481246545","UNCHANGED"
"Docs/Reports/MILESTONE_I_STARDew_FIELD_SURVEY.txt","5da5f00eb69afcec6f266b380186f8bb551f4c01bf1b8969eaeb762312976906","5da5f00eb69afcec6f266b380186f8bb551f4c01bf1b8969eaeb762312976906","UNCHANGED"
"Docs/Reports/MILESTONE_I_XP_MAPPING_SURVEY.txt","f92072f33b3cb0a3693ae6b8451d7fcf38188076f1ddb703696382f8532a294b","f92072f33b3cb0a3693ae6b8451d7fcf38188076f1ddb703696382f8532a294b","UNCHANGED"
"Docs/Reports/MILESTONE_J_PHASE_1_AUDIT_2026-06-27T09-43-17.txt","440d4d23a8c1e10b388ed4a6723f30152c614984b870beb150ad76f91544d926","440d4d23a8c1e10b388ed4a6723f30152c614984b870beb150ad76f91544d926","UNCHANGED"
"Docs/Reports/MILESTONE_K_ACCEPTANCE_SUMMARY.md","6efdf9c2f2ae75568366c0a5667a2bfd9ed5f50880f8e64a68118a1784c07237","6efdf9c2f2ae75568366c0a5667a2bfd9ed5f50880f8e64a68118a1784c07237","UNCHANGED"
"Docs/Reports/MILESTONE_K_GATE_COMMANDS.md","9830f527863c3840c0a929ef26af719f092401014b7a5d72b70d2309ba2e3827","9830f527863c3840c0a929ef26af719f092401014b7a5d72b70d2309ba2e3827","UNCHANGED"
"Docs/Reports/MILESTONE_K_RELEASE_EVIDENCE_PLAN.md","75fe3eb42fcdc9013c48724ab3ebeaad5fea57d243a30b4b013714274524f530","75fe3eb42fcdc9013c48724ab3ebeaad5fea57d243a30b4b013714274524f530","UNCHANGED"
"Docs/Reports/MILESTONE_K_RELEASE_READINESS_CHECKLIST.md","a27ed2dffd006319abd064f4466ba44fa1be052ff251d6586226308c766370a0","a27ed2dffd006319abd064f4466ba44fa1be052ff251d6586226308c766370a0","UNCHANGED"
"Docs/Reports/MILESTONE_L_CONTRACT_REVIEW.md","fd0bdea11a585f2714c437e866af2af2f9b6f2f9be993c88bc74d1a2bf4f19a7","fd0bdea11a585f2714c437e866af2af2f9b6f2f9be993c88bc74d1a2bf4f19a7","UNCHANGED"
"Docs/Reports/MILESTONE_L_FULL_GATE_RESULTS.md","13c04fadf21fc9a4aaa441c44a8cd8e8007d8b6f6129733c180b651f18b0784e","13c04fadf21fc9a4aaa441c44a8cd8e8007d8b6f6129733c180b651f18b0784e","UNCHANGED"
"Docs/Reports/MILESTONE_L_NEXT_DECISION_OPTIONS.md","facf7cf119ea5ee885c68595de78c26f7885083289001501e07ecb0814f0087a","facf7cf119ea5ee885c68595de78c26f7885083289001501e07ecb0814f0087a","UNCHANGED"
"Docs/Reports/MILESTONE_L_RELEASE_CANDIDATE_LOCK_AUDIT.md","f03f52ef75925803bd9c1bad83b6f0c660545512bd79eee4766d6bfcdafb755d","f03f52ef75925803bd9c1bad83b6f0c660545512bd79eee4766d6bfcdafb755d","UNCHANGED"
"Docs/Reports/MILESTONE_L_RESEARCH_LAB_ACCEPTANCE.md","465d7f93d10e4ed0e47d895ad082f140922b21f8622c0fbb5d92771c43f669f3","465d7f93d10e4ed0e47d895ad082f140922b21f8622c0fbb5d92771c43f669f3","UNCHANGED"
"Docs/Reports/MILESTONE_M_IN_PROCESS_PILOT_ACCEPTANCE.md","1bc11d81f2ee44093f22286a05c9fc5e390c6b161d708330d2d232b8e2a3ce59","1bc11d81f2ee44093f22286a05c9fc5e390c6b161d708330d2d232b8e2a3ce59","UNCHANGED"
"Docs/Reports/OVERLAY_BOUNDS_BUNDLED_TITLES.md","860a281fb859f557ef196ba1f891550989c4261553befc235023d7dab44df10c","860a281fb859f557ef196ba1f891550989c4261553befc235023d7dab44df10c","UNCHANGED"
"Docs/Reports/PACKAGED_SMOKE_REPORT.md","7a1b1c20d7ac567007dc23464d5f898e6154c9cc7050921ccac5b8d1666c2bd2","7a1b1c20d7ac567007dc23464d5f898e6154c9cc7050921ccac5b8d1666c2bd2","UNCHANGED"
"Docs/Reports/PERFORMANCE_REPORT.md","a594e5b564d63b1927460deac1f99faf43d84567f66aeca33f58d1bbeb02e2f5","a594e5b564d63b1927460deac1f99faf43d84567f66aeca33f58d1bbeb02e2f5","UNCHANGED"
"Docs/Reports/PHASE_1_MANUAL_CERTIFICATION_2026-07-26.md","2ce849d0f1787ade4ed242b4daf38666a774eb3ded74b37468dee02648d32b8c","2ce849d0f1787ade4ed242b4daf38666a774eb3ded74b37468dee02648d32b8c","UNCHANGED"
"Docs/Reports/PHASE_2_CT_IMPORT_LIBRARY_AUDIT_2026-07-28.md","55a75a0cf20c3f02f9b35f5a8bc46e7401d06a75cc8c534b1eca0f8112943884","55a75a0cf20c3f02f9b35f5a8bc46e7401d06a75cc8c534b1eca0f8112943884","UNCHANGED"
"Docs/Reports/PHASE4_CLEAN_CLONE_CERTIFICATION_6a8967f.md","4907c70879b400e8c4210f71f0a43f7e14ce9b12fba70c3276da2045498d1080","4907c70879b400e8c4210f71f0a43f7e14ce9b12fba70c3276da2045498d1080","UNCHANGED"
"Docs/Reports/PHASE4_CLEAN_CLONE_CERTIFICATION_a435db0.md","4c68f44c75fcec0261d69b9b3ebd1090640342393e2212eeb76663d77b9c2799","4c68f44c75fcec0261d69b9b3ebd1090640342393e2212eeb76663d77b9c2799","UNCHANGED"
"Docs/Reports/PHASE4_CLEAN_CLONE_CERTIFICATION.md","403b96d5d99317a6523d3cca3e55806a3af0ce952d185adc488ebceb6588ca79","403b96d5d99317a6523d3cca3e55806a3af0ce952d185adc488ebceb6588ca79","UNCHANGED"
"Docs/Reports/PHASE4_HYGIENE_STATUS.md","3904ebcda8cae4d2cd3519adfc9a16ebbba8923f222dc600f7bb0f1a39a13ced","3904ebcda8cae4d2cd3519adfc9a16ebbba8923f222dc600f7bb0f1a39a13ced","UNCHANGED"
"Docs/Reports/PILOT_READINESS_POLISH.md","c495a7766fe8fb819fffec35f7898d861d612e7287c8214f1e67c4e8a8b566e4","c495a7766fe8fb819fffec35f7898d861d612e7287c8214f1e67c4e8a8b566e4","UNCHANGED"
"Docs/Reports/REAL_WORLD_PILOT_REPORT.md","4c4ab949c69755dc39a5546a136ffd0b32a46f5d298246cbe22e9a00031901ed","4c4ab949c69755dc39a5546a136ffd0b32a46f5d298246cbe22e9a00031901ed","UNCHANGED"
"Docs/Reports/RELEASE_EVIDENCE_PACK_PROPOSAL.md","4bb6e43a3ca909fe2ee8d67afaf9f9c49739db495acc57a48f3a3cf0fdb8e2c9","4bb6e43a3ca909fe2ee8d67afaf9f9c49739db495acc57a48f3a3cf0fdb8e2c9","UNCHANGED"
"Docs/Reports/RESIDUAL_SECURITY_REPAIR_FOLLOWUP.md","f18cad6d348ec166c83c4c4a3096381970c5c189cbde7f23ea3a6b100303f0e0","f18cad6d348ec166c83c4c4a3096381970c5c189cbde7f23ea3a6b100303f0e0","UNCHANGED"
"Docs/Reports/SECURITY_HARDENING_REPORT.md","c0f095cac9aa2aacb3d7078be18644513aa0f8ecb5327e3c87478433aa2f9e06","c0f095cac9aa2aacb3d7078be18644513aa0f8ecb5327e3c87478433aa2f9e06","UNCHANGED"
"Docs/Reports/SHELL_POLISH_ACCEPTANCE_SUMMARY.md","efee95e4a3ea9ac83f0585d8e841dfd6de9a078e070126434415eb7978509cc3","efee95e4a3ea9ac83f0585d8e841dfd6de9a078e070126434415eb7978509cc3","UNCHANGED"
"Docs/Reports/SOLITH_2_0_RELEASE_EVIDENCE.md","db9f18ff751638f50dc6095e1aeebc0cfd64fab36f7a3e272110f746fc0b35ba","db9f18ff751638f50dc6095e1aeebc0cfd64fab36f7a3e272110f746fc0b35ba","UNCHANGED"
"Docs/Reports/SOLITH_2_0_RELEASE_NOTES.md","0ded6e2223b3ae2089215c1cead0807ca649c82578d5fd70c35bb10affa27016","0ded6e2223b3ae2089215c1cead0807ca649c82578d5fd70c35bb10affa27016","UNCHANGED"
"Docs/Reports/solith-branding-screenshots/solith-dashboard-default.png","a714c9809603f95d83190d84a799e6a58d9a6b04815d967ada019cf7e0924b79","a714c9809603f95d83190d84a799e6a58d9a6b04815d967ada019cf7e0924b79","UNCHANGED"
"Docs/Reports/solith-branding-screenshots/solith-dashboard-maximized.png","e04e208c902f9a328370a0eddc28734915a34d080c7a255303adb0a53299ec84","e04e208c902f9a328370a0eddc28734915a34d080c7a255303adb0a53299ec84","UNCHANGED"
"Docs/Reports/STRICT_EXECUTIVE_PROJECT_REVIEW_2026-07-26.md","c56ae280765d4ec251d679f87dc203fdb2e1cd0e6a05875315547fba0d0e342d","c56ae280765d4ec251d679f87dc203fdb2e1cd0e6a05875315547fba0d0e342d","UNCHANGED"
"Docs/Reports/TRAINER_LIST_PERFORMANCE.md","db6ba8acef9ef15e2deb329802643f1b4a2cdfc025130623fb60b74137187215","db6ba8acef9ef15e2deb329802643f1b4a2cdfc025130623fb60b74137187215","UNCHANGED"
"Docs/Reports/TRAINER_UX_VERIFICATION.md","085f5a25df15d517dd0f7586d9a269ffc6e9e530df93c0925c8c3b8236bd12bd","085f5a25df15d517dd0f7586d9a269ffc6e9e530df93c0925c8c3b8236bd12bd","UNCHANGED"
"Docs/Reports/UI_RUNTIME_VERIFICATION.md","a221bf36090a186b2305b10a0092e46295ce02e5f8a3c5c8827d4928f8e2771a","a221bf36090a186b2305b10a0092e46295ce02e5f8a3c5c8827d4928f8e2771a","UNCHANGED"
"Docs/Reports/V1_0_0_RELEASE_SMOKE_REPORT.md","2ce46402b722545417b5c67c6fbbbdd7648c12506bb17b92651856e35f586f9f","2ce46402b722545417b5c67c6fbbbdd7648c12506bb17b92651856e35f586f9f","UNCHANGED"
"Docs/Reports/V1_0_0_TAG_READINESS_REPORT.md","f3ad3d38298fa461939d41b299a4e1f46aad50e6d8c32028f212596b13b5b8bc","f3ad3d38298fa461939d41b299a4e1f46aad50e6d8c32028f212596b13b5b8bc","UNCHANGED"
"Docs/Reports/V1_4_0_RELEASE_READINESS_REPORT.md","eeed7406835d7637b6c57873ed6c75dfa934e5fd248295d91221157b314684be","eeed7406835d7637b6c57873ed6c75dfa934e5fd248295d91221157b314684be","UNCHANGED"
"Docs/Reports/V1_5_0_RELEASE_READINESS_REPORT.md","3bce796414099fac01d60c2b96b9b9d6f6d75f677feb03ccd4f1223d985a2cd6","3bce796414099fac01d60c2b96b9b9d6f6d75f677feb03ccd4f1223d985a2cd6","UNCHANGED"
"Docs/Reports/V1_5_RELEASE_CHECKLIST.md","7d57d0cad185f7dfe5207889da8187e73fe30855e93509fb23ea95e82688c4a3","7d57d0cad185f7dfe5207889da8187e73fe30855e93509fb23ea95e82688c4a3","UNCHANGED"
"Docs/Reports/V1_NON_USER_DATA_CLOSEOUT.md","af9f234ecd694180c341182adc8e1ba25d58696180e6fac7e1edc818070aa5cb","af9f234ecd694180c341182adc8e1ba25d58696180e6fac7e1edc818070aa5cb","UNCHANGED"
"Docs/Reports/V1_RC1_MANUAL_SMOKE_TEST_CHECKLIST.md","523674245cd0299c20f3f334a32aeb8d6256173de5db16fbd40b1e2d0dee5e55","523674245cd0299c20f3f334a32aeb8d6256173de5db16fbd40b1e2d0dee5e55","UNCHANGED"
"Docs/Reports/V2_0_0_RELEASE_READINESS_REPORT.md","45e7fe21b083d937290d3de2865db30aaa1bf503dfb807d6f1201ab7c9685005","45e7fe21b083d937290d3de2865db30aaa1bf503dfb807d6f1201ab7c9685005","UNCHANGED"
"Docs/Reports/V2_2_WEMOD_ADOPTION_TAG_LOCK.md","f42f740aeb9433ed69adac77b438b306001060a0261684c4eb656bad8f896c26","f42f740aeb9433ed69adac77b438b306001060a0261684c4eb656bad8f896c26","UNCHANGED"
"Docs/Research/AVOWED_CT_IMPORT_NOTES.md","861799a9b97558560bcc27d387b8c65588c7db99b8b4c18a00dad6779831f74c","861799a9b97558560bcc27d387b8c65588c7db99b8b4c18a00dad6779831f74c","UNCHANGED"
"Docs/Research/LEGACY_TRAINER_RUNTIME_FINDINGS.md","bf517500f4896d20cac238765e948dc697946c1c99c5401bdb1e0baa3a57d59a","bf517500f4896d20cac238765e948dc697946c1c99c5401bdb1e0baa3a57d59a","UNCHANGED"
"Docs/safety-architecture.md","33e567e7a2a23c14a15867c05e268488d6e300b57f00be83ca48d33cd6e1d921","33e567e7a2a23c14a15867c05e268488d6e300b57f00be83ca48d33cd6e1d921","UNCHANGED"
"Docs/SECURITY_AUDIT_EXCEPTIONS.md","c952ceee7845fad95d0deb129b1fdf673320dec4c73cbd23e2e6a6b6d6963d41","c952ceee7845fad95d0deb129b1fdf673320dec4c73cbd23e2e6a6b6d6963d41","UNCHANGED"
"Docs/Security/B2A/freeze-consent-lifecycle-discovery.md","e551e895ab1e7f45d485826b65505fc84b44775aff001eeee3dbced288f4534e","e551e895ab1e7f45d485826b65505fc84b44775aff001eeee3dbced288f4534e","UNCHANGED"
"Docs/Security/BATCH_A_COMPLETION_MATRIX.md","8c7c6cda286d036c77ee9ba70f4dea8edbebde0a5b2761342e9483309f8a255a","8c7c6cda286d036c77ee9ba70f4dea8edbebde0a5b2761342e9483309f8a255a","UNCHANGED"
"Docs/Security/BATCH_A_FINAL_REPORT.md","293ed9aadd9d4238eb4377abe487fc8ff23fca607895f95fbb3504f21a72356d","293ed9aadd9d4238eb4377abe487fc8ff23fca607895f95fbb3504f21a72356d","UNCHANGED"
"Docs/Security/Evidence/BatchA/branch.txt","20c33ec3becb9fdfd2ebb8086c3b6623fe2e81a9a65f8c5a5b8ab187b35002d5","20c33ec3becb9fdfd2ebb8086c3b6623fe2e81a9a65f8c5a5b8ab187b35002d5","UNCHANGED"
"Docs/Security/Evidence/BatchA/consent-state-machine-audit.txt","7b23b8f0ef6cab521bf7c05b3b3d1724d19a36478c7ba2af71a5b5dab1980b10","7b23b8f0ef6cab521bf7c05b3b3d1724d19a36478c7ba2af71a5b5dab1980b10","UNCHANGED"
"Docs/Security/Evidence/BatchA/git-diff-check.txt","fedc983c18666e53c03b7bd1174bd46ab540750c6dfef991bcb108f68a7aa102","fedc983c18666e53c03b7bd1174bd46ab540750c6dfef991bcb108f68a7aa102","UNCHANGED"
"Docs/Security/Evidence/BatchA/git-diff-stat.txt","45c20429e17ab5841c8ac9d83cb68ec100d9a757dae72c949baffff316c433d5","45c20429e17ab5841c8ac9d83cb68ec100d9a757dae72c949baffff316c433d5","UNCHANGED"
"Docs/Security/Evidence/BatchA/git-status-full.txt","796128c55a2253f0e4a450fa3248c5e209cbcc2ca2b59e2875e6e0413d608477","796128c55a2253f0e4a450fa3248c5e209cbcc2ca2b59e2875e6e0413d608477","UNCHANGED"
"Docs/Security/Evidence/BatchA/handler-authorization-audit.csv","9a3efcd7d99db95a698ddbae8404b1123d8f268b05aabff57838dee885e37095","9a3efcd7d99db95a698ddbae8404b1123d8f268b05aabff57838dee885e37095","UNCHANGED"
"Docs/Security/Evidence/BatchA/handler-validation-audit.csv","a7131ec507eaa18d591689759b26d6f163ca7cad846022ce243dd571b7a81c73","a7131ec507eaa18d591689759b26d6f163ca7cad846022ce243dd571b7a81c73","UNCHANGED"
"Docs/Security/Evidence/BatchA/HANDOVER_EXECUTION_PLAN.txt","34fc480a0c76467cba9033386412e1f88177bec1b08fcde05208b6e114cf97a3","34fc480a0c76467cba9033386412e1f88177bec1b08fcde05208b6e114cf97a3","UNCHANGED"
"Docs/Security/Evidence/BatchA/ipc-channel-reconciliation.csv","a1ec0007a33d69fc2706b80cfa52f064c2b6cbee7aaeb7d5bc8f727bd9c6ea0b","a1ec0007a33d69fc2706b80cfa52f064c2b6cbee7aaeb7d5bc8f727bd9c6ea0b","UNCHANGED"
"Docs/Security/Evidence/BatchA/ipc-preload-orphans.csv","6ec8faae6c2d684c0a495d253bb9d5df59e3e17dc29ceb80ba710c385588cc8b","6ec8faae6c2d684c0a495d253bb9d5df59e3e17dc29ceb80ba710c385588cc8b","UNCHANGED"
"Docs/Security/Evidence/BatchA/ipc-renderer-callers.csv","42a0853d3ff4da9e4f8016363456510f6e66f3851867279998a011634158e95a","42a0853d3ff4da9e4f8016363456510f6e66f3851867279998a011634158e95a","UNCHANGED"
"Docs/Security/Evidence/BatchA/ipc-summary.txt","394b2837446d2bde4edee386c0b53ce80ed82bb6a7619d4ce7c4332bd99bfd27","394b2837446d2bde4edee386c0b53ce80ed82bb6a7619d4ce7c4332bd99bfd27","UNCHANGED"
"Docs/Security/Evidence/BatchA/process-execution-audit.csv","d18d9dd906abc0d7193ec56513b60fa061c7d6c44af523d535eba3eb941cdcf1","d18d9dd906abc0d7193ec56513b60fa061c7d6c44af523d535eba3eb941cdcf1","UNCHANGED"
"Docs/Security/Evidence/BatchA/registry-operations-audit.txt","6c9da181ab89aacbbd61dd51ee78362ed22dac936549f1a2e609b143816154df","6c9da181ab89aacbbd61dd51ee78362ed22dac936549f1a2e609b143816154df","UNCHANGED"
"Docs/Security/Evidence/BatchA/repository-root.txt","d7d377e51ae115205992285072eb6d43453c893b392213e0b444ad7a44d02964","d7d377e51ae115205992285072eb6d43453c893b392213e0b444ad7a44d02964","UNCHANGED"
"Docs/Security/Evidence/BatchA/secret-scan-summary.txt","351f93be815625ddb886e3187d396203fb8e6c0e2baf2b1eb7b2db2039371cd0","351f93be815625ddb886e3187d396203fb8e6c0e2baf2b1eb7b2db2039371cd0","UNCHANGED"
"Docs/Security/Evidence/BatchA/verification-final.txt","4a4d9f80ea8de5c073ab554da4f0d1c689c0b8f177ffe74ba20ebb3d35067b02","4a4d9f80ea8de5c073ab554da4f0d1c689c0b8f177ffe74ba20ebb3d35067b02","UNCHANGED"
"Docs/Security/Evidence/BatchB1_1_Closeout/branch.txt","fc613b4dfd6736a7bd268c8a0e74ed0d1c04a959f59dd74ef2874983fd443fc9","fc613b4dfd6736a7bd268c8a0e74ed0d1c04a959f59dd74ef2874983fd443fc9","UNCHANGED"
"Docs/Security/Evidence/BatchB1_1_Closeout/electron-typecheck-postfix-raw.txt","bf8b792bfdf9dd5fd50f7a540b9e271fc5f34e15139322c622033eb19b7f27de","bf8b792bfdf9dd5fd50f7a540b9e271fc5f34e15139322c622033eb19b7f27de","UNCHANGED"
"Docs/Security/Evidence/BatchB1_1_Closeout/electron-typecheck-postfix-summary.txt","dfe63d78ba99eb9bcb3d265c41ea0dd614e4910479f95a3450b8a6184b220a71","dfe63d78ba99eb9bcb3d265c41ea0dd614e4910479f95a3450b8a6184b220a71","UNCHANGED"
"Docs/Security/Evidence/BatchB1_1_Closeout/Gate2_1/baseline-diff-check.txt","4e16b2281605d6b1762d4a23fb45af4395def1268770963ff65ba67172ae25cc","4e16b2281605d6b1762d4a23fb45af4395def1268770963ff65ba67172ae25cc","UNCHANGED"
"Docs/Security/Evidence/BatchB1_1_Closeout/Gate2_1/baseline-diff-name-only.txt","a6c1013ca356df9867148cf910ea3436ab4845e82555d23e4eadb815f9b3422d","a6c1013ca356df9867148cf910ea3436ab4845e82555d23e4eadb815f9b3422d","UNCHANGED"
"Docs/Security/Evidence/BatchB1_1_Closeout/Gate2_1/baseline-diff-stat.txt","e965369a6b9e541e0fd5eb652a0d782053ae89d8c7b6111694200ea1e07618f8","e965369a6b9e541e0fd5eb652a0d782053ae89d8c7b6111694200ea1e07618f8","UNCHANGED"
"Docs/Security/Evidence/BatchB1_1_Closeout/Gate2_1/baseline-status.txt","42d9c80ecbe45e36ef900d37c998f30d2be758dbf60d52b75252073cc681a46f","42d9c80ecbe45e36ef900d37c998f30d2be758dbf60d52b75252073cc681a46f","UNCHANGED"
"Docs/Security/Evidence/BatchB1_1_Closeout/Gate2_1/build-electron-v2.txt","3256caba1873eefe0b20631b763ab0b1ce3be9a9a57c7cb6207dda9dc6dd90a5","3256caba1873eefe0b20631b763ab0b1ce3be9a9a57c7cb6207dda9dc6dd90a5","UNCHANGED"
"Docs/Security/Evidence/BatchB1_1_Closeout/Gate2_1/build-electron-v3.txt","ab9beef14a68aac31f269a2108184b848f979f60f01e3038ec6ccf07329b1d55","ab9beef14a68aac31f269a2108184b848f979f60f01e3038ec6ccf07329b1d55","UNCHANGED"
"Docs/Security/Evidence/BatchB1_1_Closeout/Gate2_1/build-electron.txt","ba587cbf37ef303d3fa70de1d959ed59febb4879af0a0ab9d0af64d7fb110c06","ba587cbf37ef303d3fa70de1d959ed59febb4879af0a0ab9d0af64d7fb110c06","UNCHANGED"
"Docs/Security/Evidence/BatchB1_1_Closeout/Gate2_1/build-vite.txt","837e037e7466b6858f51bfc5c69647b4a617aeb04dd3c2a123d4ac6c32ec8c28","837e037e7466b6858f51bfc5c69647b4a617aeb04dd3c2a123d4ac6c32ec8c28","UNCHANGED"
"Docs/Security/Evidence/BatchB1_1_Closeout/Gate2_1/changed-files.txt","6b4f6e69239f5d0593bc88e812f4585ebe611eeaab2bc692329041800f5ff14b","6b4f6e69239f5d0593bc88e812f4585ebe611eeaab2bc692329041800f5ff14b","UNCHANGED"
"Docs/Security/Evidence/BatchB1_1_Closeout/Gate2_1/control-provenance.csv","b87ce1aeda8481d0960cdbe720de4f646ef58b986999db22845edac4103c15fb","b87ce1aeda8481d0960cdbe720de4f646ef58b986999db22845edac4103c15fb","UNCHANGED"
"Docs/Security/Evidence/BatchB1_1_Closeout/Gate2_1/dist-dir-build-v2.txt","a28b8db2705fc50b1d88e3cd3ecdff3baa5d7c304939302a8d5ea3e69aa70a34","a28b8db2705fc50b1d88e3cd3ecdff3baa5d7c304939302a8d5ea3e69aa70a34","UNCHANGED"
"Docs/Security/Evidence/BatchB1_1_Closeout/Gate2_1/dist-dir-build-v3.txt","a28b8db2705fc50b1d88e3cd3ecdff3baa5d7c304939302a8d5ea3e69aa70a34","a28b8db2705fc50b1d88e3cd3ecdff3baa5d7c304939302a8d5ea3e69aa70a34","UNCHANGED"
"Docs/Security/Evidence/BatchB1_1_Closeout/Gate2_1/dist-dir-build.txt","d95bfaf80b0f79f67b2e0f4407beb0c7b33c07bac8eed54a9bc557bce6d9a295","d95bfaf80b0f79f67b2e0f4407beb0c7b33c07bac8eed54a9bc557bce6d9a295","UNCHANGED"
"Docs/Security/Evidence/BatchB1_1_Closeout/Gate2_1/final-git-diff-check.txt","fbfc43f84341b7190159a49bda1f2b9a36ada6f123a1d8d9d9200ceff708cd2e","fbfc43f84341b7190159a49bda1f2b9a36ada6f123a1d8d9d9200ceff708cd2e","UNCHANGED"
"Docs/Security/Evidence/BatchB1_1_Closeout/Gate2_1/final-git-diff-name-only.txt","6b4f6e69239f5d0593bc88e812f4585ebe611eeaab2bc692329041800f5ff14b","6b4f6e69239f5d0593bc88e812f4585ebe611eeaab2bc692329041800f5ff14b","UNCHANGED"
"Docs/Security/Evidence/BatchB1_1_Closeout/Gate2_1/final-git-status-clean.txt","8f736af1e7c456a2ef018f740bbc97a7e3e23895a32a60911107dffb4d1ded78","8f736af1e7c456a2ef018f740bbc97a7e3e23895a32a60911107dffb4d1ded78","UNCHANGED"
"Docs/Security/Evidence/BatchB1_1_Closeout/Gate2_1/final-git-status.txt","8f736af1e7c456a2ef018f740bbc97a7e3e23895a32a60911107dffb4d1ded78","8f736af1e7c456a2ef018f740bbc97a7e3e23895a32a60911107dffb4d1ded78","UNCHANGED"
"Docs/Security/Evidence/BatchB1_1_Closeout/Gate2_1/final-npm-test.txt","51520550628d874ec733cf13019868e42dadea2883db3d54d7d6cfaa91d8b225","51520550628d874ec733cf13019868e42dadea2883db3d54d7d6cfaa91d8b225","UNCHANGED"
"Docs/Security/Evidence/BatchB1_1_Closeout/Gate2_1/final-test-live-memory.txt","96d3b7ed2f0747a74e15ecb72eb09c1699b5374c263a3f96e1e4478a1d3f3a87","96d3b7ed2f0747a74e15ecb72eb09c1699b5374c263a3f96e1e4478a1d3f3a87","UNCHANGED"
"Docs/Security/Evidence/BatchB1_1_Closeout/Gate2_1/final-typescript-electron.txt","342167bd6373bcb3f2b5b9d0805e1d4a80a674933caa552d4505cf049cc21736","342167bd6373bcb3f2b5b9d0805e1d4a80a674933caa552d4505cf049cc21736","UNCHANGED"
"Docs/Security/Evidence/BatchB1_1_Closeout/Gate2_1/final-typescript-main.txt","1cfb71414d976d3aa534f5c23248a527ec68b4af994a0bb60f75d3087d0b0a59","1cfb71414d976d3aa534f5c23248a527ec68b4af994a0bb60f75d3087d0b0a59","UNCHANGED"
"Docs/Security/Evidence/BatchB1_1_Closeout/Gate2_1/npm-test-after-wiring.txt","3704cb277063b4434e8e5e325fad32590610f3fdf189367019252cc91bed380d","3704cb277063b4434e8e5e325fad32590610f3fdf189367019252cc91bed380d","UNCHANGED"
"Docs/Security/Evidence/BatchB1_1_Closeout/Gate2_1/npm-test-live-memory-after-wiring.txt","81a10657d3799a0a7d922bff2f51704ceabc66e7b2a6102c5f89a0c790d8e1ae","81a10657d3799a0a7d922bff2f51704ceabc66e7b2a6102c5f89a0c790d8e1ae","UNCHANGED"
"Docs/Security/Evidence/BatchB1_1_Closeout/Gate2_1/orphaned-tests-direct-before.txt","51b1a5e592c101e2ec13fa742e6cc497dbb047424f6302d9de87e66c5279f5f6","51b1a5e592c101e2ec13fa742e6cc497dbb047424f6302d9de87e66c5279f5f6","UNCHANGED"
"Docs/Security/Evidence/BatchB1_1_Closeout/Gate2_1/packaged-environment.txt","1983266b4553a3d761d113f241df3d879ab26ad1cb6012e3d1df14463a5bb18c","1983266b4553a3d761d113f241df3d879ab26ad1cb6012e3d1df14463a5bb18c","UNCHANGED"
"Docs/Security/Evidence/BatchB1_1_Closeout/Gate2_1/packaged-lifecycle-run1.txt","bbd92f3973b015f3f2cb364253c747f50ed2983a959f49565bafcfa01da42186","bbd92f3973b015f3f2cb364253c747f50ed2983a959f49565bafcfa01da42186","UNCHANGED"
"Docs/Security/Evidence/BatchB1_1_Closeout/Gate2_1/packaged-lifecycle-run2.txt","c58db3a791892cddba6ab19c6b237771a8864917fa0f5c1ab3d273f94477a638","c58db3a791892cddba6ab19c6b237771a8864917fa0f5c1ab3d273f94477a638","UNCHANGED"
"Docs/Security/Evidence/BatchB1_1_Closeout/Gate2_1/packaged-smoke-after-hooks.txt","9e50e4dbd11ba79271f28c97bc0ae53dc2c2fa8374fb2b8978526e3b4313bfb4","9e50e4dbd11ba79271f28c97bc0ae53dc2c2fa8374fb2b8978526e3b4313bfb4","UNCHANGED"
"Docs/Security/Evidence/BatchB1_1_Closeout/Gate2_1/remaining-risks.md","718f71e39c6ce72c44aceb9beca42f3d15bc0fa05d0774b1ff586a1f28d15097","718f71e39c6ce72c44aceb9beca42f3d15bc0fa05d0774b1ff586a1f28d15097","UNCHANGED"
"Docs/Security/Evidence/BatchB1_1_Closeout/Gate2_1/tests-summary.csv","756ad8a2f118b1922309897755ae62a288e591fb93ebd8eb5ebe8749c9dc730d","756ad8a2f118b1922309897755ae62a288e591fb93ebd8eb5ebe8749c9dc730d","UNCHANGED"
"Docs/Security/Evidence/BatchB1_1_Closeout/Gate2_1/typescript-electron-node22-gate2_1.txt","342167bd6373bcb3f2b5b9d0805e1d4a80a674933caa552d4505cf049cc21736","342167bd6373bcb3f2b5b9d0805e1d4a80a674933caa552d4505cf049cc21736","UNCHANGED"
"Docs/Security/Evidence/BatchB1_1_Closeout/Gate2_1/typescript-main-node22-gate2_1.txt","1cfb71414d976d3aa534f5c23248a527ec68b4af994a0bb60f75d3087d0b0a59","1cfb71414d976d3aa534f5c23248a527ec68b4af994a0bb60f75d3087d0b0a59","UNCHANGED"
"Docs/Security/Evidence/BatchB1_1_Closeout/Gate2_1/verification-final.txt","b2cf6cf037d64306283657f54ca3dadcfc89be94ff601c9a8b3ba52a54c3f8b6","b2cf6cf037d64306283657f54ca3dadcfc89be94ff601c9a8b3ba52a54c3f8b6","UNCHANGED"
"Docs/Security/Evidence/BatchB1_1_Closeout/Gate2_2_Resume/baseline-diff-check.txt","92681ea66e13a3f2d51b4fb5128f68b6049a4d09a02819c6f13544e638fbb3f5","92681ea66e13a3f2d51b4fb5128f68b6049a4d09a02819c6f13544e638fbb3f5","UNCHANGED"
"Docs/Security/Evidence/BatchB1_1_Closeout/Gate2_2_Resume/baseline-diff-name-status.txt","9d2f8ec5a902067146277ef99059d1cd957f57d6b6ca233f36938c129b6a10ae","9d2f8ec5a902067146277ef99059d1cd957f57d6b6ca233f36938c129b6a10ae","UNCHANGED"
"Docs/Security/Evidence/BatchB1_1_Closeout/Gate2_2_Resume/baseline-diff-stat.txt","078cb3233b163219dbbf2074b2ee85fbef566ca54866643453331d38802953ad","078cb3233b163219dbbf2074b2ee85fbef566ca54866643453331d38802953ad","UNCHANGED"
"Docs/Security/Evidence/BatchB1_1_Closeout/Gate2_2_Resume/baseline-file-manifest.csv","e9e0c7f42568a4f811cac99b20931f38644945ea0df04446e2e5bf1100c29da5","e9e0c7f42568a4f811cac99b20931f38644945ea0df04446e2e5bf1100c29da5","UNCHANGED"
"Docs/Security/Evidence/BatchB1_1_Closeout/Gate2_2_Resume/baseline-staged-name-status.txt","e3b0c44298fc1c149afbf4c8996fb92427ae41e4649b934ca495991b7852b855","e3b0c44298fc1c149afbf4c8996fb92427ae41e4649b934ca495991b7852b855","UNCHANGED"
"Docs/Security/Evidence/BatchB1_1_Closeout/Gate2_2_Resume/baseline-status.txt","24550d64febd8888677d3cef573f62e7b08de51c42bd517bc63975fc8fd783b4","24550d64febd8888677d3cef573f62e7b08de51c42bd517bc63975fc8fd783b4","UNCHANGED"
"Docs/Security/Evidence/BatchB1_1_Closeout/Gate2_2_Resume/changed-files.txt","3523d467a066b3fd81c0c26ea4d4d35f41167c3421c606c1277ca13050c7bd3c","3523d467a066b3fd81c0c26ea4d4d35f41167c3421c606c1277ca13050c7bd3c","UNCHANGED"
"Docs/Security/Evidence/BatchB1_1_Closeout/Gate2_2_Resume/control-provenance.csv","3d8637e9af0cf3bc6b252ce2e4e91ddc3aa2ae240f2f3d20c28eedeb89df0ebe","3d8637e9af0cf3bc6b252ce2e4e91ddc3aa2ae240f2f3d20c28eedeb89df0ebe","UNCHANGED"
"Docs/Security/Evidence/BatchB1_1_Closeout/Gate2_2_Resume/debug-run.txt","c607859d44565009e270634e7448318ccd0c070fd12fba1261bbd0e5e3be8df2","c607859d44565009e270634e7448318ccd0c070fd12fba1261bbd0e5e3be8df2","UNCHANGED"
"Docs/Security/Evidence/BatchB1_1_Closeout/Gate2_2_Resume/debug-run2.txt","d472376f54fe7d0277c0dee435fddb53d076f0717285bd52977d51213706937a","d472376f54fe7d0277c0dee435fddb53d076f0717285bd52977d51213706937a","UNCHANGED"
"Docs/Security/Evidence/BatchB1_1_Closeout/Gate2_2_Resume/failure-classification.csv","800d70fe89d8e14d36212df095be51e333f3cbae8c1776250f42f1b515d80e9a","800d70fe89d8e14d36212df095be51e333f3cbae8c1776250f42f1b515d80e9a","UNCHANGED"
"Docs/Security/Evidence/BatchB1_1_Closeout/Gate2_2_Resume/final-git-diff-name-only.txt","e5eefccebe7d17a292a9a8a5bbe4bf4d95a0bd526dbe3e7c877183a915f0d9a4","e5eefccebe7d17a292a9a8a5bbe4bf4d95a0bd526dbe3e7c877183a915f0d9a4","UNCHANGED"
"Docs/Security/Evidence/BatchB1_1_Closeout/Gate2_2_Resume/final-git-diff-stat.txt","cb5ae2641dc775b19f8aa366225fe625350d3af7ff1f016dba1c5991521d2ccb","cb5ae2641dc775b19f8aa366225fe625350d3af7ff1f016dba1c5991521d2ccb","UNCHANGED"
"Docs/Security/Evidence/BatchB1_1_Closeout/Gate2_2_Resume/final-git-status.txt","08c84229c6952676cad98259dc16ad8e6ae864f3782b2abb9c3b6e298125c535","08c84229c6952676cad98259dc16ad8e6ae864f3782b2abb9c3b6e298125c535","UNCHANGED"
"Docs/Security/Evidence/BatchB1_1_Closeout/Gate2_2_Resume/fixture-prerequisite-matrix.csv","572668ce9dd25bc096f11d364b1a5b5dccaaa1dcf4332b881a8c90a08b7912eb","572668ce9dd25bc096f11d364b1a5b5dccaaa1dcf4332b881a8c90a08b7912eb","UNCHANGED"
"Docs/Security/Evidence/BatchB1_1_Closeout/Gate2_2_Resume/lifecycle-final.txt","382f0d7302c72e7ee537b866570d3791ba4483ba4a46ac3e5f785413650b5b4b","382f0d7302c72e7ee537b866570d3791ba4483ba4a46ac3e5f785413650b5b4b","UNCHANGED"
"Docs/Security/Evidence/BatchB1_1_Closeout/Gate2_2_Resume/lifecycle-run1.txt","d7ab8d048684347ee337a5fae912e247a65e4f31a9937ab44ccc23a280169fbd","d7ab8d048684347ee337a5fae912e247a65e4f31a9937ab44ccc23a280169fbd","UNCHANGED"
"Docs/Security/Evidence/BatchB1_1_Closeout/Gate2_2_Resume/lifecycle-run2.txt","6e94ac744854d9cd9a868496c7e322635ccbe164116dbb57ea5d225aa022602f","6e94ac744854d9cd9a868496c7e322635ccbe164116dbb57ea5d225aa022602f","UNCHANGED"
"Docs/Security/Evidence/BatchB1_1_Closeout/Gate2_2_Resume/lifecycle-run3.txt","a14bf8a96a737057f5607db4c2c96defcea2f62dbfaaf332ccad11a79696ab03","a14bf8a96a737057f5607db4c2c96defcea2f62dbfaaf332ccad11a79696ab03","UNCHANGED"
"Docs/Security/Evidence/BatchB1_1_Closeout/Gate2_2_Resume/lifecycle-run4.txt","5f3a0812ba8ba521b59111ac1b837c2ed923853e3b46ef1ecd07b02813dcb013","5f3a0812ba8ba521b59111ac1b837c2ed923853e3b46ef1ecd07b02813dcb013","UNCHANGED"
"Docs/Security/Evidence/BatchB1_1_Closeout/Gate2_2_Resume/normal-build-test-hook-absence-final-matrix.csv","e5f1bd6a2b9056ec3eff58533bbee5c66609e003e0d07c5b09f0fc6e13ed707f","e5f1bd6a2b9056ec3eff58533bbee5c66609e003e0d07c5b09f0fc6e13ed707f","UNCHANGED"
"Docs/Security/Evidence/BatchB1_1_Closeout/Gate2_2_Resume/packaged-active-shutdown-matrix.csv","eceacefdc5e7621446984ebb1127b38ccbb861ee8b9f2d92cfc0360d5b942816","eceacefdc5e7621446984ebb1127b38ccbb861ee8b9f2d92cfc0360d5b942816","UNCHANGED"
"Docs/Security/Evidence/BatchB1_1_Closeout/Gate2_2_Resume/packaged-audit-review.txt","d6e0f22fd6d638d1da6a8aa864cd48e42b86f559be5b31fffaca1625f72a193d","d6e0f22fd6d638d1da6a8aa864cd48e42b86f559be5b31fffaca1625f72a193d","UNCHANGED"
"Docs/Security/Evidence/BatchB1_1_Closeout/Gate2_2_Resume/packaged-build-output.txt","b945c8d047629d4fc536dc2da091444d53a058f089f85c770961a24d55969857","b945c8d047629d4fc536dc2da091444d53a058f089f85c770961a24d55969857","UNCHANGED"
"Docs/Security/Evidence/BatchB1_1_Closeout/Gate2_2_Resume/packaged-environment.txt","ba715564a6a5f95ceef81ea2189e034877acdf08123fe499c9a412cde6871078","ba715564a6a5f95ceef81ea2189e034877acdf08123fe499c9a412cde6871078","UNCHANGED"
"Docs/Security/Evidence/BatchB1_1_Closeout/Gate2_2_Resume/packaged-feature-disable-final-matrix.csv","d4be0199fe8b37aa6f86ab8f92ac3ae00f1ccb3b4e93011deb1dd9dc3badf146","d4be0199fe8b37aa6f86ab8f92ac3ae00f1ccb3b4e93011deb1dd9dc3badf146","UNCHANGED"
"Docs/Security/Evidence/BatchB1_1_Closeout/Gate2_2_Resume/packaged-regression-gate2-1.txt","4213cb5e17525749a3a27f3b5383ffd66c62158c67a22b23bb563c03bd1f49c3","4213cb5e17525749a3a27f3b5383ffd66c62158c67a22b23bb563c03bd1f49c3","UNCHANGED"
"Docs/Security/Evidence/BatchB1_1_Closeout/Gate2_2_Resume/packaged-regression-matrix.csv","db0f32ffd257f740a9ae637a3b24d449c73e91edb2c6bba7c79cb92542df58d6","db0f32ffd257f740a9ae637a3b24d449c73e91edb2c6bba7c79cb92542df58d6","UNCHANGED"
"Docs/Security/Evidence/BatchB1_1_Closeout/Gate2_2_Resume/packaged-regression-write-proof.txt","be305bfe2cc84595c1ca837718f6796dfa6a6a868e349f6410f7cd87d6474155","be305bfe2cc84595c1ca837718f6796dfa6a6a868e349f6410f7cd87d6474155","UNCHANGED"
"Docs/Security/Evidence/BatchB1_1_Closeout/Gate2_2_Resume/packaged-smoke-output.txt","ab2b83c9ae6f211c47eec6d0b59a165b8bd3372e4d65fb6410ac34b0422c4e9e","ab2b83c9ae6f211c47eec6d0b59a165b8bd3372e4d65fb6410ac34b0422c4e9e","UNCHANGED"
"Docs/Security/Evidence/BatchB1_1_Closeout/Gate2_2_Resume/packaged-window-identity-final-matrix.csv","b21a42b6b343bd9e864213afc130202926e4d0aaae2201749b6961fb4385ef05","b21a42b6b343bd9e864213afc130202926e4d0aaae2201749b6961fb4385ef05","UNCHANGED"
"Docs/Security/Evidence/BatchB1_1_Closeout/Gate2_2_Resume/remaining-risks.md","927c82051e6798d121de6169130904d3144dae068162e22dc0e5aaca752156db","927c82051e6798d121de6169130904d3144dae068162e22dc0e5aaca752156db","UNCHANGED"
"Docs/Security/Evidence/BatchB1_1_Closeout/Gate2_2_Resume/tests-run.txt","e7adb4d9e923f986bcc56fa68062c15217dad0f78306b7ec3f317a5e6a316da7","e7adb4d9e923f986bcc56fa68062c15217dad0f78306b7ec3f317a5e6a316da7","UNCHANGED"
"Docs/Security/Evidence/BatchB1_1_Closeout/Gate2_2_Resume/tests-summary.csv","e1cdcdf271fb865eaacec6acf39a019669c02fb029d75f8c8d7ba759a7b9ef5d","e1cdcdf271fb865eaacec6acf39a019669c02fb029d75f8c8d7ba759a7b9ef5d","UNCHANGED"
"Docs/Security/Evidence/BatchB1_1_Closeout/Gate2_2_Resume/verification-final.txt","bf9ce1b47ddc2f7aacc028d8962c3fde071862ee830eef0d7cb264fbee585794","bf9ce1b47ddc2f7aacc028d8962c3fde071862ee830eef0d7cb264fbee585794","UNCHANGED"
"Docs/Security/Evidence/BatchB1_1_Closeout/Gate2_2/baseline-diff-check.txt","92681ea66e13a3f2d51b4fb5128f68b6049a4d09a02819c6f13544e638fbb3f5","92681ea66e13a3f2d51b4fb5128f68b6049a4d09a02819c6f13544e638fbb3f5","UNCHANGED"
"Docs/Security/Evidence/BatchB1_1_Closeout/Gate2_2/baseline-status.txt","8f736af1e7c456a2ef018f740bbc97a7e3e23895a32a60911107dffb4d1ded78","8f736af1e7c456a2ef018f740bbc97a7e3e23895a32a60911107dffb4d1ded78","UNCHANGED"
"Docs/Security/Evidence/BatchB1_1_Closeout/Gate2_2/fixture-source-snapshot.cs","a8bb1e6ec4029bfc3b78ac55885dfaf81da952e0caa122c261613f19e4407874","a8bb1e6ec4029bfc3b78ac55885dfaf81da952e0caa122c261613f19e4407874","UNCHANGED"
"Docs/Security/Evidence/BatchB1_1_Closeout/Gate2_2/verify-fixture-real-memory-driver-output.txt","cc8f788c47439685c3720f604d13709bd2899b2ddc98a6e36baa6ab6113706bd","cc8f788c47439685c3720f604d13709bd2899b2ddc98a6e36baa6ab6113706bd","UNCHANGED"
"Docs/Security/Evidence/BatchB1_1_Closeout/Gate2_2/verify-fixture-real-memory-driver.mts","e20a66d84be424045c3415f080fcb3927435e98aaa027c1f902a260fbaa5171e","e20a66d84be424045c3415f080fcb3927435e98aaa027c1f902a260fbaa5171e","UNCHANGED"
"Docs/Security/Evidence/BatchB1_1_Closeout/Gate2_2A_1_PackagedNative/baseline-diff-check.txt","92681ea66e13a3f2d51b4fb5128f68b6049a4d09a02819c6f13544e638fbb3f5","92681ea66e13a3f2d51b4fb5128f68b6049a4d09a02819c6f13544e638fbb3f5","UNCHANGED"
"Docs/Security/Evidence/BatchB1_1_Closeout/Gate2_2A_1_PackagedNative/baseline-diff-name-status.txt","9d2f8ec5a902067146277ef99059d1cd957f57d6b6ca233f36938c129b6a10ae","9d2f8ec5a902067146277ef99059d1cd957f57d6b6ca233f36938c129b6a10ae","UNCHANGED"
"Docs/Security/Evidence/BatchB1_1_Closeout/Gate2_2A_1_PackagedNative/baseline-diff-stat.txt","078cb3233b163219dbbf2074b2ee85fbef566ca54866643453331d38802953ad","078cb3233b163219dbbf2074b2ee85fbef566ca54866643453331d38802953ad","UNCHANGED"
"Docs/Security/Evidence/BatchB1_1_Closeout/Gate2_2A_1_PackagedNative/baseline-native-binaries-raw.csv","268a07e09b4ca42ccb71e34ee4b49a009d63927ed6fbcb5f3a376864b6d74c2b","268a07e09b4ca42ccb71e34ee4b49a009d63927ed6fbcb5f3a376864b6d74c2b","UNCHANGED"
"Docs/Security/Evidence/BatchB1_1_Closeout/Gate2_2A_1_PackagedNative/baseline-native-binaries.csv","a8f257ae757076369d8e723eaa7292b88e9b52ed6508ab96bea4cf3aa5bc3dbb","a8f257ae757076369d8e723eaa7292b88e9b52ed6508ab96bea4cf3aa5bc3dbb","UNCHANGED"
"Docs/Security/Evidence/BatchB1_1_Closeout/Gate2_2A_1_PackagedNative/baseline-status.txt","de069bf73e87d703d9cc81385cea79a6b1273de6d5cfe3036fcb296185eb7826","de069bf73e87d703d9cc81385cea79a6b1273de6d5cfe3036fcb296185eb7826","UNCHANGED"
"Docs/Security/Evidence/BatchB1_1_Closeout/Gate2_2A_1_PackagedNative/changed-files.txt","d16cd5de95de96f8b0dae0bc15115f00c5c511145deba6325629cb2765d77c38","d16cd5de95de96f8b0dae0bc15115f00c5c511145deba6325629cb2765d77c38","UNCHANGED"
"Docs/Security/Evidence/BatchB1_1_Closeout/Gate2_2A_1_PackagedNative/control-provenance.csv","86dd1b89606c3eb888106650bdfe8559c982f5a02295656dd3e6f13c3ed66ce6","86dd1b89606c3eb888106650bdfe8559c982f5a02295656dd3e6f13c3ed66ce6","UNCHANGED"
"Docs/Security/Evidence/BatchB1_1_Closeout/Gate2_2A_1_PackagedNative/electron-abi-info.txt","6c38780a59c92e804adc51e795e580819a893499f9b48a79ac430a08e399297c","6c38780a59c92e804adc51e795e580819a893499f9b48a79ac430a08e399297c","UNCHANGED"
"Docs/Security/Evidence/BatchB1_1_Closeout/Gate2_2A_1_PackagedNative/electron-native-binary-hashes.csv","623e6e7a535a2d6f4113cebc3439e81bc6f59c47513f23d4b5b411c9f1cdd864","623e6e7a535a2d6f4113cebc3439e81bc6f59c47513f23d4b5b411c9f1cdd864","UNCHANGED"
"Docs/Security/Evidence/BatchB1_1_Closeout/Gate2_2A_1_PackagedNative/electron-native-rebuild-info.txt","0ee59f12c24f37a1157253e9a62db5086dfce9560ca277d247aa79170dc518d4","0ee59f12c24f37a1157253e9a62db5086dfce9560ca277d247aa79170dc518d4","UNCHANGED"
"Docs/Security/Evidence/BatchB1_1_Closeout/Gate2_2A_1_PackagedNative/electron-native-rebuild-output.txt","45e7e7f763613992e4084c6e52f451ac127a149bbd438710b7f648711a29fc53","45e7e7f763613992e4084c6e52f451ac127a149bbd438710b7f648711a29fc53","UNCHANGED"
"Docs/Security/Evidence/BatchB1_1_Closeout/Gate2_2A_1_PackagedNative/electron-runtime-native-write-matrix.csv","b38d6e32caff308fff3d40defd91bfada3eb3635d1fe0cc29b047ac54f15d165","b38d6e32caff308fff3d40defd91bfada3eb3635d1fe0cc29b047ac54f15d165","UNCHANGED"
"Docs/Security/Evidence/BatchB1_1_Closeout/Gate2_2A_1_PackagedNative/electron-runtime-native-write-run.txt","ad48ffefe4bfb565f64d0e3451faa2bd51b7b0ab422fa2e44256923ca02c5cda","ad48ffefe4bfb565f64d0e3451faa2bd51b7b0ab422fa2e44256923ca02c5cda","UNCHANGED"
"Docs/Security/Evidence/BatchB1_1_Closeout/Gate2_2A_1_PackagedNative/failure-classification.csv","d739fe902f51fee6be26462b8750a38a9c585bf58a91ac0d83519aabad3b3f0b","d739fe902f51fee6be26462b8750a38a9c585bf58a91ac0d83519aabad3b3f0b","UNCHANGED"
"Docs/Security/Evidence/BatchB1_1_Closeout/Gate2_2A_1_PackagedNative/final-git-diff-name-only.txt","e5eefccebe7d17a292a9a8a5bbe4bf4d95a0bd526dbe3e7c877183a915f0d9a4","e5eefccebe7d17a292a9a8a5bbe4bf4d95a0bd526dbe3e7c877183a915f0d9a4","UNCHANGED"
"Docs/Security/Evidence/BatchB1_1_Closeout/Gate2_2A_1_PackagedNative/final-git-diff-stat.txt","5dc8bb221eeffd898a55789eb744bbdfe00b4a7ff8d6a6c753e9e054e16219f2","5dc8bb221eeffd898a55789eb744bbdfe00b4a7ff8d6a6c753e9e054e16219f2","UNCHANGED"
"Docs/Security/Evidence/BatchB1_1_Closeout/Gate2_2A_1_PackagedNative/final-git-status.txt","ca0768ce5c445bb35ec884b710d4aa8b5a4b016ca259babb327b07ffe0b27177","ca0768ce5c445bb35ec884b710d4aa8b5a4b016ca259babb327b07ffe0b27177","UNCHANGED"
"Docs/Security/Evidence/BatchB1_1_Closeout/Gate2_2A_1_PackagedNative/native-binary-inventory.csv","417c6210902c0822893434657236fb91368a12dd07408c5b77db2c53eb104a27","417c6210902c0822893434657236fb91368a12dd07408c5b77db2c53eb104a27","UNCHANGED"
"Docs/Security/Evidence/BatchB1_1_Closeout/Gate2_2A_1_PackagedNative/packaged-build-info.txt","53af76b8a32b78201d7c76debf4bc8f09ca8b6b2cec019f63719b63386d7c197","53af76b8a32b78201d7c76debf4bc8f09ca8b6b2cec019f63719b63386d7c197","UNCHANGED"
"Docs/Security/Evidence/BatchB1_1_Closeout/Gate2_2A_1_PackagedNative/packaged-build-output.txt","0f613d513f8766d9db434d298ba080113ba925d5d872ffd486f291b1944e0899","0f613d513f8766d9db434d298ba080113ba925d5d872ffd486f291b1944e0899","UNCHANGED"
"Docs/Security/Evidence/BatchB1_1_Closeout/Gate2_2A_1_PackagedNative/packaged-native-binary-behavioral-verification.txt","3809165de283ca064e67976a75b5d0e28da9ff89b36f38963e6286f25c0590ac","3809165de283ca064e67976a75b5d0e28da9ff89b36f38963e6286f25c0590ac","UNCHANGED"
"Docs/Security/Evidence/BatchB1_1_Closeout/Gate2_2A_1_PackagedNative/packaged-native-binary-verification.csv","3048c934d94ac3eedcb9e7f3d676630e8924d20393cb2097ff74fd16777f344f","3048c934d94ac3eedcb9e7f3d676630e8924d20393cb2097ff74fd16777f344f","UNCHANGED"
"Docs/Security/Evidence/BatchB1_1_Closeout/Gate2_2A_1_PackagedNative/packaged-real-process-write-matrix.csv","0fb0b038e66768afd336683b4e48896f74a53d9cacd328ae6eab7a1d47ca573b","0fb0b038e66768afd336683b4e48896f74a53d9cacd328ae6eab7a1d47ca573b","UNCHANGED"
"Docs/Security/Evidence/BatchB1_1_Closeout/Gate2_2A_1_PackagedNative/packaged-real-process-write-output.txt","69e38636513a020e58b71208c3dff66aa4e36c567f5f20116926ce34fee834e1","69e38636513a020e58b71208c3dff66aa4e36c567f5f20116926ce34fee834e1","UNCHANGED"
"Docs/Security/Evidence/BatchB1_1_Closeout/Gate2_2A_1_PackagedNative/packaged-smoke-matrix.csv","76fc87f0e4671da1cce3f0bce48d42d8d347eb626ddce60b53d185943a4169e7","76fc87f0e4671da1cce3f0bce48d42d8d347eb626ddce60b53d185943a4169e7","UNCHANGED"
"Docs/Security/Evidence/BatchB1_1_Closeout/Gate2_2A_1_PackagedNative/packaged-smoke-output.txt","086720e82ee324af21bc2f93f7d7fed691f9a4904458544f63b7df1b4740ae15","086720e82ee324af21bc2f93f7d7fed691f9a4904458544f63b7df1b4740ae15","UNCHANGED"
"Docs/Security/Evidence/BatchB1_1_Closeout/Gate2_2A_1_PackagedNative/remaining-risks.md","b33c03584f36c1a3210663f9e10a946f6bbf58717b8a92ab49827a0f09cd61aa","b33c03584f36c1a3210663f9e10a946f6bbf58717b8a92ab49827a0f09cd61aa","UNCHANGED"
"Docs/Security/Evidence/BatchB1_1_Closeout/Gate2_2A_1_PackagedNative/tests-run.txt","3d0c5ea2c9be39fec14cde4b8d5411514de53438d60d637d63b4e419c8304017","3d0c5ea2c9be39fec14cde4b8d5411514de53438d60d637d63b4e419c8304017","UNCHANGED"
"Docs/Security/Evidence/BatchB1_1_Closeout/Gate2_2A_1_PackagedNative/tests-summary.csv","1e1eff79c198c8df24de3da1caf4002ed4a1994bcd069a57adc5ca20fc11451e","1e1eff79c198c8df24de3da1caf4002ed4a1994bcd069a57adc5ca20fc11451e","UNCHANGED"
"Docs/Security/Evidence/BatchB1_1_Closeout/Gate2_2A_1_PackagedNative/verification-final.txt","2225b4758cca8c3b432de9cc982ef123f9728ab2c533bce8468899b351e6a213","2225b4758cca8c3b432de9cc982ef123f9728ab2c533bce8468899b351e6a213","UNCHANGED"
"Docs/Security/Evidence/BatchB1_1_Closeout/Gate2_2A_2_Provenance/baseline-status.txt","e0e90f4aca1483a7c896548419d90857c1831da3ac8a74338cfd73995b7da1a2","e0e90f4aca1483a7c896548419d90857c1831da3ac8a74338cfd73995b7da1a2","UNCHANGED"
"Docs/Security/Evidence/BatchB1_1_Closeout/Gate2_2A_2_Provenance/behavioral-binary-provenance.csv","e61c93d758d9aed18d3c1256171e2811013328a930546143f1580bbb89af2862","e61c93d758d9aed18d3c1256171e2811013328a930546143f1580bbb89af2862","UNCHANGED"
"Docs/Security/Evidence/BatchB1_1_Closeout/Gate2_2A_2_Provenance/changed-files.txt","fbcf4b4b343a4ee89349c8a6adf3118dc768204a7190ef1fe8b8b7fbf95790aa","fbcf4b4b343a4ee89349c8a6adf3118dc768204a7190ef1fe8b8b7fbf95790aa","UNCHANGED"
"Docs/Security/Evidence/BatchB1_1_Closeout/Gate2_2A_2_Provenance/evidence-corrections.md","2288a2df7edddd8a1d3fa6c976212c7546e988aeaef0d913292db0cd9ce8ad85","2288a2df7edddd8a1d3fa6c976212c7546e988aeaef0d913292db0cd9ce8ad85","UNCHANGED"
"Docs/Security/Evidence/BatchB1_1_Closeout/Gate2_2A_2_Provenance/hash-comparison.csv","0dd02c83972fb2f8978092b4b5c319486889d497a7a671cda2d752940af073c7","0dd02c83972fb2f8978092b4b5c319486889d497a7a671cda2d752940af073c7","UNCHANGED"
"Docs/Security/Evidence/BatchB1_1_Closeout/Gate2_2A_2_Provenance/native-binary-timeline.csv","467c564ff936a581c49dcd68716bf8ea7ce58d158af7b5d0a338545b7113533e","467c564ff936a581c49dcd68716bf8ea7ce58d158af7b5d0a338545b7113533e","UNCHANGED"
"Docs/Security/Evidence/BatchB1_1_Closeout/Gate2_2A_2_Provenance/verification-final.txt","2a102af19a0ef5073ce7e1f3e3bdb10768247eefa93b88b57e890964a485030f","2a102af19a0ef5073ce7e1f3e3bdb10768247eefa93b88b57e890964a485030f","UNCHANGED"
"Docs/Security/Evidence/BatchB1_1_Closeout/Gate2_2A_NativeWrite/baseline-branch.txt","9b3162498c21d7f960877099174ecea13410bd21d12440b2ea8868117fc08ae0","9b3162498c21d7f960877099174ecea13410bd21d12440b2ea8868117fc08ae0","UNCHANGED"
"Docs/Security/Evidence/BatchB1_1_Closeout/Gate2_2A_NativeWrite/baseline-diff-check.txt","92681ea66e13a3f2d51b4fb5128f68b6049a4d09a02819c6f13544e638fbb3f5","92681ea66e13a3f2d51b4fb5128f68b6049a4d09a02819c6f13544e638fbb3f5","UNCHANGED"
"Docs/Security/Evidence/BatchB1_1_Closeout/Gate2_2A_NativeWrite/baseline-diff-name-only.txt","06bd1c8026d620857d9537181ad0ad98cd0e6767a64bd806aeba35604608bbee","06bd1c8026d620857d9537181ad0ad98cd0e6767a64bd806aeba35604608bbee","UNCHANGED"
"Docs/Security/Evidence/BatchB1_1_Closeout/Gate2_2A_NativeWrite/baseline-diff-stat.txt","efd33e0cdd3617b409273de2f7197ed4f86bf333710d219b01699ffe7dc5d681","efd33e0cdd3617b409273de2f7197ed4f86bf333710d219b01699ffe7dc5d681","UNCHANGED"
"Docs/Security/Evidence/BatchB1_1_Closeout/Gate2_2A_NativeWrite/baseline-status.txt","5a2d5cd2c89352fcaeb5d46ff2a06fd9d1659fbc79649a43db55dc3a81c7196b","5a2d5cd2c89352fcaeb5d46ff2a06fd9d1659fbc79649a43db55dc3a81c7196b","UNCHANGED"
"Docs/Security/Evidence/BatchB1_1_Closeout/Gate2_2A_NativeWrite/baseline-toplevel.txt","58179dd849c91f234dbbaa1ec06272a78c4faf9cad26d9d19cabc4512a03a6bc","58179dd849c91f234dbbaa1ec06272a78c4faf9cad26d9d19cabc4512a03a6bc","UNCHANGED"
"Docs/Security/Evidence/BatchB1_1_Closeout/Gate2_2A_NativeWrite/changed-files.txt","6a9ca806a57a01509c1af4d04b456ac481ce733f3ca35d8a39da1fe685d2c93f","6a9ca806a57a01509c1af4d04b456ac481ce733f3ca35d8a39da1fe685d2c93f","UNCHANGED"
"Docs/Security/Evidence/BatchB1_1_Closeout/Gate2_2A_NativeWrite/control-provenance.csv","0af9c1472aee72e0337e64caf505309abc560290605b989fc2c425c323083e09","0af9c1472aee72e0337e64caf505309abc560290605b989fc2c425c323083e09","UNCHANGED"
"Docs/Security/Evidence/BatchB1_1_Closeout/Gate2_2A_NativeWrite/failure-classification.csv","679b6c28832f8a801463dcaf1172c0932bb4475209fbdfb7e2c646bf82a58d8a","679b6c28832f8a801463dcaf1172c0932bb4475209fbdfb7e2c646bf82a58d8a","UNCHANGED"
"Docs/Security/Evidence/BatchB1_1_Closeout/Gate2_2A_NativeWrite/final-git-diff-stat.txt","5dc8bb221eeffd898a55789eb744bbdfe00b4a7ff8d6a6c753e9e054e16219f2","5dc8bb221eeffd898a55789eb744bbdfe00b4a7ff8d6a6c753e9e054e16219f2","UNCHANGED"
"Docs/Security/Evidence/BatchB1_1_Closeout/Gate2_2A_NativeWrite/final-git-status.txt","3aba38ed91d872c30b7264df587e1624c50d3ea468006383d6ac1c02ca1717c1","3aba38ed91d872c30b7264df587e1624c50d3ea468006383d6ac1c02ca1717c1","UNCHANGED"
"Docs/Security/Evidence/BatchB1_1_Closeout/Gate2_2A_NativeWrite/native-access-rights-model.md","202f32ad23714955868fd6ce1adc4b961fd79858d30b24facf5bd81261fed7de","202f32ad23714955868fd6ce1adc4b961fd79858d30b24facf5bd81261fed7de","UNCHANGED"
"Docs/Security/Evidence/BatchB1_1_Closeout/Gate2_2A_NativeWrite/native-binary-hashes.csv","17fdc6e5570052e58cf20e08467479920f27e9a0a796699e12f03ed85c8bb33b","17fdc6e5570052e58cf20e08467479920f27e9a0a796699e12f03ed85c8bb33b","UNCHANGED"
"Docs/Security/Evidence/BatchB1_1_Closeout/Gate2_2A_NativeWrite/native-build-info.txt","726b1702221a508fb39bb835bea1334f3b9611b366bf4a1f1c06a685ae7e3007","726b1702221a508fb39bb835bea1334f3b9611b366bf4a1f1c06a685ae7e3007","UNCHANGED"
"Docs/Security/Evidence/BatchB1_1_Closeout/Gate2_2A_NativeWrite/native-build-output.txt","3262dbc4f04644627d6fc9b5d967f4fc0e0628d6126ea16c0cfefab5e2d57b59","3262dbc4f04644627d6fc9b5d967f4fc0e0628d6126ea16c0cfefab5e2d57b59","UNCHANGED"
"Docs/Security/Evidence/BatchB1_1_Closeout/Gate2_2A_NativeWrite/native-error-propagation.md","d6a0e6c66a99ef9dd54816583cb5c4e9ca4a6c434d4c7f222fbea1531ad18a96","d6a0e6c66a99ef9dd54816583cb5c4e9ca4a6c434d4c7f222fbea1531ad18a96","UNCHANGED"
"Docs/Security/Evidence/BatchB1_1_Closeout/Gate2_2A_NativeWrite/native-write-root-cause.md","e9cda8676fa1ebd15112e54fff6e79adb6f02a5d646b9091ea981d7bae85662d","e9cda8676fa1ebd15112e54fff6e79adb6f02a5d646b9091ea981d7bae85662d","UNCHANGED"
"Docs/Security/Evidence/BatchB1_1_Closeout/Gate2_2A_NativeWrite/real-process-failure-matrix.csv","6b060c9fd041711d49468c6877c862bcfaf29c60ee69f723051172b7392da289","6b060c9fd041711d49468c6877c862bcfaf29c60ee69f723051172b7392da289","UNCHANGED"
"Docs/Security/Evidence/BatchB1_1_Closeout/Gate2_2A_NativeWrite/real-process-freeze-matrix.csv","a08a7ebbe9f60af06c225a016eb9708c86446dcb853c61daa59c31940dcb7d97","a08a7ebbe9f60af06c225a016eb9708c86446dcb853c61daa59c31940dcb7d97","UNCHANGED"
"Docs/Security/Evidence/BatchB1_1_Closeout/Gate2_2A_NativeWrite/real-process-full-verification-final.txt","f973c8c922ed7a056ef131784656a1bb8f5594db5430cd4a92e8176dfeac0bef","f973c8c922ed7a056ef131784656a1bb8f5594db5430cd4a92e8176dfeac0bef","UNCHANGED"
"Docs/Security/Evidence/BatchB1_1_Closeout/Gate2_2A_NativeWrite/real-process-full-verification-run1.txt","f99502e68e6b18221317e46f1dcef0051f080fa0003fb4d4eea4c6592d960907","f99502e68e6b18221317e46f1dcef0051f080fa0003fb4d4eea4c6592d960907","UNCHANGED"
"Docs/Security/Evidence/BatchB1_1_Closeout/Gate2_2A_NativeWrite/real-process-full-verification-run2.txt","eb8dff653d2891dba2623143c8f264cfc434f2942b338c5378d6b37d1263c62c","eb8dff653d2891dba2623143c8f264cfc434f2942b338c5378d6b37d1263c62c","UNCHANGED"
"Docs/Security/Evidence/BatchB1_1_Closeout/Gate2_2A_NativeWrite/real-process-full-verification-run3.txt","a923b6ebd6de1989d3c9d92fcc1c9324f6875dea2f31f726b47ce0b4b9bf05e3","a923b6ebd6de1989d3c9d92fcc1c9324f6875dea2f31f726b47ce0b4b9bf05e3","UNCHANGED"
"Docs/Security/Evidence/BatchB1_1_Closeout/Gate2_2A_NativeWrite/real-process-rollback-matrix.csv","2d80f3a14d5664e1d283958f4b4afc89f4cecba13a8554282f71b389f0e6bc50","2d80f3a14d5664e1d283958f4b4afc89f4cecba13a8554282f71b389f0e6bc50","UNCHANGED"
"Docs/Security/Evidence/BatchB1_1_Closeout/Gate2_2A_NativeWrite/real-process-write-matrix.csv","886827635890e0cbac93b695bc383a4d0aa505584a47fe82e7a896dcbdf2a846","886827635890e0cbac93b695bc383a4d0aa505584a47fe82e7a896dcbdf2a846","UNCHANGED"
"Docs/Security/Evidence/BatchB1_1_Closeout/Gate2_2A_NativeWrite/real-process-write-rerun.txt","927c8eb96a8df15e457bad4d3edeb4759bde13af9a90e12939489c99e1470a52","927c8eb96a8df15e457bad4d3edeb4759bde13af9a90e12939489c99e1470a52","UNCHANGED"
"Docs/Security/Evidence/BatchB1_1_Closeout/Gate2_2A_NativeWrite/remaining-risks.md","3a4031e005bc18c70fc805b811e57ce7a6062cb7dbc03ee0fd41f50900273057","3a4031e005bc18c70fc805b811e57ce7a6062cb7dbc03ee0fd41f50900273057","UNCHANGED"
"Docs/Security/Evidence/BatchB1_1_Closeout/Gate2_2A_NativeWrite/tests-run-git-diff-check.txt","92681ea66e13a3f2d51b4fb5128f68b6049a4d09a02819c6f13544e638fbb3f5","92681ea66e13a3f2d51b4fb5128f68b6049a4d09a02819c6f13544e638fbb3f5","UNCHANGED"
"Docs/Security/Evidence/BatchB1_1_Closeout/Gate2_2A_NativeWrite/tests-run-npm-test-live-memory.txt","48df3043449678595298233c214d4ce70bfd1fa65cfabe9b1f3f9a6688ba42a7","48df3043449678595298233c214d4ce70bfd1fa65cfabe9b1f3f9a6688ba42a7","UNCHANGED"
"Docs/Security/Evidence/BatchB1_1_Closeout/Gate2_2A_NativeWrite/tests-run-npm-test.txt","af541c481aedcca3a54912f8c7d3048c66bc1a15cd2b197c71708cc98be44836","af541c481aedcca3a54912f8c7d3048c66bc1a15cd2b197c71708cc98be44836","UNCHANGED"
"Docs/Security/Evidence/BatchB1_1_Closeout/Gate2_2A_NativeWrite/tests-run-tsc-electron.txt","ba6f90a03a832939a5e7d538a188c8498ee73d0854ef6a0caf5447c30dde0f27","ba6f90a03a832939a5e7d538a188c8498ee73d0854ef6a0caf5447c30dde0f27","UNCHANGED"
"Docs/Security/Evidence/BatchB1_1_Closeout/Gate2_2A_NativeWrite/tests-run-tsc-main.txt","4bef30cdfc89fa687fcb49b5e4c26c6c375903005d1ff63fe05b9d4b7265b8b4","4bef30cdfc89fa687fcb49b5e4c26c6c375903005d1ff63fe05b9d4b7265b8b4","UNCHANGED"
"Docs/Security/Evidence/BatchB1_1_Closeout/Gate2_2A_NativeWrite/tests-summary.csv","a2c7a25ba2d210c6d5e310fee0bf3264fccd4a59cdeafe87c3bdc22c36b05040","a2c7a25ba2d210c6d5e310fee0bf3264fccd4a59cdeafe87c3bdc22c36b05040","UNCHANGED"
"Docs/Security/Evidence/BatchB1_1_Closeout/Gate2_2A_NativeWrite/verification-final.txt","4d0592ffdfa15435a4cdd96f6c7739529b905869f695e08ca39b09239a906a24","4d0592ffdfa15435a4cdd96f6c7739529b905869f695e08ca39b09239a906a24","UNCHANGED"
"Docs/Security/Evidence/BatchB1_1_Closeout/Gate2_2A_NativeWrite/verify-write-freeze-rollback.mts","d1a69ad0e8ee553c151b84f8584615ce037ebc550816f23643e4a946ebdc540b","d1a69ad0e8ee553c151b84f8584615ce037ebc550816f23643e4a946ebdc540b","UNCHANGED"
"Docs/Security/Evidence/BatchB1_1_Closeout/Gate2_3/baseline-diff-check.txt","b13fe47be29590e39f1a12a76b8c424c88641278831879d9c77f95cab302c7ce","b13fe47be29590e39f1a12a76b8c424c88641278831879d9c77f95cab302c7ce","UNCHANGED"
"Docs/Security/Evidence/BatchB1_1_Closeout/Gate2_3/baseline-diff-name-status.txt","d99a701c770bff3f05300ba75b7d382f3ecc397ad27446412053133a4c535796","d99a701c770bff3f05300ba75b7d382f3ecc397ad27446412053133a4c535796","UNCHANGED"
"Docs/Security/Evidence/BatchB1_1_Closeout/Gate2_3/baseline-diff-stat.txt","cb5ae2641dc775b19f8aa366225fe625350d3af7ff1f016dba1c5991521d2ccb","cb5ae2641dc775b19f8aa366225fe625350d3af7ff1f016dba1c5991521d2ccb","UNCHANGED"
"Docs/Security/Evidence/BatchB1_1_Closeout/Gate2_3/baseline-staged-name-status.txt","e3b0c44298fc1c149afbf4c8996fb92427ae41e4649b934ca495991b7852b855","e3b0c44298fc1c149afbf4c8996fb92427ae41e4649b934ca495991b7852b855","UNCHANGED"
"Docs/Security/Evidence/BatchB1_1_Closeout/Gate2_3/baseline-status.txt","e5491ee1f81a5f7337fc01011e206e5500b7f4e1fdf45a9f4894dbf4578d95e2","e5491ee1f81a5f7337fc01011e206e5500b7f4e1fdf45a9f4894dbf4578d95e2","UNCHANGED"
"Docs/Security/Evidence/BatchB1_1_Closeout/Gate2_3/changed-files-gate2-3-only.txt","01e54959a09444d759f530def20f68c2c2460d30a9aac70ab134b341d25509c2","01e54959a09444d759f530def20f68c2c2460d30a9aac70ab134b341d25509c2","UNCHANGED"
"Docs/Security/Evidence/BatchB1_1_Closeout/Gate2_3/changed-files.txt","697148e8f796a027f1f55a4e03f959051c3d8f8e73013a5dfe0358ed44092beb","697148e8f796a027f1f55a4e03f959051c3d8f8e73013a5dfe0358ed44092beb","UNCHANGED"
"Docs/Security/Evidence/BatchB1_1_Closeout/Gate2_3/consent-security-matrix.csv","9ac29eadbc0b4efb6b8ad3beb4ccb68a28b65f2020ecfbd61458cf18a5e4653e","9ac29eadbc0b4efb6b8ad3beb4ccb68a28b65f2020ecfbd61458cf18a5e4653e","UNCHANGED"
"Docs/Security/Evidence/BatchB1_1_Closeout/Gate2_3/control-provenance.csv","61d2354ec90e0327af9570ff36b9a2eefd57e2dd04d5d2057908157409fca33b","61d2354ec90e0327af9570ff36b9a2eefd57e2dd04d5d2057908157409fca33b","UNCHANGED"
"Docs/Security/Evidence/BatchB1_1_Closeout/Gate2_3/current-freeze-flow.md","58656cdd10d169b2b264a14de644015f727c82bf120d7be64e8b7b5a5a01f9fb","58656cdd10d169b2b264a14de644015f727c82bf120d7be64e8b7b5a5a01f9fb","UNCHANGED"
"Docs/Security/Evidence/BatchB1_1_Closeout/Gate2_3/failure-classification.csv","94affb383bcb22c18784b6cfe8ce51c06fd8241c3400233c1de0033481c20b1a","94affb383bcb22c18784b6cfe8ce51c06fd8241c3400233c1de0033481c20b1a","UNCHANGED"
"Docs/Security/Evidence/BatchB1_1_Closeout/Gate2_3/freeze-api-compatibility.md","25afee0eee89c23e469e7171edd405d861a559f83ad61487b1c7ca01572ee61a","25afee0eee89c23e469e7171edd405d861a559f83ad61487b1c7ca01572ee61a","UNCHANGED"
"Docs/Security/Evidence/BatchB1_1_Closeout/Gate2_3/freeze-flow-gap-matrix.csv","485e8fca5ea3af03a9651bde51624b04f96d60dc8fcc216518abe91a00689871","485e8fca5ea3af03a9651bde51624b04f96d60dc8fcc216518abe91a00689871","UNCHANGED"
"Docs/Security/Evidence/BatchB1_1_Closeout/Gate2_3/gate23-diff-check.txt","b13fe47be29590e39f1a12a76b8c424c88641278831879d9c77f95cab302c7ce","b13fe47be29590e39f1a12a76b8c424c88641278831879d9c77f95cab302c7ce","UNCHANGED"
"Docs/Security/Evidence/BatchB1_1_Closeout/Gate2_3/lifecycle-revocation-matrix.csv","3f2509d6b410e0889e035b05396e61524826fa2e7817656ab4c8ea12ffb04fcc","3f2509d6b410e0889e035b05396e61524826fa2e7817656ab4c8ea12ffb04fcc","UNCHANGED"
"Docs/Security/Evidence/BatchB1_1_Closeout/Gate2_3/node22-abi-restore.txt","83e0ad154760f5c137e5b69aeff8d6b07452988a6433cd923767c2c06ba9ab1b","83e0ad154760f5c137e5b69aeff8d6b07452988a6433cd923767c2c06ba9ab1b","UNCHANGED"
"Docs/Security/Evidence/BatchB1_1_Closeout/Gate2_3/normal-build-freeze-api-security-matrix.csv","69f07ddacf7a61377fe0ce3526773524811c2b81079ba986a96ea7d18d6e7144","69f07ddacf7a61377fe0ce3526773524811c2b81079ba986a96ea7d18d6e7144","UNCHANGED"
"Docs/Security/Evidence/BatchB1_1_Closeout/Gate2_3/npm-test-final.txt","ecf83a32f15e9c0403b4989a50b0f7054dd4557cba6610a56c5cde61cf0e7848","ecf83a32f15e9c0403b4989a50b0f7054dd4557cba6610a56c5cde61cf0e7848","UNCHANGED"
"Docs/Security/Evidence/BatchB1_1_Closeout/Gate2_3/npm-test-live-memory-final.txt","815a375c37fcae0fee1837e0e9b8f7a533360e1b6e59de3ff603b55b47f43505","815a375c37fcae0fee1837e0e9b8f7a533360e1b6e59de3ff603b55b47f43505","UNCHANGED"
"Docs/Security/Evidence/BatchB1_1_Closeout/Gate2_3/npm-test-live-memory-output.txt","63c2f174590116d7fca043f767127e2aa99632e3cb04097638ed2704984ef7e0","63c2f174590116d7fca043f767127e2aa99632e3cb04097638ed2704984ef7e0","UNCHANGED"
"Docs/Security/Evidence/BatchB1_1_Closeout/Gate2_3/npm-test-output.txt","43f238b5dcfec4d722fdbe9de5529356aaf37884cdb377bf16bfe34b563ffbdf","43f238b5dcfec4d722fdbe9de5529356aaf37884cdb377bf16bfe34b563ffbdf","UNCHANGED"
"Docs/Security/Evidence/BatchB1_1_Closeout/Gate2_3/packaged-build-output.txt","6d6e715fce05eaa1112e00c12b0ef23e7dff3d239fc9dd034c6424ef9ee23b25","6d6e715fce05eaa1112e00c12b0ef23e7dff3d239fc9dd034c6424ef9ee23b25","UNCHANGED"
"Docs/Security/Evidence/BatchB1_1_Closeout/Gate2_3/packaged-production-flow-lifecycle-matrix.csv","11a7b711e59215911cc0c1b17cfd3216ca2bbe823ef80d1fb4850443aba9a497","11a7b711e59215911cc0c1b17cfd3216ca2bbe823ef80d1fb4850443aba9a497","UNCHANGED"
"Docs/Security/Evidence/BatchB1_1_Closeout/Gate2_3/packaged-real-flow-run.txt","fed1b3f6483ebf115da8e337f8693f5ca94f4a2bdad178df07cc3d5914b94afa","fed1b3f6483ebf115da8e337f8693f5ca94f4a2bdad178df07cc3d5914b94afa","UNCHANGED"
"Docs/Security/Evidence/BatchB1_1_Closeout/Gate2_3/packaged-real-freeze-authorization-matrix.csv","04cc8a1ed328514ab57614f241b633c7fc10dc63e0442da9c00134f34b9e0f66","04cc8a1ed328514ab57614f241b633c7fc10dc63e0442da9c00134f34b9e0f66","UNCHANGED"
"Docs/Security/Evidence/BatchB1_1_Closeout/Gate2_3/packaged-security-matrix-run.txt","a1cfec4d6b0f61cfe1d6fb2d49b25c1610e7440dccc6c183d08288ab7ec45009","a1cfec4d6b0f61cfe1d6fb2d49b25c1610e7440dccc6c183d08288ab7ec45009","UNCHANGED"
"Docs/Security/Evidence/BatchB1_1_Closeout/Gate2_3/packaged-smoke-output.txt","539bffdde282ed7dfecac8d4bb3cec98c42a8af71f452d9d2a73a689c74a7864","539bffdde282ed7dfecac8d4bb3cec98c42a8af71f452d9d2a73a689c74a7864","UNCHANGED"
"Docs/Security/Evidence/BatchB1_1_Closeout/Gate2_3/preload-contract-matrix.csv","8e946840f14d3e719d3242931c4f6cd2774e8a78428a5c213635d74e34651d23","8e946840f14d3e719d3242931c4f6cd2774e8a78428a5c213635d74e34651d23","UNCHANGED"
"Docs/Security/Evidence/BatchB1_1_Closeout/Gate2_3/production-freeze-protocol.md","6f6b9d9fb942e56f9d48eca4f939bab9d3b6a0b25bd2da6befc8b37d42ec2c74","6f6b9d9fb942e56f9d48eca4f939bab9d3b6a0b25bd2da6befc8b37d42ec2c74","UNCHANGED"
"Docs/Security/Evidence/BatchB1_1_Closeout/Gate2_3/proposal-security-matrix.csv","10192439b2980d084428e21d2d26fd8dd7fe284486839bfc89e18ac0c893a077","10192439b2980d084428e21d2d26fd8dd7fe284486839bfc89e18ac0c893a077","UNCHANGED"
"Docs/Security/Evidence/BatchB1_1_Closeout/Gate2_3/remaining-risks.md","9d24dae3059164f4455da0251723fcdba76ec431bc88a0f867835005b2784469","9d24dae3059164f4455da0251723fcdba76ec431bc88a0f867835005b2784469","UNCHANGED"
"Docs/Security/Evidence/BatchB1_1_Closeout/Gate2_3/renderer-flow-matrix.csv","af3acef26adb7cf71b4413306366bd9f6b88dcd24a4587402d0d1495d24abc45","af3acef26adb7cf71b4413306366bd9f6b88dcd24a4587402d0d1495d24abc45","UNCHANGED"
"Docs/Security/Evidence/BatchB1_1_Closeout/Gate2_3/sender-boundary-matrix.csv","c298a6b0e8d16f0cdcc6e132eb216b6d71917c0608ea15eac819558dd389e9c7","c298a6b0e8d16f0cdcc6e132eb216b6d71917c0608ea15eac819558dd389e9c7","UNCHANGED"
"Docs/Security/Evidence/BatchB1_1_Closeout/Gate2_3/test-hook-disposition.md","61dcef3cefe33e49441476ce4a761fb73daef14260a630ea0d597680af53fea8","61dcef3cefe33e49441476ce4a761fb73daef14260a630ea0d597680af53fea8","UNCHANGED"
"Docs/Security/Evidence/BatchB1_1_Closeout/Gate2_3/tests-run.txt","e071306672da5f660e81cbacd7ea96afc020f7ff438e02bb2d502da03a1455f8","e071306672da5f660e81cbacd7ea96afc020f7ff438e02bb2d502da03a1455f8","UNCHANGED"
"Docs/Security/Evidence/BatchB1_1_Closeout/Gate2_3/tests-summary.csv","e8afb47986439b03cf211dc8033ffea9fa12f3ae3b975c4e6bb9571244e583ca","e8afb47986439b03cf211dc8033ffea9fa12f3ae3b975c4e6bb9571244e583ca","UNCHANGED"
"Docs/Security/Evidence/BatchB1_1_Closeout/Gate2_3/tsc-electron-check.txt","bf8b792bfdf9dd5fd50f7a540b9e271fc5f34e15139322c622033eb19b7f27de","bf8b792bfdf9dd5fd50f7a540b9e271fc5f34e15139322c622033eb19b7f27de","UNCHANGED"
"Docs/Security/Evidence/BatchB1_1_Closeout/Gate2_3/tsc-main-check.txt","e3b0c44298fc1c149afbf4c8996fb92427ae41e4649b934ca495991b7852b855","e3b0c44298fc1c149afbf4c8996fb92427ae41e4649b934ca495991b7852b855","UNCHANGED"
"Docs/Security/Evidence/BatchB1_1_Closeout/Gate2_3/verification-final.txt","dac47e6b99457ac20d3fd8e681d51daccc229e27a0cdf5b695d5e298e017b540","dac47e6b99457ac20d3fd8e681d51daccc229e27a0cdf5b695d5e298e017b540","UNCHANGED"
"Docs/Security/Evidence/BatchB1_1_Closeout/Gate2_4/baseline-diff-check.txt","66060549e2e277869da96302b985a299e37c76366a29bd3c81a30ff6a38efafe","66060549e2e277869da96302b985a299e37c76366a29bd3c81a30ff6a38efafe","UNCHANGED"
"Docs/Security/Evidence/BatchB1_1_Closeout/Gate2_4/baseline-diff-name-status.txt","a751fc834b0f7395c07b22b1f57b4da342d0d1d8af4ba3d86cc504c4f039cc32","a751fc834b0f7395c07b22b1f57b4da342d0d1d8af4ba3d86cc504c4f039cc32","UNCHANGED"
"Docs/Security/Evidence/BatchB1_1_Closeout/Gate2_4/baseline-diff-stat.txt","eda116e304f41789591e2c640a27e2f54fc17a0ca06a183adb711bf9a0846d2e","eda116e304f41789591e2c640a27e2f54fc17a0ca06a183adb711bf9a0846d2e","UNCHANGED"
"Docs/Security/Evidence/BatchB1_1_Closeout/Gate2_4/baseline-file-manifest.csv","3f3461d272e740dc6d9a65bfd341110902c4958034e28583f8447312f76668d9","3f3461d272e740dc6d9a65bfd341110902c4958034e28583f8447312f76668d9","UNCHANGED"
"Docs/Security/Evidence/BatchB1_1_Closeout/Gate2_4/baseline-staged-name-status.txt","e3b0c44298fc1c149afbf4c8996fb92427ae41e4649b934ca495991b7852b855","e3b0c44298fc1c149afbf4c8996fb92427ae41e4649b934ca495991b7852b855","UNCHANGED"
"Docs/Security/Evidence/BatchB1_1_Closeout/Gate2_4/baseline-status.txt","4e7b51151026e639c4c26ad1dc95211df8c0b62a86d401fbf30f65f2dc972e42","4e7b51151026e639c4c26ad1dc95211df8c0b62a86d401fbf30f65f2dc972e42","UNCHANGED"
"Docs/Security/Evidence/BatchB1_1_Closeout/Gate2_4/canonical-url-boundary-matrix.csv","9fb0fa5d25ca8849f4f5788d82f5fc34870d9225b1b228ac97b13b6fb96d4d40","9fb0fa5d25ca8849f4f5788d82f5fc34870d9225b1b228ac97b13b6fb96d4d40","UNCHANGED"
"Docs/Security/Evidence/BatchB1_1_Closeout/Gate2_4/changed-files.txt","f9e595f8491b837688f619d1d381589664c5ca70aeef474c302c68a9cc2d68db","f9e595f8491b837688f619d1d381589664c5ca70aeef474c302c68a9cc2d68db","UNCHANGED"
"Docs/Security/Evidence/BatchB1_1_Closeout/Gate2_4/control-provenance.csv","0f2639190436426d3d35887153193d7e3c1db34f24fe26f38cc8529dd15308fd","0f2639190436426d3d35887153193d7e3c1db34f24fe26f38cc8529dd15308fd","UNCHANGED"
"Docs/Security/Evidence/BatchB1_1_Closeout/Gate2_4/failure-classification.csv","10f37edb630062026c6244665b8833d79e8c25f1dc990682fd7a933d2f91b72b","10f37edb630062026c6244665b8833d79e8c25f1dc990682fd7a933d2f91b72b","UNCHANGED"
"Docs/Security/Evidence/BatchB1_1_Closeout/Gate2_4/gate2_3-independent-verification-matrix.csv","a3b6a8df25e4123c48bb5332c9dae80d34dcdb7e60b6ea3eb5aa10c76fa996e4","a3b6a8df25e4123c48bb5332c9dae80d34dcdb7e60b6ea3eb5aa10c76fa996e4","UNCHANGED"
"Docs/Security/Evidence/BatchB1_1_Closeout/Gate2_4/gate24-diff-check.txt","b13fe47be29590e39f1a12a76b8c424c88641278831879d9c77f95cab302c7ce","b13fe47be29590e39f1a12a76b8c424c88641278831879d9c77f95cab302c7ce","UNCHANGED"
"Docs/Security/Evidence/BatchB1_1_Closeout/Gate2_4/gate24-status-final.txt","081d8e627865316982a5d9134a2033d97a4ad4c93f1d7e37e432439be2f57de1","081d8e627865316982a5d9134a2033d97a4ad4c93f1d7e37e432439be2f57de1","UNCHANGED"
"Docs/Security/Evidence/BatchB1_1_Closeout/Gate2_4/normal-build-test-hook-final-matrix.csv","d60685083eb02f8ccf6976dd4b8629b25091fd6405a7712fab342a6d56906b1a","d60685083eb02f8ccf6976dd4b8629b25091fd6405a7712fab342a6d56906b1a","UNCHANGED"
"Docs/Security/Evidence/BatchB1_1_Closeout/Gate2_4/npm-test-live-memory-output.txt","f03d6513192cfa3e43db11900cdbb83880bd61d6652cf4805597bd8d850f65ce","f03d6513192cfa3e43db11900cdbb83880bd61d6652cf4805597bd8d850f65ce","UNCHANGED"
"Docs/Security/Evidence/BatchB1_1_Closeout/Gate2_4/npm-test-output.txt","da086e122a7821c628afa54e1e73ae8e30ecd1acc5052b958c18f2e5b99bc949","da086e122a7821c628afa54e1e73ae8e30ecd1acc5052b958c18f2e5b99bc949","UNCHANGED"
"Docs/Security/Evidence/BatchB1_1_Closeout/Gate2_4/packaged-audit-review.txt","df9157aaed6148eac8ed18bc1b1dca590f2120493e4e59cfb06f633057dd47d3","df9157aaed6148eac8ed18bc1b1dca590f2120493e4e59cfb06f633057dd47d3","UNCHANGED"
"Docs/Security/Evidence/BatchB1_1_Closeout/Gate2_4/packaged-build-info.txt","5a1f35b85cc95b0af3134cc461c56399168a5527605ffcd98de0ffbeef78df62","5a1f35b85cc95b0af3134cc461c56399168a5527605ffcd98de0ffbeef78df62","UNCHANGED"
"Docs/Security/Evidence/BatchB1_1_Closeout/Gate2_4/packaged-devtools-boundary-matrix.csv","6b784a81113673f3e3e5792aa66b7e862893e9db09b0bff51cca1cc33be1a188","6b784a81113673f3e3e5792aa66b7e862893e9db09b0bff51cca1cc33be1a188","UNCHANGED"
"Docs/Security/Evidence/BatchB1_1_Closeout/Gate2_4/packaged-environment.txt","b29b81d07dc31cf4e382388b1ed114288c532b85e916ab866765889b9f795c6c","b29b81d07dc31cf4e382388b1ed114288c532b85e916ab866765889b9f795c6c","UNCHANGED"
"Docs/Security/Evidence/BatchB1_1_Closeout/Gate2_4/packaged-final-regression-matrix.csv","133d58481ac8d89919fd3184c823693b25047714725c381891ae1d3fb94be829","133d58481ac8d89919fd3184c823693b25047714725c381891ae1d3fb94be829","UNCHANGED"
"Docs/Security/Evidence/BatchB1_1_Closeout/Gate2_4/packaged-frame-boundary-matrix.csv","26fae0d90b57cb778a41123c4ea3a696e4bef45ee765b47b163e8162fcf4e2ed","26fae0d90b57cb778a41123c4ea3a696e4bef45ee765b47b163e8162fcf4e2ed","UNCHANGED"
"Docs/Security/Evidence/BatchB1_1_Closeout/Gate2_4/packaged-navigation-boundary-matrix.csv","a196ec2ba4c5a810025a3ac439649ba7cc8b974f8c269bdda6021a2a41860003","a196ec2ba4c5a810025a3ac439649ba7cc8b974f8c269bdda6021a2a41860003","UNCHANGED"
"Docs/Security/Evidence/BatchB1_1_Closeout/Gate2_4/packaged-overlay-permission-matrix.csv","f93f317ebd7af2f9088a19a60b390ea09147ba8961dcf0f185cee5bc855f4ccc","f93f317ebd7af2f9088a19a60b390ea09147ba8961dcf0f185cee5bc855f4ccc","UNCHANGED"
"Docs/Security/Evidence/BatchB1_1_Closeout/Gate2_4/packaged-owner-isolation-matrix.csv","1acb712b8346af5ae4fe908259f17f85a3a6d5ecc00d000894558d4a127bd7cb","1acb712b8346af5ae4fe908259f17f85a3a6d5ecc00d000894558d4a127bd7cb","UNCHANGED"
"Docs/Security/Evidence/BatchB1_1_Closeout/Gate2_4/packaged-real-flow-renderer-crash-matrix.csv","d77b1e126fa2bbd7c86e677efecd8107c8a815d1a989895fe94161062ae19b7b","d77b1e126fa2bbd7c86e677efecd8107c8a815d1a989895fe94161062ae19b7b","UNCHANGED"
"Docs/Security/Evidence/BatchB1_1_Closeout/Gate2_4/packaged-window-recreation-matrix.csv","557a16b0d8cbdbc456d01c93755506dbc9d83f5335d256fb858c1fcee76631a5","557a16b0d8cbdbc456d01c93755506dbc9d83f5335d256fb858c1fcee76631a5","UNCHANGED"
"Docs/Security/Evidence/BatchB1_1_Closeout/Gate2_4/remaining-risks.md","6c6ec94028983bd35715f0794705df4f091e3cd2b9228ed23cbb8aa53dc287f2","6c6ec94028983bd35715f0794705df4f091e3cd2b9228ed23cbb8aa53dc287f2","UNCHANGED"
"Docs/Security/Evidence/BatchB1_1_Closeout/Gate2_4/test-hook-inventory.csv","a43a600298fedaa829aa9e13b903f006bc06ba61892568e3eedb5fc1e8fd3435","a43a600298fedaa829aa9e13b903f006bc06ba61892568e3eedb5fc1e8fd3435","UNCHANGED"
"Docs/Security/Evidence/BatchB1_1_Closeout/Gate2_4/tests-run.txt","2ac65b51cc67822c9e1629b9510b6647499a4d3f6718cb38aedda960282fd263","2ac65b51cc67822c9e1629b9510b6647499a4d3f6718cb38aedda960282fd263","UNCHANGED"
"Docs/Security/Evidence/BatchB1_1_Closeout/Gate2_4/tests-summary.csv","16475c4c0fa7cecba99e2123828840c0f451057f71e8d99f9c83e6e5e7e78414","16475c4c0fa7cecba99e2123828840c0f451057f71e8d99f9c83e6e5e7e78414","UNCHANGED"
"Docs/Security/Evidence/BatchB1_1_Closeout/Gate2_4/tsc-electron-check.txt","bf8b792bfdf9dd5fd50f7a540b9e271fc5f34e15139322c622033eb19b7f27de","bf8b792bfdf9dd5fd50f7a540b9e271fc5f34e15139322c622033eb19b7f27de","UNCHANGED"
"Docs/Security/Evidence/BatchB1_1_Closeout/Gate2_4/tsc-main-check.txt","e3b0c44298fc1c149afbf4c8996fb92427ae41e4649b934ca495991b7852b855","e3b0c44298fc1c149afbf4c8996fb92427ae41e4649b934ca495991b7852b855","UNCHANGED"
"Docs/Security/Evidence/BatchB1_1_Closeout/Gate2_4/verification-final.txt","753f412a2b452abfb019ae0041a392b06369120b62b3051d7ff9efdfb59411fd","753f412a2b452abfb019ae0041a392b06369120b62b3051d7ff9efdfb59411fd","UNCHANGED"
"Docs/Security/Evidence/BatchB1_1_Closeout/Gate2_4A_Integrity/baseline-status.txt","0447388fa8ce9f53093d0affcdc5a2eb5e0e16a71c6a1c98ecaa3eddf705d084","0447388fa8ce9f53093d0affcdc5a2eb5e0e16a71c6a1c98ecaa3eddf705d084","UNCHANGED"
"Docs/Security/Evidence/BatchB1_1_Closeout/Gate2_4A_Integrity/changed-files.txt","36fd8b3dd6b6ad3e201539bf64ef92e59356fbab8b6efdd0b9e81ae29453f67c","36fd8b3dd6b6ad3e201539bf64ef92e59356fbab8b6efdd0b9e81ae29453f67c","UNCHANGED"
"Docs/Security/Evidence/BatchB1_1_Closeout/Gate2_4A_Integrity/current-diff-check.txt","b13fe47be29590e39f1a12a76b8c424c88641278831879d9c77f95cab302c7ce","b13fe47be29590e39f1a12a76b8c424c88641278831879d9c77f95cab302c7ce","UNCHANGED"
"Docs/Security/Evidence/BatchB1_1_Closeout/Gate2_4A_Integrity/current-diff-name-status.txt","2ba896cbfcbf476a0e92e999879c07cb719a7697e91a5e1a09c0ec37e2a05994","2ba896cbfcbf476a0e92e999879c07cb719a7697e91a5e1a09c0ec37e2a05994","UNCHANGED"
"Docs/Security/Evidence/BatchB1_1_Closeout/Gate2_4A_Integrity/current-diff-stat.txt","97f898557ad67f6c740cc6598431ab8c92621e4ff735f2804b904116442f8737","97f898557ad67f6c740cc6598431ab8c92621e4ff735f2804b904116442f8737","UNCHANGED"
"Docs/Security/Evidence/BatchB1_1_Closeout/Gate2_4A_Integrity/current-staged-name-status.txt","e3b0c44298fc1c149afbf4c8996fb92427ae41e4649b934ca495991b7852b855","e3b0c44298fc1c149afbf4c8996fb92427ae41e4649b934ca495991b7852b855","UNCHANGED"
"Docs/Security/Evidence/BatchB1_1_Closeout/Gate2_4A_Integrity/current-status.txt","99fd989bafe7896dcc683891056abc11005cb4a7feac8caf9a56cdd87d048139","99fd989bafe7896dcc683891056abc11005cb4a7feac8caf9a56cdd87d048139","UNCHANGED"
"Docs/Security/Evidence/BatchB1_1_Closeout/Gate2_4A_Integrity/evidence-corrections.md","9bee0fef2793e84b8caf5f5d5d38c1a5c36125cdfc8018b38fc77deb0593e932","9bee0fef2793e84b8caf5f5d5d38c1a5c36125cdfc8018b38fc77deb0593e932","UNCHANGED"
"Docs/Security/Evidence/BatchB1_1_Closeout/Gate2_4A_Integrity/file-origin-analysis.md","4f963ac1c3cb20b831fcd6752ac7e4e5ef796106bdaba97b0435056ac5e94eb6","4f963ac1c3cb20b831fcd6752ac7e4e5ef796106bdaba97b0435056ac5e94eb6","UNCHANGED"
"Docs/Security/Evidence/BatchB1_1_Closeout/Gate2_4A_Integrity/gate2_4-scope-integrity-matrix.csv","615d34b0f4762dab29a49e278e16a1d3c1dd7d9f063c795b55adb17af4c8539a","615d34b0f4762dab29a49e278e16a1d3c1dd7d9f063c795b55adb17af4c8539a","UNCHANGED"
"Docs/Security/Evidence/BatchB1_1_Closeout/Gate2_4A_Integrity/gate2_4-verification-impact.md","9d3eed34b5942691fb1cb4efb1c67835a5f425a7bb975291b22a518cd610a2e5","9d3eed34b5942691fb1cb4efb1c67835a5f425a7bb975291b22a518cd610a2e5","UNCHANGED"
"Docs/Security/Evidence/BatchB1_1_Closeout/Gate2_4A_Integrity/recovery-candidates.csv","0c5fde92fc862388b0e7b779c36c6e21ffb392ae9d7f735492f8f0613b7bb2b8","0c5fde92fc862388b0e7b779c36c6e21ffb392ae9d7f735492f8f0613b7bb2b8","UNCHANGED"
"Docs/Security/Evidence/BatchB1_1_Closeout/Gate2_4A_Integrity/recovery-decision.md","4a1c7d2a5fa88e40cb971075eca828c606594a08e7015c1af0a8eb0b9097f2c3","4a1c7d2a5fa88e40cb971075eca828c606594a08e7015c1af0a8eb0b9097f2c3","UNCHANGED"
"Docs/Security/Evidence/BatchB1_1_Closeout/Gate2_4A_Integrity/remaining-risks.md","fc781a95d4e585e395af4462244bf1ac68ddf622083e05eb327b0aeb222355cf","fc781a95d4e585e395af4462244bf1ac68ddf622083e05eb327b0aeb222355cf","UNCHANGED"
"Docs/Security/Evidence/BatchB1_1_Closeout/Gate2_4A_Integrity/status-diff-baseline-vs-current.txt","e8aeb84db2166a18e1713a7cd6ab79c7a36473766b33392a98204fcfbef40565","e8aeb84db2166a18e1713a7cd6ab79c7a36473766b33392a98204fcfbef40565","UNCHANGED"
"Docs/Security/Evidence/BatchB1_1_Closeout/Gate2_4A_Integrity/verification-final.txt","661f280a7218ade0655603c2ce79cf8fc4380fb28ee65a92cd935064eba1c8ab","661f280a7218ade0655603c2ce79cf8fc4380fb28ee65a92cd935064eba1c8ab","UNCHANGED"
"Docs/Security/Evidence/BatchB1_1_Closeout/Gate2/baseline-diff-check.txt","362f99848352f2d15df9328a2ccce1ff5fe7691a65ecea6abc2ce5ecf5630153","362f99848352f2d15df9328a2ccce1ff5fe7691a65ecea6abc2ce5ecf5630153","UNCHANGED"
"Docs/Security/Evidence/BatchB1_1_Closeout/Gate2/baseline-diff-name-only.txt","aaf32d51f174c669aec802ae45a951de69b3ea89b8c4fa55b0f61121f39dbcea","aaf32d51f174c669aec802ae45a951de69b3ea89b8c4fa55b0f61121f39dbcea","UNCHANGED"
"Docs/Security/Evidence/BatchB1_1_Closeout/Gate2/baseline-diff-stat.txt","5a26b1e2e1bbb3ea8c58487501d8b5f8ebfe4de369f4ea6e2315a571fc35601a","5a26b1e2e1bbb3ea8c58487501d8b5f8ebfe4de369f4ea6e2315a571fc35601a","UNCHANGED"
"Docs/Security/Evidence/BatchB1_1_Closeout/Gate2/baseline-status.txt","faf7a3b0967b800371a86a8ebc4812833784ea4bbb52db42ac7b01c7092d7036","faf7a3b0967b800371a86a8ebc4812833784ea4bbb52db42ac7b01c7092d7036","UNCHANGED"
"Docs/Security/Evidence/BatchB1_1_Closeout/Gate2/changed-files.txt","a88b861e46050a5b2735f2b8151a609b871c6ef8cf2ba1c08c9911617fdd5636","a88b861e46050a5b2735f2b8151a609b871c6ef8cf2ba1c08c9911617fdd5636","UNCHANGED"
"Docs/Security/Evidence/BatchB1_1_Closeout/Gate2/control-provenance.csv","9de1cf63ed69cdc094390e99d6fc4d2bfeda31084a7a787860c75d5e5312ffe7","9de1cf63ed69cdc094390e99d6fc4d2bfeda31084a7a787860c75d5e5312ffe7","UNCHANGED"
"Docs/Security/Evidence/BatchB1_1_Closeout/Gate2/failure-classification.csv","7563528edaf0b2ed0ecac940bbce1f2024580d33947fa2958cb1f51a74ffde0d","7563528edaf0b2ed0ecac940bbce1f2024580d33947fa2958cb1f51a74ffde0d","UNCHANGED"
"Docs/Security/Evidence/BatchB1_1_Closeout/Gate2/final-status-check.txt","709c2ed7c0706edfff0f95957f5add1300b827d9f9e132abc021cb2482e9f714","709c2ed7c0706edfff0f95957f5add1300b827d9f9e132abc021cb2482e9f714","UNCHANGED"
"Docs/Security/Evidence/BatchB1_1_Closeout/Gate2/git-diff-check-gate2.txt","1e5149021a6062ae5491cbda8c0ecd18a4c89892530d04ea4298aa755b1935c7","1e5149021a6062ae5491cbda8c0ecd18a4c89892530d04ea4298aa755b1935c7","UNCHANGED"
"Docs/Security/Evidence/BatchB1_1_Closeout/Gate2/live-memory-test-node22.txt","e2404939707404db7333e6f2c26374d647b72741b49e912a489ff19539227087","e2404939707404db7333e6f2c26374d647b72741b49e912a489ff19539227087","UNCHANGED"
"Docs/Security/Evidence/BatchB1_1_Closeout/Gate2/npm-test-node22.txt","c76dfad68366665dfa97fbea4be4649b4bd97b4c72cde7743a4043c5ce0bd987","c76dfad68366665dfa97fbea4be4649b4bd97b4c72cde7743a4043c5ce0bd987","UNCHANGED"
"Docs/Security/Evidence/BatchB1_1_Closeout/Gate2/packaged-audit-review.txt","94a019e2bca8d311e118756cee664d976f48b5cc78df230e1e3cd6fa2f5506dc","94a019e2bca8d311e118756cee664d976f48b5cc78df230e1e3cd6fa2f5506dc","UNCHANGED"
"Docs/Security/Evidence/BatchB1_1_Closeout/Gate2/packaged-build-info.txt","96819388c29c2e93666ce4922799603ba080b80d13da7f2e95a7be81e9ab39db","96819388c29c2e93666ce4922799603ba080b80d13da7f2e95a7be81e9ab39db","UNCHANGED"
"Docs/Security/Evidence/BatchB1_1_Closeout/Gate2/packaged-build-output.txt","e61f68d9cf9fc9cb5fcc3ef4cdf0f052a30ce485deb4e69a20ff44c988d51cca","e61f68d9cf9fc9cb5fcc3ef4cdf0f052a30ce485deb4e69a20ff44c988d51cca","UNCHANGED"
"Docs/Security/Evidence/BatchB1_1_Closeout/Gate2/packaged-environment.txt","e38e7221e94500ccacbd58427467386b8857b102edde8ba76537410ae1c88b89","e38e7221e94500ccacbd58427467386b8857b102edde8ba76537410ae1c88b89","UNCHANGED"
"Docs/Security/Evidence/BatchB1_1_Closeout/Gate2/packaged-failure-classification.csv","2c5ffddb9d927486397200d8dc5b128587b55195b3e27a358d08e9a1063a40a2","2c5ffddb9d927486397200d8dc5b128587b55195b3e27a358d08e9a1063a40a2","UNCHANGED"
"Docs/Security/Evidence/BatchB1_1_Closeout/Gate2/packaged-windows-lifecycle-matrix.csv","2fe6ea24a33efbc786aed64f2c6561be27e5f8d32c3e8ac7743ebe51fbd1a658","2fe6ea24a33efbc786aed64f2c6561be27e5f8d32c3e8ac7743ebe51fbd1a658","UNCHANGED"
"Docs/Security/Evidence/BatchB1_1_Closeout/Gate2/remaining-risks.md","d7712b5215fecad29f88d7c5b00cb39d70f7978c443d2446a7040de6dd159885","d7712b5215fecad29f88d7c5b00cb39d70f7978c443d2446a7040de6dd159885","UNCHANGED"
"Docs/Security/Evidence/BatchB1_1_Closeout/Gate2/rollback-byte-feasibility.md","daf9431d8ae94330e641cbdf334cfe67f4b6805bc814bca567074f4681ce5417","daf9431d8ae94330e641cbdf334cfe67f4b6805bc814bca567074f4681ce5417","UNCHANGED"
"Docs/Security/Evidence/BatchB1_1_Closeout/Gate2/rollback-byte-test-matrix.csv","181b8f18aa5b1396cd18f99f29b674060324412fcadef2f9ffb375e0ba1b9882","181b8f18aa5b1396cd18f99f29b674060324412fcadef2f9ffb375e0ba1b9882","UNCHANGED"
"Docs/Security/Evidence/BatchB1_1_Closeout/Gate2/tests-run.txt","eb97f4a741653f196a6f2330842012c2a59061b402b06ee0e3c9425a2f138d13","eb97f4a741653f196a6f2330842012c2a59061b402b06ee0e3c9425a2f138d13","UNCHANGED"
"Docs/Security/Evidence/BatchB1_1_Closeout/Gate2/tests-summary.csv","2eb9fe84686dc8c2d0897746e1ffb44f427c0c63bf2dcdfee439db37d4de52cd","2eb9fe84686dc8c2d0897746e1ffb44f427c0c63bf2dcdfee439db37d4de52cd","UNCHANGED"
"Docs/Security/Evidence/BatchB1_1_Closeout/Gate2/typescript-electron-node22.txt","bf8b792bfdf9dd5fd50f7a540b9e271fc5f34e15139322c622033eb19b7f27de","bf8b792bfdf9dd5fd50f7a540b9e271fc5f34e15139322c622033eb19b7f27de","UNCHANGED"
"Docs/Security/Evidence/BatchB1_1_Closeout/Gate2/typescript-main-node22.txt","e3b0c44298fc1c149afbf4c8996fb92427ae41e4649b934ca495991b7852b855","e3b0c44298fc1c149afbf4c8996fb92427ae41e4649b934ca495991b7852b855","UNCHANGED"
"Docs/Security/Evidence/BatchB1_1_Closeout/Gate2/verification-final.txt","460eadef312a4bbbb08f068e029cae4f281783ac19272eb3671755264cc67082","460eadef312a4bbbb08f068e029cae4f281783ac19272eb3671755264cc67082","UNCHANGED"
"Docs/Security/Evidence/BatchB1_1_Closeout/git-diff-check-before.txt","f4ad5e59ba02a48c7c72a4bd6b011d1a82218c10248fe0226f2ff876f5056264","f4ad5e59ba02a48c7c72a4bd6b011d1a82218c10248fe0226f2ff876f5056264","UNCHANGED"
"Docs/Security/Evidence/BatchB1_1_Closeout/git-diff-check-postfix.txt","6628159e6295bb8ba4fb468c057173d951ed4971d5a02d0ff05d2d36f98da0af","6628159e6295bb8ba4fb468c057173d951ed4971d5a02d0ff05d2d36f98da0af","UNCHANGED"
"Docs/Security/Evidence/BatchB1_1_Closeout/git-diff-name-only-before.txt","ec451d044e21025832b486d97b02288c5dd5132d246ebe633b343b9146128d16","ec451d044e21025832b486d97b02288c5dd5132d246ebe633b343b9146128d16","UNCHANGED"
"Docs/Security/Evidence/BatchB1_1_Closeout/git-diff-stat-before.txt","c76cae9d0d856f668d510e9b5a70685ff3b38cee5783c2805aa420ec200a28fc","c76cae9d0d856f668d510e9b5a70685ff3b38cee5783c2805aa420ec200a28fc","UNCHANGED"
"Docs/Security/Evidence/BatchB1_1_Closeout/git-status-before.txt","029007a4707ee1e2ec6ba292c7e3ea218a41179f6a34d0bd7bdfda81e91232a2","029007a4707ee1e2ec6ba292c7e3ea218a41179f6a34d0bd7bdfda81e91232a2","UNCHANGED"
"Docs/Security/Evidence/BatchB1_1_Closeout/Lifecycle/baseline-diff-check.txt","eec96b64ec3cf7cb1f2de0cb40a70b939ad152798fe6ceeefbd8d8d6cd657a3e","eec96b64ec3cf7cb1f2de0cb40a70b939ad152798fe6ceeefbd8d8d6cd657a3e","UNCHANGED"
"Docs/Security/Evidence/BatchB1_1_Closeout/Lifecycle/baseline-diff-name-only.txt","f372b303febf25a21ef822bc44088a36d3dcd4e735366453c36bc25f919cf167","f372b303febf25a21ef822bc44088a36d3dcd4e735366453c36bc25f919cf167","UNCHANGED"
"Docs/Security/Evidence/BatchB1_1_Closeout/Lifecycle/baseline-diff-stat.txt","bf086aabafa854faf316d603b407a59c23131a03677ecc36f90ccdf466cf44e2","bf086aabafa854faf316d603b407a59c23131a03677ecc36f90ccdf466cf44e2","UNCHANGED"
"Docs/Security/Evidence/BatchB1_1_Closeout/Lifecycle/baseline-live-memory-tests.txt","65d9c1fd2e72317599d1f9524dc1b817827a4a719c8997534f08d64f8ea4ebb3","65d9c1fd2e72317599d1f9524dc1b817827a4a719c8997534f08d64f8ea4ebb3","UNCHANGED"
"Docs/Security/Evidence/BatchB1_1_Closeout/Lifecycle/baseline-status.txt","aa14dd67bb8c2b2417318b5279978549bb31c8faadabb5935606dedac843b263","aa14dd67bb8c2b2417318b5279978549bb31c8faadabb5935606dedac843b263","UNCHANGED"
"Docs/Security/Evidence/BatchB1_1_Closeout/Lifecycle/branch.txt","da5f7e322467c3f64f71bd96a56df3b39697dbfe14b3be5dd19e2dfae492d4b2","da5f7e322467c3f64f71bd96a56df3b39697dbfe14b3be5dd19e2dfae492d4b2","UNCHANGED"
"Docs/Security/Evidence/BatchB1_1_Closeout/Lifecycle/changed-files.txt","fc0ee3c3ac26778738dc9fad92025f4e7485b0ea4a52edd9a7d4517dc264a00d","fc0ee3c3ac26778738dc9fad92025f4e7485b0ea4a52edd9a7d4517dc264a00d","UNCHANGED"
"Docs/Security/Evidence/BatchB1_1_Closeout/Lifecycle/cleanup-design.md","e942dae395005c3f1bc5cbbbc979bb831d3bee175892568528f474dc3dfafd9d","e942dae395005c3f1bc5cbbbc979bb831d3bee175892568528f474dc3dfafd9d","UNCHANGED"
"Docs/Security/Evidence/BatchB1_1_Closeout/Lifecycle/cleanup-failure-test-matrix.csv","12defe27d42066ee1b9a708fe64209f7c570e1e6d477aa73c005fe9a50bf819e","12defe27d42066ee1b9a708fe64209f7c570e1e6d477aa73c005fe9a50bf819e","UNCHANGED"
"Docs/Security/Evidence/BatchB1_1_Closeout/Lifecycle/control-provenance.csv","678a9576ada5b7abb00d53c815394352340b591d9f90296c6230e8b7f4c06449","678a9576ada5b7abb00d53c815394352340b591d9f90296c6230e8b7f4c06449","UNCHANGED"
"Docs/Security/Evidence/BatchB1_1_Closeout/Lifecycle/feature-disable-test-matrix.csv","30604b69940a183e01d0dfcd8c3d79db9bd6d5583b2b9bff1fbe80b11cfa03a0","30604b69940a183e01d0dfcd8c3d79db9bd6d5583b2b9bff1fbe80b11cfa03a0","UNCHANGED"
"Docs/Security/Evidence/BatchB1_1_Closeout/Lifecycle/git-diff-check-before.txt","31366ed41c3664a105bdff1c85c01804d52c6f7e177792a9d47de4786c001bba","31366ed41c3664a105bdff1c85c01804d52c6f7e177792a9d47de4786c001bba","UNCHANGED"
"Docs/Security/Evidence/BatchB1_1_Closeout/Lifecycle/git-diff-name-only-before.txt","efddac1c4c5cf00f36af2801b6ad3d9e50f880c385ea1b9820544d49a984ecc4","efddac1c4c5cf00f36af2801b6ad3d9e50f880c385ea1b9820544d49a984ecc4","UNCHANGED"
"Docs/Security/Evidence/BatchB1_1_Closeout/Lifecycle/git-diff-stat-before.txt","75d244c5e889e7232dbea1fde263759f6466e4e8b482d7fd4d9169ee0062d57b","75d244c5e889e7232dbea1fde263759f6466e4e8b482d7fd4d9169ee0062d57b","UNCHANGED"
"Docs/Security/Evidence/BatchB1_1_Closeout/Lifecycle/git-status-before.txt","15418cf5486d943edcde1f338708f036cbd7fe271f325dc697a84c410acd9938","15418cf5486d943edcde1f338708f036cbd7fe271f325dc697a84c410acd9938","UNCHANGED"
"Docs/Security/Evidence/BatchB1_1_Closeout/Lifecycle/process-selection-test-matrix.csv","fbeb913aa67de12d4b61480b4890a7a70e6568a89e9f1873c0cfd99129b5693b","fbeb913aa67de12d4b61480b4890a7a70e6568a89e9f1873c0cfd99129b5693b","UNCHANGED"
"Docs/Security/Evidence/BatchB1_1_Closeout/Lifecycle/remaining-risks.md","8bdf00e20e9b0ab6d4374f89ba8fbd7b384c35e89d130582fc05bd9dbe190bc8","8bdf00e20e9b0ab6d4374f89ba8fbd7b384c35e89d130582fc05bd9dbe190bc8","UNCHANGED"
"Docs/Security/Evidence/BatchB1_1_Closeout/Lifecycle/renderer-crash-test-matrix.csv","16de0f4b334e898956f411532a7f16b7f5e06c88a164307af5a633d236f1e73d","16de0f4b334e898956f411532a7f16b7f5e06c88a164307af5a633d236f1e73d","UNCHANGED"
"Docs/Security/Evidence/BatchB1_1_Closeout/Lifecycle/repository-root.txt","5bef17d72eef723db88b8c667ad7f5405ea4509322cdda3a4f9382bb1255fefb","5bef17d72eef723db88b8c667ad7f5405ea4509322cdda3a4f9382bb1255fefb","UNCHANGED"
"Docs/Security/Evidence/BatchB1_1_Closeout/Lifecycle/rollback-float-integrity-test-matrix.csv","a80f417fe0a2f0ff3b41a70cd392fda1369a020f5c4872153a7ab1eda2b61baf","a80f417fe0a2f0ff3b41a70cd392fda1369a020f5c4872153a7ab1eda2b61baf","UNCHANGED"
"Docs/Security/Evidence/BatchB1_1_Closeout/Lifecycle/shutdown-test-matrix.csv","50363340b3055ac27179cc8f4612354b352c21813eacb6794da9e54772f6ca04","50363340b3055ac27179cc8f4612354b352c21813eacb6794da9e54772f6ca04","UNCHANGED"
"Docs/Security/Evidence/BatchB1_1_Closeout/Lifecycle/tests-run.txt","8b4b9409f70670094233434eb93985d22b4f33ef5d88179fee5d93061f6c3d52","8b4b9409f70670094233434eb93985d22b4f33ef5d88179fee5d93061f6c3d52","UNCHANGED"
"Docs/Security/Evidence/BatchB1_1_Closeout/Lifecycle/trusted-sender-boundary-test-matrix.csv","7bef2c47e037c29a88d94094385b78d8465294e05ca1a19547ffb17c9112a65b","7bef2c47e037c29a88d94094385b78d8465294e05ca1a19547ffb17c9112a65b","UNCHANGED"
"Docs/Security/Evidence/BatchB1_1_Closeout/Lifecycle/verification-diff-check.txt","6e44d7e0fbb94fb60ec6c7fd9fbd4a48cd00de15e96f0bdb4150c4f7945ea90f","6e44d7e0fbb94fb60ec6c7fd9fbd4a48cd00de15e96f0bdb4150c4f7945ea90f","UNCHANGED"
"Docs/Security/Evidence/BatchB1_1_Closeout/Lifecycle/verification-diff-name-only.txt","c7601f2a2a12192636d90d942cbf1cd11f1b93ebab662e7b55914cedb205d269","c7601f2a2a12192636d90d942cbf1cd11f1b93ebab662e7b55914cedb205d269","UNCHANGED"
"Docs/Security/Evidence/BatchB1_1_Closeout/Lifecycle/verification-diff-stat.txt","753723fdb0c196117222365a59051bfe909b5e9a77ff2809637feac6880bda71","753723fdb0c196117222365a59051bfe909b5e9a77ff2809637feac6880bda71","UNCHANGED"
"Docs/Security/Evidence/BatchB1_1_Closeout/Lifecycle/verification-final.txt","d49f48ef1080bd276a17f99cc974d2a7f2ee27c55746e920d2ba6762fe6abf14","d49f48ef1080bd276a17f99cc974d2a7f2ee27c55746e920d2ba6762fe6abf14","UNCHANGED"
"Docs/Security/Evidence/BatchB1_1_Closeout/Lifecycle/verification-live-memory-tests.txt","cfed5d4d9088cdbc8178e6e99b578424e9b4f77da5ba8253f267d3a17ef1c7a7","cfed5d4d9088cdbc8178e6e99b578424e9b4f77da5ba8253f267d3a17ef1c7a7","UNCHANGED"
"Docs/Security/Evidence/BatchB1_1_Closeout/Lifecycle/verification-npm-test.txt","3c207146ab02d279a273dec1ace78f24ff6c26491f6c7ade1e10dff41b5bc7c9","3c207146ab02d279a273dec1ace78f24ff6c26491f6c7ade1e10dff41b5bc7c9","UNCHANGED"
"Docs/Security/Evidence/BatchB1_1_Closeout/Lifecycle/verification-scoped-security-tests.txt","3b6508b32d88addc64ec48576a36ac42360a527a44bd5530e425081b247105b0","3b6508b32d88addc64ec48576a36ac42360a527a44bd5530e425081b247105b0","UNCHANGED"
"Docs/Security/Evidence/BatchB1_1_Closeout/Lifecycle/verification-status.txt","4f2779dc487ede35bde7863e20866cdcc45efd3b9f9b3e0eb5b3641e6996937b","4f2779dc487ede35bde7863e20866cdcc45efd3b9f9b3e0eb5b3641e6996937b","UNCHANGED"
"Docs/Security/Evidence/BatchB1_1_Closeout/Lifecycle/verification-tsc-electron.txt","d5b69a25ddaddcedaca3addd0ecb0b5ea51b6391ccd1ff80e0afb25b3ebaeb92","d5b69a25ddaddcedaca3addd0ecb0b5ea51b6391ccd1ff80e0afb25b3ebaeb92","UNCHANGED"
"Docs/Security/Evidence/BatchB1_1_Closeout/Lifecycle/verification-tsc-main.txt","34b0274284a34039ca74f0f4f8030e17bfee5b642194a2cc82dd149a7ca059ba","34b0274284a34039ca74f0f4f8030e17bfee5b642194a2cc82dd149a7ca059ba","UNCHANGED"
"Docs/Security/Evidence/BatchB1_1_Closeout/Node22Gate/branch.txt","f543bbd1845c446c91bdf2aef11fdb78173570db5695379dbf9002df1a7c1bae","f543bbd1845c446c91bdf2aef11fdb78173570db5695379dbf9002df1a7c1bae","UNCHANGED"
"Docs/Security/Evidence/BatchB1_1_Closeout/Node22Gate/changed-files.txt","a877438681cd073e4fed7bb41b8bbbb4b1ba6e0b4ecf63c63ba96b9bc078b5cb","a877438681cd073e4fed7bb41b8bbbb4b1ba6e0b4ecf63c63ba96b9bc078b5cb","UNCHANGED"
"Docs/Security/Evidence/BatchB1_1_Closeout/Node22Gate/failure-classification.csv","aa3671de1f508620f3cecb92e494536201a46fa6dc7e2f02ef36a0a574a8d6ca","aa3671de1f508620f3cecb92e494536201a46fa6dc7e2f02ef36a0a574a8d6ca","UNCHANGED"
"Docs/Security/Evidence/BatchB1_1_Closeout/Node22Gate/git-diff-check-before.txt","630f0b868f8978902a5b343d27f45f58138dd7b61c672caebcab6fbad12f505a","630f0b868f8978902a5b343d27f45f58138dd7b61c672caebcab6fbad12f505a","UNCHANGED"
"Docs/Security/Evidence/BatchB1_1_Closeout/Node22Gate/git-diff-check-node22.txt","aa509d4ef1c798fb15ec3a10bd53be6db8637e68522bec4d6f319f09bd37ce33","aa509d4ef1c798fb15ec3a10bd53be6db8637e68522bec4d6f319f09bd37ce33","UNCHANGED"
"Docs/Security/Evidence/BatchB1_1_Closeout/Node22Gate/git-diff-name-only-after.txt","1377499f0d0f54cb49acfa71387076ff23112088e92fad7a51cf32ea32b3f1e4","1377499f0d0f54cb49acfa71387076ff23112088e92fad7a51cf32ea32b3f1e4","UNCHANGED"
"Docs/Security/Evidence/BatchB1_1_Closeout/Node22Gate/git-diff-name-only-before.txt","b9b1ae908fe7f4a654349a123439b7e5a7a2478ae56597f6dcf21c48d52b66a3","b9b1ae908fe7f4a654349a123439b7e5a7a2478ae56597f6dcf21c48d52b66a3","UNCHANGED"
"Docs/Security/Evidence/BatchB1_1_Closeout/Node22Gate/git-diff-stat-after.txt","ef6298d344fdb147cffbebc90ed0faca78177c729e16252a7c0cfdb8ac8916f1","ef6298d344fdb147cffbebc90ed0faca78177c729e16252a7c0cfdb8ac8916f1","UNCHANGED"
"Docs/Security/Evidence/BatchB1_1_Closeout/Node22Gate/git-diff-stat-before.txt","443195f7daa8a85aefd03765dde8abc2d6478430f8c58d4e9501324233016e83","443195f7daa8a85aefd03765dde8abc2d6478430f8c58d4e9501324233016e83","UNCHANGED"
"Docs/Security/Evidence/BatchB1_1_Closeout/Node22Gate/git-status-after.txt","8bf8e0bcc7290d8b34096ffa01d717483d4fbe18c8305ec9c2b8eeb3a0d24f31","8bf8e0bcc7290d8b34096ffa01d717483d4fbe18c8305ec9c2b8eeb3a0d24f31","UNCHANGED"
"Docs/Security/Evidence/BatchB1_1_Closeout/Node22Gate/git-status-before.txt","993ef2de9337a9baed264561766bd81cde9652c3c89878b6d916eaa98a3f5163","993ef2de9337a9baed264561766bd81cde9652c3c89878b6d916eaa98a3f5163","UNCHANGED"
"Docs/Security/Evidence/BatchB1_1_Closeout/Node22Gate/live-memory-test-node22.txt","012e0ea0666c905d7bc7141960fb9974af1daf911a5905751fac9e910eea57ba","012e0ea0666c905d7bc7141960fb9974af1daf911a5905751fac9e910eea57ba","UNCHANGED"
"Docs/Security/Evidence/BatchB1_1_Closeout/Node22Gate/node-paths.txt","6d6af799f59a0e91a8ce709d4bf8de7117ccb64b8b3e3bcceeeacc5938543eee","6d6af799f59a0e91a8ce709d4bf8de7117ccb64b8b3e3bcceeeacc5938543eee","UNCHANGED"
"Docs/Security/Evidence/BatchB1_1_Closeout/Node22Gate/node-version.txt","121aeaa6395d2cdfa58c49f9991e04126bcde2cad639a0924674652ecdc8cb5e","121aeaa6395d2cdfa58c49f9991e04126bcde2cad639a0924674652ecdc8cb5e","UNCHANGED"
"Docs/Security/Evidence/BatchB1_1_Closeout/Node22Gate/npm-test-node22.txt","4eed1e9baf76b204bd6a05b8a0cf56b76426176f305a59a545764458c2789c88","4eed1e9baf76b204bd6a05b8a0cf56b76426176f305a59a545764458c2789c88","UNCHANGED"
"Docs/Security/Evidence/BatchB1_1_Closeout/Node22Gate/npm-version.txt","cece8c9217f341436ec5ab6c748c169590490c678aefd5f9328b9cf5f415491a","cece8c9217f341436ec5ab6c748c169590490c678aefd5f9328b9cf5f415491a","UNCHANGED"
"Docs/Security/Evidence/BatchB1_1_Closeout/Node22Gate/remaining-risks.md","b0150ae5c668608c1f7a17831f43520a47fab6c2c2531616eba81c2cc7386e96","b0150ae5c668608c1f7a17831f43520a47fab6c2c2531616eba81c2cc7386e96","UNCHANGED"
"Docs/Security/Evidence/BatchB1_1_Closeout/Node22Gate/repository-root.txt","35a061514286c20481a46fe1740276292ab134482f8103a9b31f4c043d1228dd","35a061514286c20481a46fe1740276292ab134482f8103a9b31f4c043d1228dd","UNCHANGED"
"Docs/Security/Evidence/BatchB1_1_Closeout/Node22Gate/tests-summary.csv","61296f638b8814dfeceedfc2aea9033d97a1bb23c8618bc5bceeefe7ecfd234e","61296f638b8814dfeceedfc2aea9033d97a1bb23c8618bc5bceeefe7ecfd234e","UNCHANGED"
"Docs/Security/Evidence/BatchB1_1_Closeout/Node22Gate/typescript-electron-node22.txt","4827770cb775463e0b8c9490c47e7264a9db16cd3f4f8e594fdf1a4e1305a0a4","4827770cb775463e0b8c9490c47e7264a9db16cd3f4f8e594fdf1a4e1305a0a4","UNCHANGED"
"Docs/Security/Evidence/BatchB1_1_Closeout/Node22Gate/typescript-main-node22.txt","547843b82c96aae230d82fc25198b5f2057f835293c87941074e788c480b28c1","547843b82c96aae230d82fc25198b5f2057f835293c87941074e788c480b28c1","UNCHANGED"
"Docs/Security/Evidence/BatchB1_1_Closeout/Node22Gate/verification-final.txt","96b11c4c5cb73a12f9994606c90cac7f926a383048147eb5728f86490a0c5fcb","96b11c4c5cb73a12f9994606c90cac7f926a383048147eb5728f86490a0c5fcb","UNCHANGED"
"Docs/Security/Evidence/BatchB1_1_Closeout/Node22GateReconciliation/actor-indicators.txt","4a4f8b0dc039407036cf86b57c251c8f98dbeda8013b0952e5172c187fbbef4d","4a4f8b0dc039407036cf86b57c251c8f98dbeda8013b0952e5172c187fbbef4d","UNCHANGED"
"Docs/Security/Evidence/BatchB1_1_Closeout/Node22GateReconciliation/b1_1-impact.csv","99ce33c0ab805c7a827e516c328db1c2fff3cec7c1008ab446324f0859b1a425","99ce33c0ab805c7a827e516c328db1c2fff3cec7c1008ab446324f0859b1a425","UNCHANGED"
"Docs/Security/Evidence/BatchB1_1_Closeout/Node22GateReconciliation/changed-files.txt","acab26fda1988debb31d25d309ba9a0eacb38f7e4643f703d70600d9fedb3dd6","acab26fda1988debb31d25d309ba9a0eacb38f7e4643f703d70600d9fedb3dd6","UNCHANGED"
"Docs/Security/Evidence/BatchB1_1_Closeout/Node22GateReconciliation/changed-status-paths.csv","7042bb853608b238c40203f1b93b83a618ebd668edee57e3623ed0ad4442869b","7042bb853608b238c40203f1b93b83a618ebd668edee57e3623ed0ad4442869b","UNCHANGED"
"Docs/Security/Evidence/BatchB1_1_Closeout/Node22GateReconciliation/current-diff-check.txt","5c129d9abfe5d1c1f515536bf24c11be496ca61263bf51c1d81f1597fb4cab52","5c129d9abfe5d1c1f515536bf24c11be496ca61263bf51c1d81f1597fb4cab52","UNCHANGED"
"Docs/Security/Evidence/BatchB1_1_Closeout/Node22GateReconciliation/current-diff-name-status.txt","f1fa0085e8a5f819f08f29d355650daa77d2a7b9aae17a534ec6b4eb4af9361c","f1fa0085e8a5f819f08f29d355650daa77d2a7b9aae17a534ec6b4eb4af9361c","UNCHANGED"
"Docs/Security/Evidence/BatchB1_1_Closeout/Node22GateReconciliation/current-diff-numstat.txt","794a89e8f7798b5d71a2dd84781880451dd952ea533ab7305125f127bf21e06e","794a89e8f7798b5d71a2dd84781880451dd952ea533ab7305125f127bf21e06e","UNCHANGED"
"Docs/Security/Evidence/BatchB1_1_Closeout/Node22GateReconciliation/current-diff-stat.txt","df868e0f9827cd4d34fa8890cacab346957471e8922b4d841813b1e54b767754","df868e0f9827cd4d34fa8890cacab346957471e8922b4d841813b1e54b767754","UNCHANGED"
"Docs/Security/Evidence/BatchB1_1_Closeout/Node22GateReconciliation/current-diff-summary.txt","9616462c879aa1dbba1a7ccb348c1704604aa1b08181ace32fb07ebb5902f272","9616462c879aa1dbba1a7ccb348c1704604aa1b08181ace32fb07ebb5902f272","UNCHANGED"
"Docs/Security/Evidence/BatchB1_1_Closeout/Node22GateReconciliation/current-staged-name-status.txt","96c43a5bdb9ca50fc109876be79eb0f23be81b3bc68379201798dc70c36218e1","96c43a5bdb9ca50fc109876be79eb0f23be81b3bc68379201798dc70c36218e1","UNCHANGED"
"Docs/Security/Evidence/BatchB1_1_Closeout/Node22GateReconciliation/current-staged-stat.txt","221fd1eb6a134a7d5f2755faaa88cb0f576535d57c93ee35def8f7c79304c07c","221fd1eb6a134a7d5f2755faaa88cb0f576535d57c93ee35def8f7c79304c07c","UNCHANGED"
"Docs/Security/Evidence/BatchB1_1_Closeout/Node22GateReconciliation/current-status.txt","3cdc3c6c6ffd88e38d268d0c898aaf5dfe98ad6eadbc51e5d50c7d5efb0d15c1","3cdc3c6c6ffd88e38d268d0c898aaf5dfe98ad6eadbc51e5d50c7d5efb0d15c1","UNCHANGED"
"Docs/Security/Evidence/BatchB1_1_Closeout/Node22GateReconciliation/file-hashes.csv","a817f67bbcabebb86d1cf32f9a0d27de7a7d462762c6072fa7631706b49e4dc2","a817f67bbcabebb86d1cf32f9a0d27de7a7d462762c6072fa7631706b49e4dc2","UNCHANGED"
"Docs/Security/Evidence/BatchB1_1_Closeout/Node22GateReconciliation/final-status.txt","fa23106bdfe3bc6854b34e388407592090b134956795a9e12d80a84466cd8aff","fa23106bdfe3bc6854b34e388407592090b134956795a9e12d80a84466cd8aff","UNCHANGED"
"Docs/Security/Evidence/BatchB1_1_Closeout/Node22GateReconciliation/line-ending-state.txt","089c1afcc970ccce869e0fe1a2c8c4e1ba0ff9f38ca8052103accf6768a7edab","089c1afcc970ccce869e0fe1a2c8c4e1ba0ff9f38ca8052103accf6768a7edab","UNCHANGED"
"Docs/Security/Evidence/BatchB1_1_Closeout/Node22GateReconciliation/path-diff-evidence.txt","62bb61f0ade1c7fe71f462a7cf08936fe79a1666d7590f8edb047cb045beeaaf","62bb61f0ade1c7fe71f462a7cf08936fe79a1666d7590f8edb047cb045beeaaf","UNCHANGED"
"Docs/Security/Evidence/BatchB1_1_Closeout/Node22GateReconciliation/reconciliation-findings.md","db27f88cd531daaf8393e0a5a68e8559e6df268e0c02bd97b40b0b4e9ba34eb0","db27f88cd531daaf8393e0a5a68e8559e6df268e0c02bd97b40b0b4e9ba34eb0","UNCHANGED"
"Docs/Security/Evidence/BatchB1_1_Closeout/Node22GateReconciliation/tracked-file-flags.txt","5c879b8d9fcb269dc4f6f0e84e58bf22fa20f3cc1d818323fb2d7c550ab23e8d","5c879b8d9fcb269dc4f6f0e84e58bf22fa20f3cc1d818323fb2d7c550ab23e8d","UNCHANGED"
"Docs/Security/Evidence/BatchB1_1_Closeout/Node22GateReconciliation/verification-final.txt","0c872877ae256f31a6b0cb86b60d59cbc53b1ade3a33011db95ec7e9d0ac0419","0c872877ae256f31a6b0cb86b60d59cbc53b1ade3a33011db95ec7e9d0ac0419","UNCHANGED"
"Docs/Security/Evidence/BatchB1_1_Closeout/Node22GateStableRerun/b1_1-source-integrity.csv","3780400c7950946ae1a56d881f28344d0d3f3e6e315fb4cffd02b7b790433e45","3780400c7950946ae1a56d881f28344d0d3f3e6e315fb4cffd02b7b790433e45","UNCHANGED"
"Docs/Security/Evidence/BatchB1_1_Closeout/Node22GateStableRerun/changed-files.txt","41b012d72fa4fd0bb47105f591cf1f70967689096dd55421756c60300c53498f","41b012d72fa4fd0bb47105f591cf1f70967689096dd55421756c60300c53498f","UNCHANGED"
"Docs/Security/Evidence/BatchB1_1_Closeout/Node22GateStableRerun/concurrent-process-observation.txt","8b894c99e46154c1a6e969903df96f0721d1c433be6dba9b331c7471cc35cb39","8b894c99e46154c1a6e969903df96f0721d1c433be6dba9b331c7471cc35cb39","UNCHANGED"
"Docs/Security/Evidence/BatchB1_1_Closeout/Node22GateStableRerun/failure-classification.csv","3780400c7950946ae1a56d881f28344d0d3f3e6e315fb4cffd02b7b790433e45","3780400c7950946ae1a56d881f28344d0d3f3e6e315fb4cffd02b7b790433e45","UNCHANGED"
"Docs/Security/Evidence/BatchB1_1_Closeout/Node22GateStableRerun/final-stability-comparison.csv","3780400c7950946ae1a56d881f28344d0d3f3e6e315fb4cffd02b7b790433e45","3780400c7950946ae1a56d881f28344d0d3f3e6e315fb4cffd02b7b790433e45","UNCHANGED"
"Docs/Security/Evidence/BatchB1_1_Closeout/Node22GateStableRerun/git-diff-check-before.txt","e43eb42086b2c2c9f73c80ec19200fc1bd8261a54c0a05586c8346d71d6f7632","e43eb42086b2c2c9f73c80ec19200fc1bd8261a54c0a05586c8346d71d6f7632","UNCHANGED"
"Docs/Security/Evidence/BatchB1_1_Closeout/Node22GateStableRerun/git-diff-check.txt","3780400c7950946ae1a56d881f28344d0d3f3e6e315fb4cffd02b7b790433e45","3780400c7950946ae1a56d881f28344d0d3f3e6e315fb4cffd02b7b790433e45","UNCHANGED"
"Docs/Security/Evidence/BatchB1_1_Closeout/Node22GateStableRerun/git-diff-name-status-before.txt","8751af5b0c999d419e90ad7ef32578397267462c7a26bf306aba575f7a6c5566","8751af5b0c999d419e90ad7ef32578397267462c7a26bf306aba575f7a6c5566","UNCHANGED"
"Docs/Security/Evidence/BatchB1_1_Closeout/Node22GateStableRerun/git-diff-numstat-before.txt","38fd4a57aa4b648dd9f9830365130399b6474462e093ca6d90ec1c4bd34a17f8","38fd4a57aa4b648dd9f9830365130399b6474462e093ca6d90ec1c4bd34a17f8","UNCHANGED"
"Docs/Security/Evidence/BatchB1_1_Closeout/Node22GateStableRerun/git-diff-stat-before.txt","5a26b1e2e1bbb3ea8c58487501d8b5f8ebfe4de369f4ea6e2315a571fc35601a","5a26b1e2e1bbb3ea8c58487501d8b5f8ebfe4de369f4ea6e2315a571fc35601a","UNCHANGED"
"Docs/Security/Evidence/BatchB1_1_Closeout/Node22GateStableRerun/git-eol-before.txt","cce1df2c953274fd0b48117c20080602cc65b6bf5afc8b47ced2480c05c30b2d","cce1df2c953274fd0b48117c20080602cc65b6bf5afc8b47ced2480c05c30b2d","UNCHANGED"
"Docs/Security/Evidence/BatchB1_1_Closeout/Node22GateStableRerun/git-index-before.txt","987b78690b20a9c3dce497dd0ce344b59c09b131588065944f0e2ebb5df47634","987b78690b20a9c3dce497dd0ce344b59c09b131588065944f0e2ebb5df47634","UNCHANGED"
"Docs/Security/Evidence/BatchB1_1_Closeout/Node22GateStableRerun/git-staged-name-status-before.txt","e3b0c44298fc1c149afbf4c8996fb92427ae41e4649b934ca495991b7852b855","e3b0c44298fc1c149afbf4c8996fb92427ae41e4649b934ca495991b7852b855","UNCHANGED"
"Docs/Security/Evidence/BatchB1_1_Closeout/Node22GateStableRerun/git-staged-numstat-before.txt","e3b0c44298fc1c149afbf4c8996fb92427ae41e4649b934ca495991b7852b855","e3b0c44298fc1c149afbf4c8996fb92427ae41e4649b934ca495991b7852b855","UNCHANGED"
"Docs/Security/Evidence/BatchB1_1_Closeout/Node22GateStableRerun/git-status-before.txt","063f354617fa44199f9da4d0cd7245a5ce641ea5ca3933b1ef22852dc3230399","063f354617fa44199f9da4d0cd7245a5ce641ea5ca3933b1ef22852dc3230399","UNCHANGED"
"Docs/Security/Evidence/BatchB1_1_Closeout/Node22GateStableRerun/live-memory-test.txt","3780400c7950946ae1a56d881f28344d0d3f3e6e315fb4cffd02b7b790433e45","3780400c7950946ae1a56d881f28344d0d3f3e6e315fb4cffd02b7b790433e45","UNCHANGED"
"Docs/Security/Evidence/BatchB1_1_Closeout/Node22GateStableRerun/monitored-paths.txt","874fa3cb87fd7e8cb7d60050961b877acd4a2dd9c4a245fc5567ac3caccdc58f","874fa3cb87fd7e8cb7d60050961b877acd4a2dd9c4a245fc5567ac3caccdc58f","UNCHANGED"
"Docs/Security/Evidence/BatchB1_1_Closeout/Node22GateStableRerun/node-environment.txt","f664ee0b18c3f59fca4ffa96aa516d2e8b17550b98b2075d96748d1007bf2451","f664ee0b18c3f59fca4ffa96aa516d2e8b17550b98b2075d96748d1007bf2451","UNCHANGED"
"Docs/Security/Evidence/BatchB1_1_Closeout/Node22GateStableRerun/npm-test.txt","3780400c7950946ae1a56d881f28344d0d3f3e6e315fb4cffd02b7b790433e45","3780400c7950946ae1a56d881f28344d0d3f3e6e315fb4cffd02b7b790433e45","UNCHANGED"
"Docs/Security/Evidence/BatchB1_1_Closeout/Node22GateStableRerun/remaining-risks.md","166193741af0854dff4f20d2d48cb5093401c36df9ae9600d99f7bef5cff989c","166193741af0854dff4f20d2d48cb5093401c36df9ae9600d99f7bef5cff989c","UNCHANGED"
"Docs/Security/Evidence/BatchB1_1_Closeout/Node22GateStableRerun/source-state-after-diff-check.csv","3780400c7950946ae1a56d881f28344d0d3f3e6e315fb4cffd02b7b790433e45","3780400c7950946ae1a56d881f28344d0d3f3e6e315fb4cffd02b7b790433e45","UNCHANGED"
"Docs/Security/Evidence/BatchB1_1_Closeout/Node22GateStableRerun/source-state-after-electron-tsc.csv","3780400c7950946ae1a56d881f28344d0d3f3e6e315fb4cffd02b7b790433e45","3780400c7950946ae1a56d881f28344d0d3f3e6e315fb4cffd02b7b790433e45","UNCHANGED"
"Docs/Security/Evidence/BatchB1_1_Closeout/Node22GateStableRerun/source-state-after-live-memory.csv","3780400c7950946ae1a56d881f28344d0d3f3e6e315fb4cffd02b7b790433e45","3780400c7950946ae1a56d881f28344d0d3f3e6e315fb4cffd02b7b790433e45","UNCHANGED"
"Docs/Security/Evidence/BatchB1_1_Closeout/Node22GateStableRerun/source-state-after-main-tsc.csv","3780400c7950946ae1a56d881f28344d0d3f3e6e315fb4cffd02b7b790433e45","3780400c7950946ae1a56d881f28344d0d3f3e6e315fb4cffd02b7b790433e45","UNCHANGED"
"Docs/Security/Evidence/BatchB1_1_Closeout/Node22GateStableRerun/source-state-after-npm-test.csv","3780400c7950946ae1a56d881f28344d0d3f3e6e315fb4cffd02b7b790433e45","3780400c7950946ae1a56d881f28344d0d3f3e6e315fb4cffd02b7b790433e45","UNCHANGED"
"Docs/Security/Evidence/BatchB1_1_Closeout/Node22GateStableRerun/source-state-before.csv","cd8b586fae033cd02e1c097e448e4f5b510b449fb4bcc4c83504f0141182a6b0","cd8b586fae033cd02e1c097e448e4f5b510b449fb4bcc4c83504f0141182a6b0","UNCHANGED"
"Docs/Security/Evidence/BatchB1_1_Closeout/Node22GateStableRerun/source-state-final.csv","3780400c7950946ae1a56d881f28344d0d3f3e6e315fb4cffd02b7b790433e45","3780400c7950946ae1a56d881f28344d0d3f3e6e315fb4cffd02b7b790433e45","UNCHANGED"
"Docs/Security/Evidence/BatchB1_1_Closeout/Node22GateStableRerun/source-state-pretest.csv","3780400c7950946ae1a56d881f28344d0d3f3e6e315fb4cffd02b7b790433e45","3780400c7950946ae1a56d881f28344d0d3f3e6e315fb4cffd02b7b790433e45","UNCHANGED"
"Docs/Security/Evidence/BatchB1_1_Closeout/Node22GateStableRerun/stability-comparison.csv","6ce189aaabd302019685075cfb9c2ef99fd0242310b519e69c534a98860c443f","6ce189aaabd302019685075cfb9c2ef99fd0242310b519e69c534a98860c443f","UNCHANGED"
"Docs/Security/Evidence/BatchB1_1_Closeout/Node22GateStableRerun/stability-snapshot-t0.csv","cd8b586fae033cd02e1c097e448e4f5b510b449fb4bcc4c83504f0141182a6b0","cd8b586fae033cd02e1c097e448e4f5b510b449fb4bcc4c83504f0141182a6b0","UNCHANGED"
"Docs/Security/Evidence/BatchB1_1_Closeout/Node22GateStableRerun/stability-snapshot-t120.csv","cd8b586fae033cd02e1c097e448e4f5b510b449fb4bcc4c83504f0141182a6b0","cd8b586fae033cd02e1c097e448e4f5b510b449fb4bcc4c83504f0141182a6b0","UNCHANGED"
"Docs/Security/Evidence/BatchB1_1_Closeout/Node22GateStableRerun/stability-snapshot-t60.csv","cd8b586fae033cd02e1c097e448e4f5b510b449fb4bcc4c83504f0141182a6b0","cd8b586fae033cd02e1c097e448e4f5b510b449fb4bcc4c83504f0141182a6b0","UNCHANGED"
"Docs/Security/Evidence/BatchB1_1_Closeout/Node22GateStableRerun/tests-summary.csv","3780400c7950946ae1a56d881f28344d0d3f3e6e315fb4cffd02b7b790433e45","3780400c7950946ae1a56d881f28344d0d3f3e6e315fb4cffd02b7b790433e45","UNCHANGED"
"Docs/Security/Evidence/BatchB1_1_Closeout/Node22GateStableRerun/typescript-electron.txt","3780400c7950946ae1a56d881f28344d0d3f3e6e315fb4cffd02b7b790433e45","3780400c7950946ae1a56d881f28344d0d3f3e6e315fb4cffd02b7b790433e45","UNCHANGED"
"Docs/Security/Evidence/BatchB1_1_Closeout/Node22GateStableRerun/typescript-main.txt","3780400c7950946ae1a56d881f28344d0d3f3e6e315fb4cffd02b7b790433e45","3780400c7950946ae1a56d881f28344d0d3f3e6e315fb4cffd02b7b790433e45","UNCHANGED"
"Docs/Security/Evidence/BatchB1_1_Closeout/Node22GateStableRerun/verification-final.txt","b61261eae4515d1e141cb112823890f6b360f103c201ebd327d62efee64241d4","b61261eae4515d1e141cb112823890f6b360f103c201ebd327d62efee64241d4","UNCHANGED"
"Docs/Security/Evidence/BatchB1_1_Closeout/Node22GateStableRerun2/b1_1-source-integrity.csv","5a402e58d761d0902489809d74f58851c20399c4d6a596ef763c23904d99cf3b","5a402e58d761d0902489809d74f58851c20399c4d6a596ef763c23904d99cf3b","UNCHANGED"
"Docs/Security/Evidence/BatchB1_1_Closeout/Node22GateStableRerun2/changed-files.txt","89b2f57f0c0b44311b3f226c307e5c38673572bff495ae8ca7ed3f88ba0a5144","89b2f57f0c0b44311b3f226c307e5c38673572bff495ae8ca7ed3f88ba0a5144","UNCHANGED"
"Docs/Security/Evidence/BatchB1_1_Closeout/Node22GateStableRerun2/failure-classification.csv","bc88efdc2a5999ab86fb454da0b44fe652de8dde6388d18d65281e6de29d66cb","bc88efdc2a5999ab86fb454da0b44fe652de8dde6388d18d65281e6de29d66cb","UNCHANGED"
"Docs/Security/Evidence/BatchB1_1_Closeout/Node22GateStableRerun2/final-stability-comparison.csv","5452481096c4cc7e9bf39a3f88d208eb774e8f09e4e4c9cfe4df77c237f667a6","5452481096c4cc7e9bf39a3f88d208eb774e8f09e4e4c9cfe4df77c237f667a6","UNCHANGED"
"Docs/Security/Evidence/BatchB1_1_Closeout/Node22GateStableRerun2/git-diff-check.txt","a016b9fac2af0c4cd2d59cf698493216cb8ba2365474779fc18beec4436ba025","a016b9fac2af0c4cd2d59cf698493216cb8ba2365474779fc18beec4436ba025","UNCHANGED"
"Docs/Security/Evidence/BatchB1_1_Closeout/Node22GateStableRerun2/git-status-final.txt","3f71779b71bd15563fe371c82bb2328e4d1a4537d9a77ecae0eccf1bc5ef20e4","3f71779b71bd15563fe371c82bb2328e4d1a4537d9a77ecae0eccf1bc5ef20e4","UNCHANGED"
"Docs/Security/Evidence/BatchB1_1_Closeout/Node22GateStableRerun2/git-status-pretest.txt","9a9b8b19ffe18955dc7e931d379da35d9d597151c5d7ad06a4bccbe838bd8065","9a9b8b19ffe18955dc7e931d379da35d9d597151c5d7ad06a4bccbe838bd8065","UNCHANGED"
"Docs/Security/Evidence/BatchB1_1_Closeout/Node22GateStableRerun2/live-memory-test-node22.txt","eb12f418504a8a7d6f9e8c08e99ced463e739a3626a167b9266610d6185ca225","eb12f418504a8a7d6f9e8c08e99ced463e739a3626a167b9266610d6185ca225","UNCHANGED"
"Docs/Security/Evidence/BatchB1_1_Closeout/Node22GateStableRerun2/node22-candidates.csv","7c54e34aaf0cc1eb5b62894f47058d7e04362c203636b2833a89ea7a8c263150","7c54e34aaf0cc1eb5b62894f47058d7e04362c203636b2833a89ea7a8c263150","UNCHANGED"
"Docs/Security/Evidence/BatchB1_1_Closeout/Node22GateStableRerun2/node22-direct-invocation.txt","c370d18f5576f4678fe956e9f46f0e76d90b7449013630c6c28f9ddcf0040608","c370d18f5576f4678fe956e9f46f0e76d90b7449013630c6c28f9ddcf0040608","UNCHANGED"
"Docs/Security/Evidence/BatchB1_1_Closeout/Node22GateStableRerun2/npm-test-node22.txt","306ecd362000bbbe24b461431b34bb20b5e172656515926216d5f9667cb3d69a","306ecd362000bbbe24b461431b34bb20b5e172656515926216d5f9667cb3d69a","UNCHANGED"
"Docs/Security/Evidence/BatchB1_1_Closeout/Node22GateStableRerun2/pretest-stability-comparison.csv","068d1cdf57bc4a6772a0ff67156c13c1a997525122dbdc1e5bbdbc23695f5a34","068d1cdf57bc4a6772a0ff67156c13c1a997525122dbdc1e5bbdbc23695f5a34","UNCHANGED"
"Docs/Security/Evidence/BatchB1_1_Closeout/Node22GateStableRerun2/prior-node22-environment.md","5a2f8b7cdad93bb5241a0f8fe101f7e13883d3c91217a54e7dc24d2ca9710b7a","5a2f8b7cdad93bb5241a0f8fe101f7e13883d3c91217a54e7dc24d2ca9710b7a","UNCHANGED"
"Docs/Security/Evidence/BatchB1_1_Closeout/Node22GateStableRerun2/remaining-risks.md","47abfc27a6d7728fe1c4c72af1e95184d568aa00a8c43b90ce5e11c681629df5","47abfc27a6d7728fe1c4c72af1e95184d568aa00a8c43b90ce5e11c681629df5","UNCHANGED"
"Docs/Security/Evidence/BatchB1_1_Closeout/Node22GateStableRerun2/source-state-after-diff-check.csv","302de26891559f5ebb6b631f733bb13710700660543d40a99eeca90cfc00dbc5","302de26891559f5ebb6b631f733bb13710700660543d40a99eeca90cfc00dbc5","UNCHANGED"
"Docs/Security/Evidence/BatchB1_1_Closeout/Node22GateStableRerun2/source-state-after-electron-tsc.csv","302de26891559f5ebb6b631f733bb13710700660543d40a99eeca90cfc00dbc5","302de26891559f5ebb6b631f733bb13710700660543d40a99eeca90cfc00dbc5","UNCHANGED"
"Docs/Security/Evidence/BatchB1_1_Closeout/Node22GateStableRerun2/source-state-after-live-memory.csv","302de26891559f5ebb6b631f733bb13710700660543d40a99eeca90cfc00dbc5","302de26891559f5ebb6b631f733bb13710700660543d40a99eeca90cfc00dbc5","UNCHANGED"
"Docs/Security/Evidence/BatchB1_1_Closeout/Node22GateStableRerun2/source-state-after-main-tsc.csv","302de26891559f5ebb6b631f733bb13710700660543d40a99eeca90cfc00dbc5","302de26891559f5ebb6b631f733bb13710700660543d40a99eeca90cfc00dbc5","UNCHANGED"
"Docs/Security/Evidence/BatchB1_1_Closeout/Node22GateStableRerun2/source-state-after-npm-test.csv","302de26891559f5ebb6b631f733bb13710700660543d40a99eeca90cfc00dbc5","302de26891559f5ebb6b631f733bb13710700660543d40a99eeca90cfc00dbc5","UNCHANGED"
"Docs/Security/Evidence/BatchB1_1_Closeout/Node22GateStableRerun2/source-state-final.csv","302de26891559f5ebb6b631f733bb13710700660543d40a99eeca90cfc00dbc5","302de26891559f5ebb6b631f733bb13710700660543d40a99eeca90cfc00dbc5","UNCHANGED"
"Docs/Security/Evidence/BatchB1_1_Closeout/Node22GateStableRerun2/source-state-pretest-t60.csv","8c28e4d14286598ef2fc3c9f547e27959059992a5daed5cc9e6b73b0ff40202c","8c28e4d14286598ef2fc3c9f547e27959059992a5daed5cc9e6b73b0ff40202c","UNCHANGED"
"Docs/Security/Evidence/BatchB1_1_Closeout/Node22GateStableRerun2/source-state-pretest.csv","8c28e4d14286598ef2fc3c9f547e27959059992a5daed5cc9e6b73b0ff40202c","8c28e4d14286598ef2fc3c9f547e27959059992a5daed5cc9e6b73b0ff40202c","UNCHANGED"
"Docs/Security/Evidence/BatchB1_1_Closeout/Node22GateStableRerun2/tests-summary.csv","9520b343856eb0425c3bb985cc52ba2ddda8ab520284b8b1d3d5949c4d853c7c","9520b343856eb0425c3bb985cc52ba2ddda8ab520284b8b1d3d5949c4d853c7c","UNCHANGED"
"Docs/Security/Evidence/BatchB1_1_Closeout/Node22GateStableRerun2/typescript-electron-node22.txt","3e76125be7093dd5f5df21303e7ffabe4fa7edece7b9424c5bb4359db9d4983a","3e76125be7093dd5f5df21303e7ffabe4fa7edece7b9424c5bb4359db9d4983a","UNCHANGED"
"Docs/Security/Evidence/BatchB1_1_Closeout/Node22GateStableRerun2/typescript-main-node22.txt","7c48702aed576b303edd9d7b5dd8427de5e8aa58cfba6343759e7f496f84153e","7c48702aed576b303edd9d7b5dd8427de5e8aa58cfba6343759e7f496f84153e","UNCHANGED"
"Docs/Security/Evidence/BatchB1_1_Closeout/Node22GateStableRerun2/verification-final.txt","43dd379e395e7bd0390b11831ba224521c4e24417b444245b8a5c3706e4a277b","43dd379e395e7bd0390b11831ba224521c4e24417b444245b8a5c3706e4a277b","UNCHANGED"
"Docs/Security/Evidence/BatchB1_1_Closeout/repository-root.txt","d477cf4da2cab14529e5e64781a49c66a206f586a39d8e11b71c179796ef64b0","d477cf4da2cab14529e5e64781a49c66a206f586a39d8e11b71c179796ef64b0","UNCHANGED"
"Docs/Security/Evidence/BatchB1_1_Closeout/security-files-diff.txt","2fe5f6e9e6c8819fb9e9ff3840f4603e1b177312bdd3c24190ce1ac539b47186","2fe5f6e9e6c8819fb9e9ff3840f4603e1b177312bdd3c24190ce1ac539b47186","UNCHANGED"
"Docs/Security/Evidence/BatchB1_1_Closeout/security-files-numstat.txt","304789d7a6a50e7d4ac382add80fd1b9839036e1d60f3efeeaa7144ac5387397","304789d7a6a50e7d4ac382add80fd1b9839036e1d60f3efeeaa7144ac5387397","UNCHANGED"
"Docs/Security/Evidence/BatchB1_1_Closeout/test-full-before.txt","92396a29ea57b4edaab4adffca904a068d0a213aabfe69fe36ae3436be51e557","92396a29ea57b4edaab4adffca904a068d0a213aabfe69fe36ae3436be51e557","UNCHANGED"
"Docs/Security/Evidence/BatchB1_1_Closeout/test-live-memory-before.txt","13b6620dadbc8d25e24aa435ade70fc5d900e7355c6d273025bdfde93911defe","13b6620dadbc8d25e24aa435ade70fc5d900e7355c6d273025bdfde93911defe","UNCHANGED"
"Docs/Security/Evidence/BatchB1_1_Closeout/typescript-electron-before.txt","b8cdc2f7bad913ae70c0405d880c8e73c0380f34c34f63edde663875dc2515c1","b8cdc2f7bad913ae70c0405d880c8e73c0380f34c34f63edde663875dc2515c1","UNCHANGED"
"Docs/Security/Evidence/BatchB1_1_Closeout/typescript-main-before.txt","d48ec7adb187b1bf28f9445512fd81273f4b188d1783d1770c28bd2b983004d8","d48ec7adb187b1bf28f9445512fd81273f4b188d1783d1770c28bd2b983004d8","UNCHANGED"
"Docs/Security/Evidence/BatchB1_1/changed-files.txt","5f2c51e4e3ae3ec6d00bb6a8f5ff24177e0ff2ec38ea733e470dc657db1469c5","5f2c51e4e3ae3ec6d00bb6a8f5ff24177e0ff2ec38ea733e470dc657db1469c5","UNCHANGED"
"Docs/Security/Evidence/BatchB1_1/design.md","23c0516dd06b3f21f5a749eaa9534d01b9745a2b07648c73aba8bdbb97d12dce","23c0516dd06b3f21f5a749eaa9534d01b9745a2b07648c73aba8bdbb97d12dce","UNCHANGED"
"Docs/Security/Evidence/BatchB1_1/remaining-risks.md","31063ca4932f212ef323436c0afab7de6ea373009106d2ef38140ad83c461006","31063ca4932f212ef323436c0afab7de6ea373009106d2ef38140ad83c461006","UNCHANGED"
"Docs/Security/Evidence/BatchB1_1/tests-run.txt","6abeec229d41d53dd379ebb88ac73c2fe3d790865f444afa686ad29ae527f2bf","6abeec229d41d53dd379ebb88ac73c2fe3d790865f444afa686ad29ae527f2bf","UNCHANGED"
"Docs/Security/Evidence/BatchB1_1/verification-final.txt","c551842906d662ff371ccff59dae6f28cd53176c26e4a0b360f4be60dd6d0930","c551842906d662ff371ccff59dae6f28cd53176c26e4a0b360f4be60dd6d0930","UNCHANGED"
"Docs/Security/Evidence/BatchB1/baseline-files.txt","14d7092a8faec42c34fb01d8fa9acb56f4f2415747b59c86ac99ce28b72f3992","14d7092a8faec42c34fb01d8fa9acb56f4f2415747b59c86ac99ce28b72f3992","UNCHANGED"
"Docs/Security/Evidence/BatchB1/batcha-disposition-updates.csv","da3c8c16b89615196da832927a90c137993f5369572cc940d090d685aec5c08a","da3c8c16b89615196da832927a90c137993f5369572cc940d090d685aec5c08a","UNCHANGED"
"Docs/Security/Evidence/BatchB1/batchb1-owned-diff.txt","03f8fa4a4f98f6efd8693a0d2187e56350daec6be3c3379c8453b5cffd4cd224","03f8fa4a4f98f6efd8693a0d2187e56350daec6be3c3379c8453b5cffd4cd224","UNCHANGED"
"Docs/Security/Evidence/BatchB1/changed-files.txt","62c191535a5c3655b7ec010d467ed4811e88e0f523d8162da0a6d6faea2dcfda","62c191535a5c3655b7ec010d467ed4811e88e0f523d8162da0a6d6faea2dcfda","UNCHANGED"
"Docs/Security/Evidence/BatchB1/finding-revalidation-v2.md","834642050c4c45546e9d21f8402b696928969f030f7641cb4f4877cfd568ebfa","834642050c4c45546e9d21f8402b696928969f030f7641cb4f4877cfd568ebfa","UNCHANGED"
"Docs/Security/Evidence/BatchB1/finding-revalidation.md","529b48228501c369798863a05952941805714b16d07ed6d135fff2387d16ed67","529b48228501c369798863a05952941805714b16d07ed6d135fff2387d16ed67","UNCHANGED"
"Docs/Security/Evidence/BatchB1/preexisting-diff-preserved.txt","38070d1af9ecd110c76b6740c1cecaf011f412711de514deae84ba2c5bb60b55","38070d1af9ecd110c76b6740c1cecaf011f412711de514deae84ba2c5bb60b55","UNCHANGED"
"Docs/Security/Evidence/BatchB1/tests-run.txt","f718c75620338b44ac2ed6ced21bb57a039f85ce9a8e372ce1c3903b707e2760","f718c75620338b44ac2ed6ced21bb57a039f85ce9a8e372ce1c3903b707e2760","UNCHANGED"
"Docs/Security/Evidence/BatchB1/verification-final.txt","99f7d77865af5284b8fa2d380cefd06ea332ee20afaff77d779bc556ac4119f5","99f7d77865af5284b8fa2d380cefd06ea332ee20afaff77d779bc556ac4119f5","UNCHANGED"
"Docs/Security/IPC_CHANNEL_INVENTORY.md","ff6fdbda02cab26eabaf8028e9dec08d79d5bcf6ea2688c167b27fd603f6d667","ff6fdbda02cab26eabaf8028e9dec08d79d5bcf6ea2688c167b27fd603f6d667","UNCHANGED"
"Docs/Security/SOLITH_ATTACK_SURFACE.md","b1259ac28991059e17fff661bcbd2001367254c57dc6d0470251e890e757a8ef","b1259ac28991059e17fff661bcbd2001367254c57dc6d0470251e890e757a8ef","UNCHANGED"
"Docs/Security/SOLITH_BATCH_A_COMPLETE_AUDIT.md","2415aa7b43b5159bbc68251df90a93bb5a9a80ffed632143564c059dfa5865f6","2415aa7b43b5159bbc68251df90a93bb5a9a80ffed632143564c059dfa5865f6","UNCHANGED"
"Docs/Security/SOLITH_DEPENDENCY_INVENTORY.md","4cef2820aff3a8961287891cc2efdde3ab8c3807e764ad6e017dd1d1f1e732f4","4cef2820aff3a8961287891cc2efdde3ab8c3807e764ad6e017dd1d1f1e732f4","UNCHANGED"
"Docs/Security/SOLITH_IPC_INVENTORY_BATCH_A.md","d690afd3031f3cc1e01964b84aa1feae4e8b18a7c2039485424bc34ed9819a8d","d690afd3031f3cc1e01964b84aa1feae4e8b18a7c2039485424bc34ed9819a8d","UNCHANGED"
"Docs/Security/SOLITH_SECURITY_ARCHITECTURE.md","5c9bc8ad6ec8e8f97d0467e179869f2b0ea88a91515c4e231ccbc7cf1450670a","5c9bc8ad6ec8e8f97d0467e179869f2b0ea88a91515c4e231ccbc7cf1450670a","UNCHANGED"
"Docs/Security/SOLITH_SECURITY_FINDINGS_BATCH_A_REVISED.md","c2383cde626dbfe89980df1fc5662f0382fe1118cb0a5aeb1658467fb92f00a7","c2383cde626dbfe89980df1fc5662f0382fe1118cb0a5aeb1658467fb92f00a7","UNCHANGED"
"Docs/Security/SOLITH_SECURITY_FINDINGS_INITIAL.md","9cb1e7b08190632534ea80e0134c07a501fdb9f391e7a522f43575ec48b55bf4","9cb1e7b08190632534ea80e0134c07a501fdb9f391e7a522f43575ec48b55bf4","UNCHANGED"
"Docs/Security/Tools/Extract-SolithIpcSurface.ps1","e59320675f1acdc116b6727f9762a176bc4abfa0f3f748409eab6cd0505c9ee5","e59320675f1acdc116b6727f9762a176bc4abfa0f3f748409eab6cd0505c9ee5","UNCHANGED"
"Docs/SOLITH_LIVE_TRAINER_PARITY.md","baf6c3000feb9118b115409a1d8ab2df356a470f6c63d4a73615742ba4b3fc4f","baf6c3000feb9118b115409a1d8ab2df356a470f6c63d4a73615742ba4b3fc4f","UNCHANGED"
"Docs/SOLITH_MASTER_ROADMAP.md","1d81c3e8bce15e5eaffcc1d0a106cef67478a32c561956d7af99171765d92a37","1d81c3e8bce15e5eaffcc1d0a106cef67478a32c561956d7af99171765d92a37","UNCHANGED"
"Docs/SOLITH_UI_HIERARCHY.md","790dd9008d02c50c8214cc1d9fbdbc1250424a8f953967cba6e95010240fb003","790dd9008d02c50c8214cc1d9fbdbc1250424a8f953967cba6e95010240fb003","UNCHANGED"
"Docs/superpowers/specs/2026-07-09-visual-redesign-foundation-design.md","0ff43cd69b7305acb37104cff4baf5c1741c3b77b5078e03e0df4e5d16586ba7","0ff43cd69b7305acb37104cff4baf5c1741c3b77b5078e03e0df4e5d16586ba7","UNCHANGED"
"Docs/V1_STABILIZATION_MANIFEST.md","0bc04f8009cb18b4d07a234c63ab03cf302fe06e5268a460d56e0561e2dd0d5c","0bc04f8009cb18b4d07a234c63ab03cf302fe06e5268a460d56e0561e2dd0d5c","UNCHANGED"
"Docs/Walkthroughs/CORE_WORKFLOW_WALKTHROUGH.md","69d171ef57e3e5acb3fe0c93abd116ba2840ca5aeb4f1270bc1561ff1e06b74a","69d171ef57e3e5acb3fe0c93abd116ba2840ca5aeb4f1270bc1561ff1e06b74a","UNCHANGED"
"electron/app-paths.ts","d58eaea595429485d3cbedbbff351d13de42c526ad24e1629e636b7685e323ca","d58eaea595429485d3cbedbbff351d13de42c526ad24e1629e636b7685e323ca","UNCHANGED"
"electron/avowed-wingdk-backup-watch.ts","e32ab4df0838815ccc7a1561bc4b69b8807ccbb97c2790742edf658feb4f1c79","e32ab4df0838815ccc7a1561bc4b69b8807ccbb97c2790742edf658feb4f1c79","UNCHANGED"
"electron/catalog-process-watch.ts","0af9c7a4064609e36844ef2442687eb77e0ce1f81bbc9e0c3b7c98c8656aecae","0af9c7a4064609e36844ef2442687eb77e0ce1f81bbc9e0c3b7c98c8656aecae","UNCHANGED"
"electron/cheat-toggle-ipc.ts","f270ece065d9c2fb24517ca85f34f9cd4de51b363682294631a4c48bc38a1ff1","f270ece065d9c2fb24517ca85f34f9cd4de51b363682294631a4c48bc38a1ff1","UNCHANGED"
"electron/community-sync-orchestrator.ts","20bf93fa99c611884fcd7ae68b130e798d9d8c37b1787671c070df7a9f9383af","20bf93fa99c611884fcd7ae68b130e798d9d8c37b1787671c070df7a9f9383af","UNCHANGED"
"electron/ct-library-ipc.ts","2965e6ae7a651d67df13f117970fed1046caa75758153c9d1ac71c6b1daf5eb9","2965e6ae7a651d67df13f117970fed1046caa75758153c9d1ac71c6b1daf5eb9","UNCHANGED"
"electron/install-discovery-ipc.ts","b7bf0e35f667eb5604e7ac45b6fa674b7fb581d2fbce786206cfe6516fa07e22","b7bf0e35f667eb5604e7ac45b6fa674b7fb581d2fbce786206cfe6516fa07e22","UNCHANGED"
"electron/ipc-validation.ts","1b2c57ee1c19c00d330c74cc80c69109c0682a604b2d2200fc45a91c470242cc","1b2c57ee1c19c00d330c74cc80c69109c0682a604b2d2200fc45a91c470242cc","UNCHANGED"
"electron/live-memory-ipc.ts","c479a2849dc4f95ab631625b7728e125f6b7674e2b64e9c43a58b11c3323c2fc","c74d40a6cd5deb48ab255095ead6ab765952db64ffd395dad4f75a84a0815b70","GATE2_5_AUTHORIZED"
"electron/local-ocr-ipc.ts","e53fe22e32e60b86cc360c9cf26464a17902be87d54727b4db26a062b3365b31","e53fe22e32e60b86cc360c9cf26464a17902be87d54727b4db26a062b3365b31","UNCHANGED"
"electron/main.ts","d653e41bdbdb3e5e2e4904a9a7eb2c9ec779b40eb73546b8b6be9b26b15a1964","d653e41bdbdb3e5e2e4904a9a7eb2c9ec779b40eb73546b8b6be9b26b15a1964","UNCHANGED"
"electron/preload.ts","6f3391027c012006012d4f4d65b17c4ec57569ad81a75f6669609f3bee6d38ac","6f3391027c012006012d4f4d65b17c4ec57569ad81a75f6669609f3bee6d38ac","UNCHANGED"
"electron/privileged-consent-dialog.ts","ff35ddfb70879c854fc0618edd8221eb394536ab5664977c0b69aaedab2f53c9","ff35ddfb70879c854fc0618edd8221eb394536ab5664977c0b69aaedab2f53c9","UNCHANGED"
"electron/registry-verification-ipc.ts","9b89f0828a34fc09e32e63761e8d73f9f9a72f581d43f194f8d634999386fd55","9b89f0828a34fc09e32e63761e8d73f9f9a72f581d43f194f8d634999386fd55","UNCHANGED"
"electron/run-compat-test.ts","9e862e4e1d19b4782eecde450948415b27ae74e0aded491b7f7f684be70c5ece","9e862e4e1d19b4782eecde450948415b27ae74e0aded491b7f7f684be70c5ece","UNCHANGED"
"electron/sender-validation.ts","290f2116b22bdff034add65262861d6bdc60de48b4a51daaf9ab74c1f334b869","290f2116b22bdff034add65262861d6bdc60de48b4a51daaf9ab74c1f334b869","UNCHANGED"
"electron/trainer-catalog-ipc.ts","066f0d1d8f5b2ee32113b91f740f6be53ca65358707b00a9a32683ae0a7967e6","066f0d1d8f5b2ee32113b91f740f6be53ca65358707b00a9a32683ae0a7967e6","UNCHANGED"
"electron/trainer-deck-ipc.ts","5c6f2ca334a84399285e3f14ce22db07bdcda6e3d5135b1ab7bc9fb42ffdf034","5c6f2ca334a84399285e3f14ce22db07bdcda6e3d5135b1ab7bc9fb42ffdf034","UNCHANGED"
"electron/trainer-hotkeys.ts","e961dd3d8c2cb2da377a2257eaab0d111d690fbe82e3d9287abee1aa9a026b5f","e961dd3d8c2cb2da377a2257eaab0d111d690fbe82e3d9287abee1aa9a026b5f","UNCHANGED"
"electron/trainer-overlay.ts","3b70fa3579cceec08fe2ee7d1893e7119f261dc5acd29672ea4a7ac16358fbd3","3b70fa3579cceec08fe2ee7d1893e7119f261dc5acd29672ea4a7ac16358fbd3","UNCHANGED"
"electron/trainer-research-ipc.ts","e9396b26cce43675a50ada1c7963588c1947156f0296e884c9e85a2742721b47","e9396b26cce43675a50ada1c7963588c1947156f0296e884c9e85a2742721b47","UNCHANGED"
"electron/wisp-overlay.ts","72cd8a3e9b55eb72b377e3bb7a05de120f6f8346590fbb2e72351532fc9e033a","72cd8a3e9b55eb72b377e3bb7a05de120f6f8346590fbb2e72351532fc9e033a","UNCHANGED"
"fixtures/community-ct/CrimsonDesert.CT","214794100dd4359f6079e3e362958e661cb1493bc71e1565355a4c35c2850416","214794100dd4359f6079e3e362958e661cb1493bc71e1565355a4c35c2850416","UNCHANGED"
"fixtures/ue-dumpspace-minimal/ClassesInfo.json","2c926bba689ee71fa7d3401fc273c89c68ada4679a32de0d4368a39b1653a7bc","2c926bba689ee71fa7d3401fc273c89c68ada4679a32de0d4368a39b1653a7bc","UNCHANGED"
"fixtures/ue-dumpspace-minimal/OffsetsInfo.json","9f3ac8deb5bb8015c72495f4ec282638f621255ee005e871d7d3b5e5d51969e5","9f3ac8deb5bb8015c72495f4ec282638f621255ee005e871d7d3b5e5d51969e5","UNCHANGED"
"graphify-out/.graphify_analysis.json","357240646a097f6cacea1c4883df131f1f96f39a3b50a1225a8be3f373d7802c","357240646a097f6cacea1c4883df131f1f96f39a3b50a1225a8be3f373d7802c","UNCHANGED"
"graphify-out/.graphify_root","2ff0c37fd0027760dad9efb83523523a4403aa1338bd49c7819c4095222afea2","2ff0c37fd0027760dad9efb83523523a4403aa1338bd49c7819c4095222afea2","UNCHANGED"
"graphify-out/cache/ast/v0.9.25/0067c0b0f4aec422a41e498d93026c3149fcdddde619ffb649d61d7fac598b9c.json","a4ebc7967706f6d77234cf94abd4eabd74dbd06b04471828b332adbf043db735","a4ebc7967706f6d77234cf94abd4eabd74dbd06b04471828b332adbf043db735","UNCHANGED"
"graphify-out/cache/ast/v0.9.25/14d1fef8f5d87ce58c0c1d471b32ebb0aeb54903902287c0522346e0a6da0bf3.json","e1f95ec06dc35899685eb3cd6341f49f49a26c7576405bd6ca3486d1ce50b993","e1f95ec06dc35899685eb3cd6341f49f49a26c7576405bd6ca3486d1ce50b993","UNCHANGED"
"graphify-out/cache/ast/v0.9.25/175570eefaeac69a37369ccbce40bc3b3686ff196b2927814d40b696cc1575be.json","e9e98779e4647ef13531dfff368133b613e9269f1a2589b182c43cbc604d6e76","e9e98779e4647ef13531dfff368133b613e9269f1a2589b182c43cbc604d6e76","UNCHANGED"
"graphify-out/cache/ast/v0.9.25/2ce8428747b6fa9fe8a453f5eafcaddb8cf6fe6edef21b60ff9e18ada17ce0b6.json","3731504d0abeb351a802742444f55ceb71ee26bbab5dc794d41ce1b162270ad9","3731504d0abeb351a802742444f55ceb71ee26bbab5dc794d41ce1b162270ad9","UNCHANGED"
"graphify-out/cache/ast/v0.9.25/2d892eddf6c33a73ec3b5f64729634e28a8094cd171eaddac62a0e5251823e10.json","95cdd2b9457b8c187cc22b43c13895a5882e2a620b36f812eddf29c85023ae4b","95cdd2b9457b8c187cc22b43c13895a5882e2a620b36f812eddf29c85023ae4b","UNCHANGED"
"graphify-out/cache/ast/v0.9.25/30151aeba862b8ff4baef8d95366660a1d32d3bc2acd0032fdc072222b8431fa.json","b24a2d2628a4dfdee1fea8a6aabbf59d62a4a96b7e108d1f23f737a7d1a1d07c","b24a2d2628a4dfdee1fea8a6aabbf59d62a4a96b7e108d1f23f737a7d1a1d07c","UNCHANGED"
"graphify-out/cache/ast/v0.9.25/3f09f13566e4576562682ce5e14c9083c6c932d2855450bc08c90c3e9a93244f.json","00574a67ec846c36b59d03b090de428ade9164cf2dbf1f9cdfb7c6bd4ec0fbbe","00574a67ec846c36b59d03b090de428ade9164cf2dbf1f9cdfb7c6bd4ec0fbbe","UNCHANGED"
"graphify-out/cache/ast/v0.9.25/6003fef27484be288422d25d976c43d8aa2c67eade65a0fe82cf4c06df807aef.json","0bb40005444ea513a0cc721736cb6b11df89d6ad0dedbfe7084dd6efad3f6958","0bb40005444ea513a0cc721736cb6b11df89d6ad0dedbfe7084dd6efad3f6958","UNCHANGED"
"graphify-out/cache/ast/v0.9.25/761f0954cb0d5ae96656b7cc0b09660ac45c91dfa0d4f15e94bfe179cd58f349.json","198ae6e106a964d8d7ba5803b01c5dc72b35991c05e2b0bfcccfd7514e644aac","198ae6e106a964d8d7ba5803b01c5dc72b35991c05e2b0bfcccfd7514e644aac","UNCHANGED"
"graphify-out/cache/ast/v0.9.25/7fd6c5751bdea70430bbca1a05446b87ee85db0d79e3236cc68410af505766e1.json","26ebf649e88022528eaaa8f3febf25536ba4ca6983324f229fe4cfbd0b22ccbb","26ebf649e88022528eaaa8f3febf25536ba4ca6983324f229fe4cfbd0b22ccbb","UNCHANGED"
"graphify-out/cache/ast/v0.9.25/8023544d8d1d6b3b34becf3f57fc49408fed2c43584add8ca61c12f06baa0847.json","159c1bc8fd0e69db82728dbfb60978ad9aa8ebb57a9511175fcd9b6cd5f8e254","159c1bc8fd0e69db82728dbfb60978ad9aa8ebb57a9511175fcd9b6cd5f8e254","UNCHANGED"
"graphify-out/cache/ast/v0.9.25/82ac6b414a6774c94b93d3f5afe2f1165aa1be13b4a04b348137fcaa7cb842d2.json","3410233f930f4257deb9a77bf6445ffbacb9bafd4e02cfcca11e82dd53e05b85","3410233f930f4257deb9a77bf6445ffbacb9bafd4e02cfcca11e82dd53e05b85","UNCHANGED"
"graphify-out/cache/ast/v0.9.25/981e64709a66a371f8a0b923f8b599e5beffe82768d34ba62f3eecf57cda1230.json","7cea8a7604e347d4e8437121605451f442d7d88a08aed815c6cebdd0c20ea72d","7cea8a7604e347d4e8437121605451f442d7d88a08aed815c6cebdd0c20ea72d","UNCHANGED"
"graphify-out/cache/ast/v0.9.25/9a4d7ce4d2b8b8b4aaedf1c0c762ddb0c2f4e31ae40219f435a6db319bc553a2.json","40ddf4ed63477e1351c4c3a74bd8e84306ff0e8a13614fb745a1bdff09cca429","40ddf4ed63477e1351c4c3a74bd8e84306ff0e8a13614fb745a1bdff09cca429","UNCHANGED"
"graphify-out/cache/ast/v0.9.25/a02e37d772773e0eb49518b5321a410ef9e69d78f3188453ac77f70e7e31a0ca.json","66adc3d255f507ebe3453c42409872cfc7567d3d9fbadb15247e12c9be27f275","66adc3d255f507ebe3453c42409872cfc7567d3d9fbadb15247e12c9be27f275","UNCHANGED"
"graphify-out/cache/ast/v0.9.25/a64f750fec35f58e334114a83e78fc0eaacfb302803de24433cfca38317c8c0f.json","ed6e51772b4dec31ff55f5466132a66ebb720ea041f4de54053ae164a50caa2a","ed6e51772b4dec31ff55f5466132a66ebb720ea041f4de54053ae164a50caa2a","UNCHANGED"
"graphify-out/cache/ast/v0.9.25/a860a42b05b242e2c217b7cb07fb2c9fa7f3ef252b486291f2f7075638712247.json","3fce5862f13bcef2ffd58c055f739b0d07f20eeaa94557c56576ed26581fbbc5","3fce5862f13bcef2ffd58c055f739b0d07f20eeaa94557c56576ed26581fbbc5","UNCHANGED"
"graphify-out/cache/ast/v0.9.25/adb2fe0f56d629494400e01cf736628d0ca0f3e66f102fdd0e4981a29b8231c2.json","dbf296415dbdc97b9242965d423be7bd2bd31e08fdd668ce70991592e831ce3e","dbf296415dbdc97b9242965d423be7bd2bd31e08fdd668ce70991592e831ce3e","UNCHANGED"
"graphify-out/cache/ast/v0.9.25/b4dae6c3949ce3b5d89ce8d73c79ec5b90f7b17eeedf2df34ef187748c4e3f8e.json","28b5ab13cf0d4d34a484c2a2bca130083fabeb68e0874591bd379c51fe6efef1","28b5ab13cf0d4d34a484c2a2bca130083fabeb68e0874591bd379c51fe6efef1","UNCHANGED"
"graphify-out/cache/ast/v0.9.25/ce13499f92b1efc83cf828c7e33d94f956e94374b1094636b074b54a906ab37b.json","1a7efd0d0e81582b4c13ffb5c8e1601ffda14c8c26237c6b07ae0a0224436212","1a7efd0d0e81582b4c13ffb5c8e1601ffda14c8c26237c6b07ae0a0224436212","UNCHANGED"
"graphify-out/cache/ast/v0.9.25/cec8be597b5720207d69602468780e9098ecbea298b3d6101fda07b8543b5ce3.json","1521481c053c446d754a77fd1caf804c42b5a6d49ab8e55d7992b460ab31fed9","1521481c053c446d754a77fd1caf804c42b5a6d49ab8e55d7992b460ab31fed9","UNCHANGED"
"graphify-out/cache/ast/v0.9.25/cefe716bb7b027e114e28aadb99a627d31bb284d5d6a1dd209a46033894dd9a8.json","9ea95f1e5dc80aa15d0a3dbe1245f84d6952a5314eca0996dbc4ae2e01c361fa","9ea95f1e5dc80aa15d0a3dbe1245f84d6952a5314eca0996dbc4ae2e01c361fa","UNCHANGED"
"graphify-out/cache/ast/v0.9.25/d07e25ac475167e809b118e8d6966b27d282fe9318880859eaef1f5292433daa.json","eb1537621896d1932e7ebf7ad493af9beb5809a85c1adf04253c90323eda3d0a","eb1537621896d1932e7ebf7ad493af9beb5809a85c1adf04253c90323eda3d0a","UNCHANGED"
"graphify-out/cache/ast/v0.9.25/eadd18f297fe908d2479368dcd6a3386bf6e8eec02dadd1b79912b27b0605a9b.json","58875850cf341845c6962a9dfb03bded760150212bfbbc047e3ac236df71aa21","58875850cf341845c6962a9dfb03bded760150212bfbbc047e3ac236df71aa21","UNCHANGED"
"graphify-out/cache/ast/v0.9.25/ee419e7c54d5d803a79c59b410b2eb6de9c3489025803fb1b0d1e0a1730d68ef.json","76832dc94fc12af0dda1f060cd76066562ea19e9f06454f4217a63ebf0001e74","76832dc94fc12af0dda1f060cd76066562ea19e9f06454f4217a63ebf0001e74","UNCHANGED"
"graphify-out/cache/ast/v0.9.25/fd86deccd08ab232971bfe1ad9601ea3bb977c16a4ccd34b74efab28b8d4979f.json","8b0b1f9c7d00e22e586cbb9c144b9fde12039ff09e8aedf33b75d11656d62b4c","8b0b1f9c7d00e22e586cbb9c144b9fde12039ff09e8aedf33b75d11656d62b4c","UNCHANGED"
"graphify-out/cache/stat-index.json","bc80acb8ac656f952af7677b01041eb40a22ba13646bd438dd326dce93d1f682","bc80acb8ac656f952af7677b01041eb40a22ba13646bd438dd326dce93d1f682","UNCHANGED"
"graphify-out/graph.json","0d1d93639fd792a306cf9e84fb85366bbc0c71cfbdf7fe235b416c7e28e14a04","0d1d93639fd792a306cf9e84fb85366bbc0c71cfbdf7fe235b416c7e28e14a04","UNCHANGED"
"graphify-out/manifest.json","d475e56b4956170123397bc34ca98a5ece8b910c2c55094e0a4fb9ac6c8e34f2","d475e56b4956170123397bc34ca98a5ece8b910c2c55094e0a4fb9ac6c8e34f2","UNCHANGED"
"index.html","43da8b544019790c29189d70156be83cb7bbf39ac4cb2831fcde65e87dce90fd","43da8b544019790c29189d70156be83cb7bbf39ac4cb2831fcde65e87dce90fd","UNCHANGED"
"native/solith-readonly-scanner/Cargo.lock","437283658bdbacf767807ca28522cb715e88bed8bb44a22e7e758d109ce76632","437283658bdbacf767807ca28522cb715e88bed8bb44a22e7e758d109ce76632","UNCHANGED"
"native/solith-readonly-scanner/Cargo.toml","7293fd79e6c59f3a8f8ac51b7cae1355ccb310a574f129293ccfa76d3d814935","7293fd79e6c59f3a8f8ac51b7cae1355ccb310a574f129293ccfa76d3d814935","UNCHANGED"
"native/solith-readonly-scanner/src/main.rs","7c3c78e14aeb24664976e28edf27526a76dfb91afa2232fdd5e01ce5fcf8350e","7c3c78e14aeb24664976e28edf27526a76dfb91afa2232fdd5e01ce5fcf8350e","UNCHANGED"
"package-lock.json","1ecb3c53c523bfa5166d3fb183011ed8c88aab4f99ff25083975ce97b3f2d97f","1ecb3c53c523bfa5166d3fb183011ed8c88aab4f99ff25083975ce97b3f2d97f","UNCHANGED"
"package.json","9711444d25b61f8433d59cb33536688260e357e299df2c51ee3ee4cfcc905518","9711444d25b61f8433d59cb33536688260e357e299df2c51ee3ee4cfcc905518","UNCHANGED"
"playwright.config.ts","7d5cc9741c39496bf4c2691bfb5e01f6a4aec74cf1379de308e66715feb8b408","7d5cc9741c39496bf4c2691bfb5e01f6a4aec74cf1379de308e66715feb8b408","UNCHANGED"
"playwright.e2e.config.ts","f76204bd1e48b0ef02a0dbe7ae9078596115677db7cddd19b7760fbf608770f1","f76204bd1e48b0ef02a0dbe7ae9078596115677db7cddd19b7760fbf608770f1","UNCHANGED"
"PROJECT_SPEC.md","ffaa0e3f68b74aa6e95412aa79695dc69659e6c6e7272c56d4cd983b4e2cec8d","ffaa0e3f68b74aa6e95412aa79695dc69659e6c6e7272c56d4cd983b4e2cec8d","UNCHANGED"
"public/solith-icon.ico","37faca04afcb8a4b79b9641761a66000bf3f44961913f1a95009fa1e6eb1d4eb","37faca04afcb8a4b79b9641761a66000bf3f44961913f1a95009fa1e6eb1d4eb","UNCHANGED"
"public/solith-icon.png","5e312904287c70bd06a358b4c49995a1cbb10f14c7b2ea18747ec35639f65df6","5e312904287c70bd06a358b4c49995a1cbb10f14c7b2ea18747ec35639f65df6","UNCHANGED"
"README.md","31dddb289b4e67015cb1fa8a6a4eb775b11e48d7d57594b1e09a3550f78c8d72","31dddb289b4e67015cb1fa8a6a4eb775b11e48d7d57594b1e09a3550f78c8d72","UNCHANGED"
"ROADMAP.md","4db76bde7a583e024495f71e588474c6154f310cb321cbc37f9cf675300132e6","4db76bde7a583e024495f71e588474c6154f310cb321cbc37f9cf675300132e6","UNCHANGED"
"scripts/analyze-aob-repair-candidates.mjs","d6c79db106d3a9988b6678968e65fd4395c05e9d44e5b4c0061e2ead956869c6","d6c79db106d3a9988b6678968e65fd4395c05e9d44e5b4c0061e2ead956869c6","UNCHANGED"
"scripts/build-readonly-scanner.mjs","025ef89ddfd5fcaf3cb7558cbf31fd4e5ce0b29648b5ddc55df732070646990d","025ef89ddfd5fcaf3cb7558cbf31fd4e5ce0b29648b5ddc55df732070646990d","UNCHANGED"
"scripts/capture-solith-ui.mjs","54eb4f5bda0da8dd5cf407fb7de171750d8dbc2a07d019d5a19d64acca7e808d","54eb4f5bda0da8dd5cf407fb7de171750d8dbc2a07d019d5a19d64acca7e808d","UNCHANGED"
"scripts/catalog-demand-report.mjs","31c7eda516502349a69cd30d30abfb855245d8fc02516273f8566b4244b31d59","31c7eda516502349a69cd30d30abfb855245d8fc02516273f8566b4244b31d59","UNCHANGED"
"scripts/certify-cheat.mjs","fe77b6bf5eeb4a7ecbf0425421c68f793931d0afccb1de5a178ee4477a7c7b65","fe77b6bf5eeb4a7ecbf0425421c68f793931d0afccb1de5a178ee4477a7c7b65","UNCHANGED"
"scripts/certify-live-pointer.mjs","acea93bcd892bbd1febd3ba89d3e2fd9fb10e0d0f2f97c3b27676e293869dfa6","acea93bcd892bbd1febd3ba89d3e2fd9fb10e0d0f2f97c3b27676e293869dfa6","UNCHANGED"
"scripts/check-gold-after-restart.mts","b95a310beb49af8f5fae3d2a3b16f676596fc8519c1bad1d291c1ef4cb03917b","b95a310beb49af8f5fae3d2a3b16f676596fc8519c1bad1d291c1ef4cb03917b","UNCHANGED"
"scripts/check-node.mjs","57bc1994a0b5c64a648156a826c24f6d6a656c49ab8dcd88d30dadfa8ae3aa6f","57bc1994a0b5c64a648156a826c24f6d6a656c49ab8dcd88d30dadfa8ae3aa6f","UNCHANGED"
"scripts/compile-ct-registry.mjs","0799b891d32924cbaea674b383578d764c6e1df53d86ae3c65874ddae3e3b950","0799b891d32924cbaea674b383578d764c6e1df53d86ae3c65874ddae3e3b950","UNCHANGED"
"scripts/compile-ct-zip.mjs","29f3aad7c9169e4dc5b39659a64a6effcd771419e8e4ea83e89b34ee91c58929","29f3aad7c9169e4dc5b39659a64a6effcd771419e8e4ea83e89b34ee91c58929","UNCHANGED"
"scripts/dev.mjs","535ad8704b593ea4cd72446ee3f63e26f3643d073d846f816ecab96375097581","535ad8704b593ea4cd72446ee3f63e26f3643d073d846f816ecab96375097581","UNCHANGED"
"scripts/ensure-electron-host-entry.mjs","9346c3067e599419e3acf327e6fa4210fa820d345bf02647c0a102696301823d","9346c3067e599419e3acf327e6fa4210fa820d345bf02647c0a102696301823d","UNCHANGED"
"scripts/explore-palworld-extract-all.mts","264d4bba35e1528a0ef7c4760d25f00744ed4d7b7bbc10b5041a069f81e77a8b","264d4bba35e1528a0ef7c4760d25f00744ed4d7b7bbc10b5041a069f81e77a8b","UNCHANGED"
"scripts/explore-palworld-narrow.mts","cd676bf8c4a56df1c8e87605f6abcc3310c457884e1dc8f471df7d7ee7d748aa","cd676bf8c4a56df1c8e87605f6abcc3310c457884e1dc8f471df7d7ee7d748aa","UNCHANGED"
"scripts/explore-palworld-next-scan.mts","83d8157fd2912b29c225944d1a058c1b0a4aeadad62321e9ad14199cc4a0c276","83d8157fd2912b29c225944d1a058c1b0a4aeadad62321e9ad14199cc4a0c276","UNCHANGED"
"scripts/explore-palworld-pointer-scan.mts","69f6c8d5d80e6b876ca05f965934767a199551559490847e3c3ac06b1b3546ad","69f6c8d5d80e6b876ca05f965934767a199551559490847e3c3ac06b1b3546ad","UNCHANGED"
"scripts/explore-palworld-readonly.mts","13ee129b46062be38439f0d269c2236fdce267c819ba5d8ea3883974523f11ee","13ee129b46062be38439f0d269c2236fdce267c819ba5d8ea3883974523f11ee","UNCHANGED"
"scripts/explore-palworld-wide-scan.mts","df9195768df4d16d18edc1a68062e1d4f2ae4838eb0c2f4a9ca72eacfc656c25","df9195768df4d16d18edc1a68062e1d4f2ae4838eb0c2f4a9ca72eacfc656c25","UNCHANGED"
"scripts/extract-ct-script-catalog.mjs","183e6c7ff7df05579db60ff99c6018dc98f16cbd095eaa7abf5e96cf40a88404","183e6c7ff7df05579db60ff99c6018dc98f16cbd095eaa7abf5e96cf40a88404","UNCHANGED"
"scripts/generate-release-checksums.mjs","0e5bf22986fc83b6e7add6debc1a8926cf939a601fffc099e8b4882d0cac7154","0e5bf22986fc83b6e7add6debc1a8926cf939a601fffc099e8b4882d0cac7154","UNCHANGED"
"scripts/generate-support-matrix-runner.ts","950e10b622bd49b92844c13795c8b04e913d584518f4dee7fc6585a2490debaf","950e10b622bd49b92844c13795c8b04e913d584518f4dee7fc6585a2490debaf","UNCHANGED"
"scripts/generate-support-matrix.mjs","0d55d2a547f52c8634ebad3a821ebc57a2b20efd126a18ae57adec90e9469cab","0d55d2a547f52c8634ebad3a821ebc57a2b20efd126a18ae57adec90e9469cab","UNCHANGED"
"scripts/generate-trainer-catalog-seed.mjs","c4351140ff44e5a7f08651d59ba79d34604c17c6b983e6ffa7d98eaab36da0ba","c4351140ff44e5a7f08651d59ba79d34604c17c6b983e6ffa7d98eaab36da0ba","UNCHANGED"
"scripts/inspect-ct.mjs","59bdfca9e73f5aeb1d195d6be3e4f155385de1e1619d913f5b4626a6dca065b9","59bdfca9e73f5aeb1d195d6be3e4f155385de1e1619d913f5b4626a6dca065b9","UNCHANGED"
"scripts/inspect-registry.mjs","893b88876c36b977376824ae74452798a02a8e0809611cea6d50b97a81fb3075","893b88876c36b977376824ae74452798a02a8e0809611cea6d50b97a81fb3075","UNCHANGED"
"scripts/live-memory-verify.mts","25164ebb37d91277114e144fe5e150f25925fa5817f50b37dff9174246135c31","25164ebb37d91277114e144fe5e150f25925fa5817f50b37dff9174246135c31","UNCHANGED"
"scripts/measure-connection-baseline.mjs","79b95a852f9881301dc1c116cc8179ef86590f982c7d1119e6ff0b3bb58e4bff","79b95a852f9881301dc1c116cc8179ef86590f982c7d1119e6ff0b3bb58e4bff","UNCHANGED"
"scripts/orphan-check.mjs","b2044906e117c8fcfa1204819c322fd6da412d87548b965fee4c4b6cce3ce36b","b2044906e117c8fcfa1204819c322fd6da412d87548b965fee4c4b6cce3ce36b","UNCHANGED"
"scripts/prepare-branding-assets.mjs","0303cc52bfc50d62ab4fd4c5c479c72fcd34ad186652754795d5451d4f46f855","0303cc52bfc50d62ab4fd4c5c479c72fcd34ad186652754795d5451d4f46f855","UNCHANGED"
"scripts/release-artifact-utils.mjs","7ed98eeffcb525c3cd17c143cfd5a21ccab4c853160d64517326a1153e4d9be7","7ed98eeffcb525c3cd17c143cfd5a21ccab4c853160d64517326a1153e4d9be7","UNCHANGED"
"scripts/scan-installed-games.mjs","507f916b58010a91f4e49155395261fa81c29f92038bcf49cd9076d8d6a4b961","507f916b58010a91f4e49155395261fa81c29f92038bcf49cd9076d8d6a4b961","UNCHANGED"
"scripts/search-registry.mjs","b37dafdbc4e0050bfd35ca86c06959f8cf9429ca27b6c09cbd7443da9d8ae897","b37dafdbc4e0050bfd35ca86c06959f8cf9429ca27b6c09cbd7443da9d8ae897","UNCHANGED"
"scripts/setup-antivirus-whitelist.ps1","e05b7a45379f03e87429e5e611260f434bab2b8e3d2f6364b9399395ca687d7f","e05b7a45379f03e87429e5e611260f434bab2b8e3d2f6364b9399395ca687d7f","UNCHANGED"
"scripts/smoke-test-harmless.mts","bb9761b4f0e1e71e1c8bcd3307eea60705bd5c823a2ec0bb80ea582369e6be73","bb9761b4f0e1e71e1c8bcd3307eea60705bd5c823a2ec0bb80ea582369e6be73","UNCHANGED"
"scripts/smoke-windows-readonly-runtime.mjs","fd124e38369fe5de08409d2084af8037f417e1a844d096b0d9f94dba123dfafe","fd124e38369fe5de08409d2084af8037f417e1a844d096b0d9f94dba123dfafe","UNCHANGED"
"scripts/steam-executable-lookup.mjs","ab66f3893f7773a9b3ccfd74904ff9848e6c335cf0ee137505cc232898796bed","ab66f3893f7773a9b3ccfd74904ff9848e6c335cf0ee137505cc232898796bed","UNCHANGED"
"scripts/strip-icon-backgrounds.mjs","a57f4b6c72c20afa72ff036c5b4850f754775b6d6c0768f51acdbbe3d7081e91","a57f4b6c72c20afa72ff036c5b4850f754775b6d6c0768f51acdbbe3d7081e91","UNCHANGED"
"scripts/trainer-health-report.mjs","972411d86de1686458e1f68d37b27d402dde17b0526ee1d77fb26ef8aeaf1d63","972411d86de1686458e1f68d37b27d402dde17b0526ee1d77fb26ef8aeaf1d63","UNCHANGED"
"scripts/validate-packaged-host.mjs","31ddcedb1ad383a17f5e53fdd8af98dca69135b50de11267b5bd194484d0d1e8","31ddcedb1ad383a17f5e53fdd8af98dca69135b50de11267b5bd194484d0d1e8","UNCHANGED"
"scripts/validate-runtime-signatures.mjs","cc096b007b21a07e2798065894e5f130c0eeeece53a9538a488de5123dee9675","cc096b007b21a07e2798065894e5f130c0eeeece53a9538a488de5123dee9675","UNCHANGED"
"scripts/verify-catalog-steam-art.mjs","4ff99979f73c6ce8807fad0f23fbf5ca77760cd326ba3d21ce761c561f86ee0a","4ff99979f73c6ce8807fad0f23fbf5ca77760cd326ba3d21ce761c561f86ee0a","UNCHANGED"
"scripts/verify-electron-output.mjs","d5760d95122a093542f07ea1565cb4a768948a530fd1ef72a6d6ff6e33d5a4d2","d5760d95122a093542f07ea1565cb4a768948a530fd1ef72a6d6ff6e33d5a4d2","UNCHANGED"
"scripts/verify-fresh-clone-verification.mjs","fd2d9560c6072fa3b05df1fa2dde7abb2f1a4c662d4392d8d3656359f1eca9e3","fd2d9560c6072fa3b05df1fa2dde7abb2f1a4c662d4392d8d3656359f1eca9e3","UNCHANGED"
"scripts/verify-game-definition.mjs","9d8683a1ff876c0ea7ff42cad27590b29bcce523c78793912194570e091f4816","9d8683a1ff876c0ea7ff42cad27590b29bcce523c78793912194570e091f4816","UNCHANGED"
"scripts/verify-gold-address.mts","f29760dc1c893140469f5dbe334fda257b458e0fc0156f3efb8a8f6fdf8449ba","f29760dc1c893140469f5dbe334fda257b458e0fc0156f3efb8a8f6fdf8449ba","UNCHANGED"
"scripts/verify-milestone-h.ps1","452a0e73db8c1f7d4361fd0810a958af609f7a636fa6e041c9ea6507bc354726","452a0e73db8c1f7d4361fd0810a958af609f7a636fa6e041c9ea6507bc354726","UNCHANGED"
"scripts/verify-pointer-path.mjs","4bdc4a6180375284ae21e028a778da6a8a5bc4e21dff109b3a7692bd9e023b1b","4bdc4a6180375284ae21e028a778da6a8a5bc4e21dff109b3a7692bd9e023b1b","UNCHANGED"
"scripts/verify-release-artifacts.mjs","b52199dfd7115d0f97ba7e99d408d434278a30201c211dd5adfbf769d0d9461a","b52199dfd7115d0f97ba7e99d408d434278a30201c211dd5adfbf769d0d9461a","UNCHANGED"
"scripts/verify-schema-v1-boundaries.mjs","d88e1bc0db59406bbb6888f19fc1af5a82debbcdfcd186ba21e0a2ca2b4b7946","d88e1bc0db59406bbb6888f19fc1af5a82debbcdfcd186ba21e0a2ca2b4b7946","UNCHANGED"
"SOLITH OPENEING SEQUENCE.mp4","81e1eed4334f856c91a9bfa1388684e09ab5e02fc6742c53071393ada5eab276","81e1eed4334f856c91a9bfa1388684e09ab5e02fc6742c53071393ada5eab276","UNCHANGED"
"SOLITH_SECURITY_ROADMAP.md","6ccc505769ae0cc39aa487c947ea88572cbf1e6f6d3fb065302fc728051e2c38","e39077cc872817d8c3d7623f04b557476d546bb23e8588dfc3411d0feb3ac09d","GATE2_5_AUTHORIZED"
"solith-hub-backend/.dev.vars.example","9f9b1c5d5f624e21a80490513b443a80aafb17d76ab267fcdb4d3f03004551c6","9f9b1c5d5f624e21a80490513b443a80aafb17d76ab267fcdb4d3f03004551c6","UNCHANGED"
"solith-hub-backend/.gitignore","2178c402bccbeab26d9236de9b8efa47e64c4ad677a1c130e5e38db5aa3268f0","2178c402bccbeab26d9236de9b8efa47e64c4ad677a1c130e5e38db5aa3268f0","UNCHANGED"
"solith-hub-backend/migrations/0001_init_schema.sql","c866f1ce9bd172e09b3e3e20b8b3ef028b0116c8087e880717144d45289f4736","c866f1ce9bd172e09b3e3e20b8b3ef028b0116c8087e880717144d45289f4736","UNCHANGED"
"solith-hub-backend/package-lock.json","9f87c84e27a531c0b1b74766ca27c5f1fe7d93510313ccafb38058e345d908c1","9f87c84e27a531c0b1b74766ca27c5f1fe7d93510313ccafb38058e345d908c1","UNCHANGED"
"solith-hub-backend/package.json","645dad76da1a6117772f034173607a61e2c96d50b51493c64da9ef81b005d60f","645dad76da1a6117772f034173607a61e2c96d50b51493c64da9ef81b005d60f","UNCHANGED"
"solith-hub-backend/README.md","c47419569891c9234eaef677707a7dbf32524a7a7a4e48b216bfa18bd146c051","c47419569891c9234eaef677707a7dbf32524a7a7a4e48b216bfa18bd146c051","UNCHANGED"
"solith-hub-backend/src/index.ts","2ff5d674e535df53e23b5669c3282adcaf1dfa08d323845cdd6138e1a1a4e4f8","2ff5d674e535df53e23b5669c3282adcaf1dfa08d323845cdd6138e1a1a4e4f8","UNCHANGED"
"solith-hub-backend/test/api.test.ts","fc6450907cb1b3067b5c2ad986306432503af4bd05642889bee4e6a0e1744e3d","fc6450907cb1b3067b5c2ad986306432503af4bd05642889bee4e6a0e1744e3d","UNCHANGED"
"solith-hub-backend/tsconfig.json","a90aec602ee90fa2e61c9e009f1ced50183e061dd3d53826b6cac4fb8fd07809","a90aec602ee90fa2e61c9e009f1ced50183e061dd3d53826b6cac4fb8fd07809","UNCHANGED"
"solith-hub-backend/wrangler.jsonc","f81afc305b0cbb28a4fb83c78a69f267ba639b0410c83f2a28dbe9d557a8c4fc","f81afc305b0cbb28a4fb83c78a69f267ba639b0410c83f2a28dbe9d557a8c4fc","UNCHANGED"
"src/app/App.tsx","affeb5d6cc4a16f8cf9889be740212f6b3e6b8a186adf20ffb5345c1488b816d","affeb5d6cc4a16f8cf9889be740212f6b3e6b8a186adf20ffb5345c1488b816d","UNCHANGED"
"src/app/assets/branding/index.ts","059bd518e805a32af1a9af9a7971348b259ab4c1d7912afc0bce9797d419e09e","059bd518e805a32af1a9af9a7971348b259ab4c1d7912afc0bce9797d419e09e","UNCHANGED"
"src/app/assets/branding/module-artwork.ts","b92b7aac78d81d8ecdd07fe4508a1282956b4d28bf29f1eaa418b8fa346249fb","b92b7aac78d81d8ecdd07fe4508a1282956b4d28bf29f1eaa418b8fa346249fb","UNCHANGED"
"src/app/assets/branding/solith-advanced-dragon.png","f6ba4ed8ca821beccd653aff6ac75a7825990efd857dbfbdf7d9f04233ec8252","f6ba4ed8ca821beccd653aff6ac75a7825990efd857dbfbdf7d9f04233ec8252","UNCHANGED"
"src/app/assets/branding/solith-banner-backdrop.png","8e93be62cf1a6ccad94f2a46fbb3f8657d74ca6bb287d5b3300cc4be98c40e79","8e93be62cf1a6ccad94f2a46fbb3f8657d74ca6bb287d5b3300cc4be98c40e79","UNCHANGED"
"src/app/assets/branding/solith-emblem.png","5e312904287c70bd06a358b4c49995a1cbb10f14c7b2ea18747ec35639f65df6","5e312904287c70bd06a358b4c49995a1cbb10f14c7b2ea18747ec35639f65df6","UNCHANGED"
"src/app/assets/branding/solith-game-library-controller-monitors.png","20731181ef75db8744f1d7511037973d8a57db31ca029acaa6ec44489c6e2794","20731181ef75db8744f1d7511037973d8a57db31ca029acaa6ec44489c6e2794","UNCHANGED"
"src/app/assets/branding/solith-hooded-profile.png","b1bb04da62dc14484c126b3bf14ac2fe3cf6d50430a618ecfc23143ebc0b883b","b1bb04da62dc14484c126b3bf14ac2fe3cf6d50430a618ecfc23143ebc0b883b","UNCHANGED"
"src/app/assets/branding/solith-landscape-background.png","a6e0c47a771c5b3415ca5f81f14e52d3f9aec0f4a4afe7eef8ee961747d23ed5","a6e0c47a771c5b3415ca5f81f14e52d3f9aec0f4a4afe7eef8ee961747d23ed5","UNCHANGED"
"src/app/assets/branding/solith-library-temple-book.png","81ba4fcc32167c9881f5be307d380e64caf4560f736d94509bbcb0e4721481a8","81ba4fcc32167c9881f5be307d380e64caf4560f736d94509bbcb0e4721481a8","UNCHANGED"
"src/app/assets/branding/solith-recovery-phoenix.png","00e7328f66c8c1a9d7721cf3e91b66daa1d7a7af3b401866279a605df2fa3a98","00e7328f66c8c1a9d7721cf3e91b66daa1d7a7af3b401866279a605df2fa3a98","UNCHANGED"
"src/app/assets/branding/solith-save-tools.png","fedd5759122f54f46da0a710f02db7e49c35de3c6ab1d9c06bc5c39e36dc78b0","fedd5759122f54f46da0a710f02db7e49c35de3c6ab1d9c06bc5c39e36dc78b0","UNCHANGED"
"src/app/assets/branding/solith-shell-background.png","3728528aa7b44a751839d0c329bc24b7b7e49447ef05961f8d0317bdecb08c79","3728528aa7b44a751839d0c329bc24b7b7e49447ef05961f8d0317bdecb08c79","UNCHANGED"
"src/app/assets/branding/solith-top-banner.png","8e93be62cf1a6ccad94f2a46fbb3f8657d74ca6bb287d5b3300cc4be98c40e79","8e93be62cf1a6ccad94f2a46fbb3f8657d74ca6bb287d5b3300cc4be98c40e79","UNCHANGED"
"src/app/assets/branding/solith-trainer-controller.png","d3eb172268843302733b33c0423e2cb12272d6449a0fd33faa3793f1cefe252c","d3eb172268843302733b33c0423e2cb12272d6449a0fd33faa3793f1cefe252c","UNCHANGED"
"src/app/assets/branding/solith-trainer-library-stopwatch-clipboard.png","4174f12e188f1bf69f691ed98d5fc659069caeec9335d6a1abaa64f0aaae6a34","4174f12e188f1bf69f691ed98d5fc659069caeec9335d6a1abaa64f0aaae6a34","UNCHANGED"
"src/app/assets/fonts/ibm-plex-sans/IBMPlexSans-Medium.woff2","5660f8a658f8bb50dbc005232f885eadffd2bc1c235c4f6fbb63469d1f9cde6d","5660f8a658f8bb50dbc005232f885eadffd2bc1c235c4f6fbb63469d1f9cde6d","UNCHANGED"
"src/app/assets/fonts/ibm-plex-sans/IBMPlexSans-Regular.woff2","ba711a3085ff9f27440b6b9c4550cfc47c97bf36591d5da958b975bb3add8c1a","ba711a3085ff9f27440b6b9c4550cfc47c97bf36591d5da958b975bb3add8c1a","UNCHANGED"
"src/app/assets/fonts/ibm-plex-sans/IBMPlexSans-SemiBold.woff2","f78048030eab62e860efa39a0df79e2e5581bf122eb95b9bc42c0b8a4988d205","f78048030eab62e860efa39a0df79e2e5581bf122eb95b9bc42c0b8a4988d205","UNCHANGED"
"src/app/assets/fonts/ibm-plex-sans/LICENSE.txt","7e6b2818edbd8f6a01ae80641cc8f16a51080d08fb4e532be3a0b6f74adb07da","7e6b2818edbd8f6a01ae80641cc8f16a51080d08fb4e532be3a0b6f74adb07da","UNCHANGED"
"src/app/assets/fonts/jetbrains-mono/JetBrainsMono-Medium.woff2","086c48dfbea9ddaff1320f7e09399b8e2924e88ce67453721255db3bdbb5a353","086c48dfbea9ddaff1320f7e09399b8e2924e88ce67453721255db3bdbb5a353","UNCHANGED"
"src/app/assets/fonts/jetbrains-mono/JetBrainsMono-Regular.woff2","a9cb1cd82332b23a47e3a1239d25d13c86d16c4220695e34b243effa999f45f2","a9cb1cd82332b23a47e3a1239d25d13c86d16c4220695e34b243effa999f45f2","UNCHANGED"
"src/app/assets/fonts/jetbrains-mono/OFL.txt","30f0c136e3c88e422d0791acd97238870f9054a9729bc34cf2ff0d4ed8cac4ad","30f0c136e3c88e422d0791acd97238870f9054a9729bc34cf2ff0d4ed8cac4ad","UNCHANGED"
"src/app/assets/wisp/index.ts","700c1e6714add235c30f03ce30f199717ced71fae2b509463e76438796489f5c","700c1e6714add235c30f03ce30f199717ced71fae2b509463e76438796489f5c","UNCHANGED"
"src/app/assets/wisp/solith-wisp-base-float.png","615a44ec4062ee74f1647c5e3af5d66f1892b5fdc4618f5913ae7885e404caf8","615a44ec4062ee74f1647c5e3af5d66f1892b5fdc4618f5913ae7885e404caf8","UNCHANGED"
"src/app/assets/wisp/solith-wisp-base.png","f0e016c0f97606f4a5523a6f881416b0d3b6c0f1ecc2f084a73c39e3c7f80e8f","f0e016c0f97606f4a5523a6f881416b0d3b6c0f1ecc2f084a73c39e3c7f80e8f","UNCHANGED"
"src/app/assets/wisp/solith-wisp-controller-float.png","18b87f2038759932dac8b08f4446520aab0455de4628605688d37a58c691dbba","18b87f2038759932dac8b08f4446520aab0455de4628605688d37a58c691dbba","UNCHANGED"
"src/app/assets/wisp/solith-wisp-controller.png","17518ced41b5dc2d7cfd5089ff3c28cad9fdaa121ff495ccf104ca50b93cd385","17518ced41b5dc2d7cfd5089ff3c28cad9fdaa121ff495ccf104ca50b93cd385","UNCHANGED"
"src/app/assets/wisp/solith-wisp-crystal-float.png","2cb77ccfcd0540b36d79dd687df615852aa981d444915ce3be1e760fa02d6ac4","2cb77ccfcd0540b36d79dd687df615852aa981d444915ce3be1e760fa02d6ac4","UNCHANGED"
"src/app/assets/wisp/solith-wisp-crystal.png","9aa56ae8a31a3033510740da55edf3e03b620724ac3f1aece15c3f6d827144fc","9aa56ae8a31a3033510740da55edf3e03b620724ac3f1aece15c3f6d827144fc","UNCHANGED"
"src/app/assets/wisp/solith-wisp-dragon-float.png","1bae643e1904c912f33ed3d5dc63cc93f768b2de88c3344df90c4985b8e76c3a","1bae643e1904c912f33ed3d5dc63cc93f768b2de88c3344df90c4985b8e76c3a","UNCHANGED"
"src/app/assets/wisp/solith-wisp-dragon.png","6bdd70a17ef1b2b97a838fc234373bebc6cc58b486fa67e93b9d0a8905cef472","6bdd70a17ef1b2b97a838fc234373bebc6cc58b486fa67e93b9d0a8905cef472","UNCHANGED"
"src/app/assets/wisp/solith-wisp-error-float.png","84ad0bff368823f091a6b98e1793b9c227cd1e85786e029a17634680d5364a4e","84ad0bff368823f091a6b98e1793b9c227cd1e85786e029a17634680d5364a4e","UNCHANGED"
"src/app/assets/wisp/solith-wisp-error.png","2a97d4c106fd31ead90608c24ede1053c79fe7baf4ae1d3d747d65fabba1dc43","2a97d4c106fd31ead90608c24ede1053c79fe7baf4ae1d3d747d65fabba1dc43","UNCHANGED"
"src/app/assets/wisp/solith-wisp-phoenix-float.png","709ded253f61fbe60b849a7c5c6573799341558dd0c955b9fffe2bdbb8a41757","709ded253f61fbe60b849a7c5c6573799341558dd0c955b9fffe2bdbb8a41757","UNCHANGED"
"src/app/assets/wisp/solith-wisp-phoenix.png","db6f5ecc206593b27e5f1d206bfba9b71aff62f1495ed054641d2a84c83d4b49","db6f5ecc206593b27e5f1d206bfba9b71aff62f1495ed054641d2a84c83d4b49","UNCHANGED"
"src/app/assets/wisp/solith-wisp-scan-float.png","f7bbf7b4d4a2e67adef96723b9bf9dc95707470c4f43abca20f704e1344faacb","f7bbf7b4d4a2e67adef96723b9bf9dc95707470c4f43abca20f704e1344faacb","UNCHANGED"
"src/app/assets/wisp/solith-wisp-scan.png","62b8572fa84aee24786982fed044281c6a193f46842f08ccf67c9edf664983bd","62b8572fa84aee24786982fed044281c6a193f46842f08ccf67c9edf664983bd","UNCHANGED"
"src/app/assets/wisp/solith-wisp-shield-float.png","734472842b7ce7ea099e02b615198077d6adadb0fbb999079d06fa6dd743a703","734472842b7ce7ea099e02b615198077d6adadb0fbb999079d06fa6dd743a703","UNCHANGED"
"src/app/assets/wisp/solith-wisp-shield.png","847717b220aa3d348c2db63971bf76265f377481037e18ce3b950a9e4e2cca1a","847717b220aa3d348c2db63971bf76265f377481037e18ce3b950a9e4e2cca1a","UNCHANGED"
"src/app/assets/wisp/solith-wisp-success-float.png","d0ecfbbc53d5fd19794ee1c7539a3d6fc8aa4e636812ac64f50cc7bd9a5b7e48","d0ecfbbc53d5fd19794ee1c7539a3d6fc8aa4e636812ac64f50cc7bd9a5b7e48","UNCHANGED"
"src/app/assets/wisp/solith-wisp-success.png","7bf8c6e761abd3fb2823b851016b10d8b86d5be5c0d4a94abe95859e2009428b","7bf8c6e761abd3fb2823b851016b10d8b86d5be5c0d4a94abe95859e2009428b","UNCHANGED"
"src/app/assets/wisp/solith-wisp-warning-float.png","a1aa5850ddfa58516ff37eb220bd52a0f661420f8e3b6bf84f58561c5c13ccf7","a1aa5850ddfa58516ff37eb220bd52a0f661420f8e3b6bf84f58561c5c13ccf7","UNCHANGED"
"src/app/assets/wisp/solith-wisp-warning.png","20fc0b98acfee7fa2e4a1d9b61102591f6fec96a2fa8c6d8d0281098b9532c1f","20fc0b98acfee7fa2e4a1d9b61102591f6fec96a2fa8c6d8d0281098b9532c1f","UNCHANGED"
"src/app/components/ActivityLog.module.css","1642824439d6922d9414e1d3b057a6074a39f550efb49196ed245ee609dc7765","1642824439d6922d9414e1d3b057a6074a39f550efb49196ed245ee609dc7765","UNCHANGED"
"src/app/components/ActivityLog.tsx","3f2a23845bf5b747fc7a93edb70e6b7c9ffafd5f5941e8f69fcf068c29ca3699","3f2a23845bf5b747fc7a93edb70e6b7c9ffafd5f5941e8f69fcf068c29ca3699","UNCHANGED"
"src/app/components/AddressDataResearchPanel.tsx","3b31d73d9bede3c39cc72faf0e3c8fff37c31159d1331bfc64e57c4967946b98","3b31d73d9bede3c39cc72faf0e3c8fff37c31159d1331bfc64e57c4967946b98","UNCHANGED"
"src/app/components/ApplyDialog.tsx","9dd00dbc0fa4cf7e6f7774ecd8bd6ac2f8631bdbc1aba7901f89328fdca7465b","9dd00dbc0fa4cf7e6f7774ecd8bd6ac2f8631bdbc1aba7901f89328fdca7465b","UNCHANGED"
"src/app/components/AvowedCheatDeck.module.css","dbc3531b81f6da131e9e984db3ff29ff41a3d1a9de1eb6e42a293d7edf568fdc","dbc3531b81f6da131e9e984db3ff29ff41a3d1a9de1eb6e42a293d7edf568fdc","UNCHANGED"
"src/app/components/AvowedCheatDeck.tsx","5ca41be827bb1f6d17d89a90b2d30287162f6d9ce5fa2ca139f61e88bef58af3","5ca41be827bb1f6d17d89a90b2d30287162f6d9ce5fa2ca139f61e88bef58af3","UNCHANGED"
"src/app/components/BrandingArtwork.tsx","1aaab9b03b6ee77fd55d202d717781a56d4495c8009f85c9ecb7938d0c34da35","1aaab9b03b6ee77fd55d202d717781a56d4495c8009f85c9ecb7938d0c34da35","UNCHANGED"
"src/app/components/CommunityExecutionDialog.tsx","92306de5c1ced8fe1d3891dcaad9c8d2ba32d129459026ea43f430d8bad49319","92306de5c1ced8fe1d3891dcaad9c8d2ba32d129459026ea43f430d8bad49319","UNCHANGED"
"src/app/components/ContextPanel.tsx","57f256cc3f0146cd713eb11ea081e25078e55513df3292ab4af150112074dd23","57f256cc3f0146cd713eb11ea081e25078e55513df3292ab4af150112074dd23","UNCHANGED"
"src/app/components/DefinitionRatingPrompt.module.css","8c6cc52076d478f6231c806277f9264ae5b54c3b2de836760fb803b3e0c19b42","8c6cc52076d478f6231c806277f9264ae5b54c3b2de836760fb803b3e0c19b42","UNCHANGED"
"src/app/components/DefinitionRatingPrompt.tsx","d0b50c4068ef1fe3e95e5460155e84f4788d5f4d5d3ef3e042c60c26b6709561","d0b50c4068ef1fe3e95e5460155e84f4788d5f4d5d3ef3e042c60c26b6709561","UNCHANGED"
"src/app/components/FingerprintDriftDialog.module.css","75a1652701099f59780a2ffb774d1fdfe065270577e546eeeaad660c6fabf49a","75a1652701099f59780a2ffb774d1fdfe065270577e546eeeaad660c6fabf49a","UNCHANGED"
"src/app/components/FingerprintDriftDialog.tsx","82a35a64ba33cd950b4188aea4eb011939fa636ef524557c046196fbb046a194","82a35a64ba33cd950b4188aea4eb011939fa636ef524557c046196fbb046a194","UNCHANGED"
"src/app/components/GameCheatSelector.module.css","6feffbf4f869499ca089dcc38b082953df5e79fcc6908b3934c63063feba2e12","6feffbf4f869499ca089dcc38b082953df5e79fcc6908b3934c63063feba2e12","UNCHANGED"
"src/app/components/GameCheatSelector.tsx","a9525eb9c148e54f9e6e6fa1761fd08a1f11ce4a4f7ee8e976050806adb2c619","a9525eb9c148e54f9e6e6fa1761fd08a1f11ce4a4f7ee8e976050806adb2c619","UNCHANGED"
"src/app/components/GameProfileHero.module.css","58244594a3bb2642866e20ee1262576a7ce975bb8cde9f1a00da17c867260c5a","58244594a3bb2642866e20ee1262576a7ce975bb8cde9f1a00da17c867260c5a","UNCHANGED"
"src/app/components/GameProfileHero.tsx","63e375b7bdbf3f210da0e1a25dc52236d5323546003ad4c7e4c0f23e4948554b","63e375b7bdbf3f210da0e1a25dc52236d5323546003ad4c7e4c0f23e4948554b","UNCHANGED"
"src/app/components/GameScopePicker.tsx","fb2df373b1ab49be203e361abfff2459e9c2dd56e5344389696550e0ee828218","fb2df373b1ab49be203e361abfff2459e9c2dd56e5344389696550e0ee828218","UNCHANGED"
"src/app/components/GameSpecificCheatMenu.module.css","2c2e6441885b6c0ee7989ffcd0775a70435776dcdc002e3915cd81e56f16bf7e","2c2e6441885b6c0ee7989ffcd0775a70435776dcdc002e3915cd81e56f16bf7e","UNCHANGED"
"src/app/components/GameSpecificCheatMenu.tsx","96a61612c9279927dc8364a4666b005afaeb99d439cdb49319dea83912d65748","96a61612c9279927dc8364a4666b005afaeb99d439cdb49319dea83912d65748","UNCHANGED"
"src/app/components/HotkeyRebindPanel.module.css","540506169c66908fcfe335d10d8122039636a16206ee6b7aaf86fa847b8e569d","540506169c66908fcfe335d10d8122039636a16206ee6b7aaf86fa847b8e569d","UNCHANGED"
"src/app/components/HotkeyRebindPanel.tsx","cd442521fa52ba8e6b9c8fc2a04acd0f6d99ac58e70d575efe884a19f4d313f5","cd442521fa52ba8e6b9c8fc2a04acd0f6d99ac58e70d575efe884a19f4d313f5","UNCHANGED"
"src/app/components/icons/activity.svg","ea0cdc94275500d450360b8a20be41319d3732b69feda7853bb2b8fd35a26e24","ea0cdc94275500d450360b8a20be41319d3732b69feda7853bb2b8fd35a26e24","UNCHANGED"
"src/app/components/icons/apply.svg","9c2121aef5a60a02a3bf4a6cd3c8a42d2dbc453acdad84288108c2228de9e743","9c2121aef5a60a02a3bf4a6cd3c8a42d2dbc453acdad84288108c2228de9e743","UNCHANGED"
"src/app/components/icons/backups.svg","6be1f5d18e67db8a4a91937f9be089c06b282b75fea61187164b8f18819750d4","6be1f5d18e67db8a4a91937f9be089c06b282b75fea61187164b8f18819750d4","UNCHANGED"
"src/app/components/icons/blocked.svg","31eb6d1d3187472de55c2153b54a1539c1d89b44ddc7c4032e42fb7b7a13a031","31eb6d1d3187472de55c2153b54a1539c1d89b44ddc7c4032e42fb7b7a13a031","UNCHANGED"
"src/app/components/icons/cancel.svg","b6d30dff58c1201f5598ba334a9d8a6349339cb7b66855892701f650b9a168b2","b6d30dff58c1201f5598ba334a9d8a6349339cb7b66855892701f650b9a168b2","UNCHANGED"
"src/app/components/icons/caution.svg","fa52e1980826c8fa3cf9881cf93d8d6709985a339956b213d41386cbe58e823b","fa52e1980826c8fa3cf9881cf93d8d6709985a339956b213d41386cbe58e823b","UNCHANGED"
"src/app/components/icons/database.svg","4fe672bfa5021f1b38a1d556c91fef630f384380b73915b8ac1ff698a1fef173","4fe672bfa5021f1b38a1d556c91fef630f384380b73915b8ac1ff698a1fef173","UNCHANGED"
"src/app/components/icons/discovery.svg","9c757230424585cbf82b76b40adcf5df3a94108cb692166c0c604ec2f48887a6","9c757230424585cbf82b76b40adcf5df3a94108cb692166c0c604ec2f48887a6","UNCHANGED"
"src/app/components/icons/game.svg","891a7c8cfaec90e300c1bf74efb618de1a37601f05ad033ee081460476052e2c","891a7c8cfaec90e300c1bf74efb618de1a37601f05ad033ee081460476052e2c","UNCHANGED"
"src/app/components/icons/Icon.tsx","de7b70b317f8884b20815c4e9d11eccfcda8260c03700202202f937f5acb639a","de7b70b317f8884b20815c4e9d11eccfcda8260c03700202202f937f5acb639a","UNCHANGED"
"src/app/components/icons/index.ts","bc7b84c587f60de7f04636cbc5b890de337353d3b52337ae0806985e8232f8fa","bc7b84c587f60de7f04636cbc5b890de337353d3b52337ae0806985e8232f8fa","UNCHANGED"
"src/app/components/icons/log.svg","b5c96da57ad1aa21615a4dd53e895a145b3db846c0ebac365cbd0371b076e96a","b5c96da57ad1aa21615a4dd53e895a145b3db846c0ebac365cbd0371b076e96a","UNCHANGED"
"src/app/components/icons/refresh.svg","4c836d26a37be1bdf64ee4d7834599e0b6d2643d230f7cd34eccab2e4dcb39a5","4c836d26a37be1bdf64ee4d7834599e0b6d2643d230f7cd34eccab2e4dcb39a5","UNCHANGED"
"src/app/components/icons/safe.svg","aeca32a773bcfea81e4783cc4eab5e8a570a838f25b86793b18e58b4f028975b","aeca32a773bcfea81e4783cc4eab5e8a570a838f25b86793b18e58b4f028975b","UNCHANGED"
"src/app/components/icons/save.svg","a8bc57a7edf0749a33ccd6093be4129045c42b81a0cdd97be3a9a75c262395c9","a8bc57a7edf0749a33ccd6093be4129045c42b81a0cdd97be3a9a75c262395c9","UNCHANGED"
"src/app/components/icons/search.svg","b132350e50174d18eaaad9a04fe6b246e12cb582bbc5e22f111f659c757bbda9","b132350e50174d18eaaad9a04fe6b246e12cb582bbc5e22f111f659c757bbda9","UNCHANGED"
"src/app/components/icons/settings.svg","6a8dc3ab186a37d72e6a565760609b6c5ff2847ddfa5740b937b6c7413391d4a","6a8dc3ab186a37d72e6a565760609b6c5ff2847ddfa5740b937b6c7413391d4a","UNCHANGED"
"src/app/components/icons/trainer.svg","d34f8833672d755a4161103e6243a43d9c80f152359978ea1cb94058f0b02a5c","d34f8833672d755a4161103e6243a43d9c80f152359978ea1cb94058f0b02a5c","UNCHANGED"
"src/app/components/L4GovernancePanel.tsx","8ac1753850b53c66c688d7274801080880610c1d8c6201a3b998fd4f936f4acc","8ac1753850b53c66c688d7274801080880610c1d8c6201a3b998fd4f936f4acc","UNCHANGED"
"src/app/components/LibraryLaunchDialog.module.css","04742ed50621f884eda01897b5e4ceae4dba21a4c701bd5a539be6ff5760b435","04742ed50621f884eda01897b5e4ceae4dba21a4c701bd5a539be6ff5760b435","UNCHANGED"
"src/app/components/LibraryLaunchDialog.tsx","e406334ff3601a529fb98fda7f61382f8d340c74cf6466ac72fd1624f75c2f48","e406334ff3601a529fb98fda7f61382f8d340c74cf6466ac72fd1624f75c2f48","UNCHANGED"
"src/app/components/LiveCorrelationWatcherPanel.tsx","c0336303243b491077de49cec88451f8f1239a066aeaa7160205fad5b09f947e","c0336303243b491077de49cec88451f8f1239a066aeaa7160205fad5b09f947e","UNCHANGED"
"src/app/components/LiveToggleCardsPanel.tsx","4c7bb6230803d8b4c42baaa895e13daee0584db3e6a07c832be2be6e1aa47a6b","4c7bb6230803d8b4c42baaa895e13daee0584db3e6a07c832be2be6e1aa47a6b","UNCHANGED"
"src/app/components/LiveWatchPanel.module.css","d195df3baf8f3c9f80ef7aef35a72db24e63361dfbb6f332dbe24649e7ba8b00","d195df3baf8f3c9f80ef7aef35a72db24e63361dfbb6f332dbe24649e7ba8b00","UNCHANGED"
"src/app/components/LiveWatchPanel.tsx","187f382cc75d9dbd24327b0554c39cc2365e811d9e17ef4bbceaa32fc2d8deb6","187f382cc75d9dbd24327b0554c39cc2365e811d9e17ef4bbceaa32fc2d8deb6","UNCHANGED"
"src/app/components/ModuleCard.module.css","ecc4de43ef8b0d428343ccd886ff667160f337126a103316d1ca8ea758624628","ecc4de43ef8b0d428343ccd886ff667160f337126a103316d1ca8ea758624628","UNCHANGED"
"src/app/components/ModuleCard.tsx","87c2947057562da1e964031f5e6e62b4ccb59d1e7a2d2f979fc3bed4b085df26","87c2947057562da1e964031f5e6e62b4ccb59d1e7a2d2f979fc3bed4b085df26","UNCHANGED"
"src/app/components/OnboardingWizard.module.css","e6e4edf9b8d447b0c5e5693d04db4da9ab6b1ebc51f38a3d263564215000641f","e6e4edf9b8d447b0c5e5693d04db4da9ab6b1ebc51f38a3d263564215000641f","UNCHANGED"
"src/app/components/OnboardingWizard.tsx","c4a22c89328284c1052db091a79d5529fe3ae0943878217a42ffcfb1898d9f62","c4a22c89328284c1052db091a79d5529fe3ae0943878217a42ffcfb1898d9f62","UNCHANGED"
"src/app/components/OpeningCinematic.module.css","cf78fd3e30ef479e6abe795fe5334237dc26405b84e3013c595a86521a13fac8","cf78fd3e30ef479e6abe795fe5334237dc26405b84e3013c595a86521a13fac8","UNCHANGED"
"src/app/components/OpeningCinematic.tsx","217514e4defd3791e07d2decc2b95f4dae2ee20563da423414b4842e6e65b039","217514e4defd3791e07d2decc2b95f4dae2ee20563da423414b4842e6e65b039","UNCHANGED"
"src/app/components/PageModuleHeader.tsx","5c03e578d0db9c48dcce397d6eb671bc3cbc72036c8441155f7d92ef67d3f70c","5c03e578d0db9c48dcce397d6eb671bc3cbc72036c8441155f7d92ef67d3f70c","UNCHANGED"
"src/app/components/PageWalkthrough.tsx","1caaf2319ee76baa3c62d311c11a05e8d870f85e81ea024952aabb5016f2f8de","1caaf2319ee76baa3c62d311c11a05e8d870f85e81ea024952aabb5016f2f8de","UNCHANGED"
"src/app/components/ProcessDetectToast.module.css","8d8615d4f6df78ad8d8c1bfe044b20abdb42b7cf06dc23d5e2a4042a9202f0b5","8d8615d4f6df78ad8d8c1bfe044b20abdb42b7cf06dc23d5e2a4042a9202f0b5","UNCHANGED"
"src/app/components/ProcessDetectToast.tsx","3ded5cd4818dcc3d35ff4a2985bc8688bb28911959219291fb4c057c8916692e","3ded5cd4818dcc3d35ff4a2985bc8688bb28911959219291fb4c057c8916692e","UNCHANGED"
"src/app/components/PublishDefinitionModal.module.css","a830049be4738b37038e048a6a6d3ecd9b1346dd13ce01da721d3e4d679c6d12","a830049be4738b37038e048a6a6d3ecd9b1346dd13ce01da721d3e4d679c6d12","UNCHANGED"
"src/app/components/PublishDefinitionModal.tsx","34b3a71c036a59cbb153c381a8bad3619f6a747049050fe2825dd93f680d4350","34b3a71c036a59cbb153c381a8bad3619f6a747049050fe2825dd93f680d4350","UNCHANGED"
"src/app/components/RepairChecklist.module.css","b20623a427ca0937174fc2c740206b3f6849dd2480a08027b8235e5961514f0f","b20623a427ca0937174fc2c740206b3f6849dd2480a08027b8235e5961514f0f","UNCHANGED"
"src/app/components/RepairChecklist.tsx","39007b6ba939afbfce78b8f77dec379b63d6187c0fa08db1c5cbf29443efcef7","39007b6ba939afbfce78b8f77dec379b63d6187c0fa08db1c5cbf29443efcef7","UNCHANGED"
"src/app/components/SinglePlayerWaiverModal.tsx","c939ab61bc2f2a7e1c7a30a6dd33ed9eca650db6605edd8848dbd66b57ad076c","c939ab61bc2f2a7e1c7a30a6dd33ed9eca650db6605edd8848dbd66b57ad076c","UNCHANGED"
"src/app/components/SolithTopBanner.tsx","2bef07ec8213aa46c964b97b7d38bde439d89f6b601e0e480965bf152b168d22","2bef07ec8213aa46c964b97b7d38bde439d89f6b601e0e480965bf152b168d22","UNCHANGED"
"src/app/components/SolithWispCompanion.tsx","dfb609e7be6200ed613c7d5ffac1ac5242c75724cb053cb7eaba0814e988794b","dfb609e7be6200ed613c7d5ffac1ac5242c75724cb053cb7eaba0814e988794b","UNCHANGED"
"src/app/components/TrainerCard.tsx","0cb11b57bd4a8fe3a3504a838c1207680126b58cc16c8ea124ae999e76387e94","0cb11b57bd4a8fe3a3504a838c1207680126b58cc16c8ea124ae999e76387e94","UNCHANGED"
"src/app/components/VirtualCatalogGrid.tsx","8176bec7288d821990507ecb5fe3bf755a519aa4a543891ac62ae4a958cd4ce8","8176bec7288d821990507ecb5fe3bf755a519aa4a543891ac62ae4a958cd4ce8","UNCHANGED"
"src/app/help/walkthroughs.ts","470a8548be7ece5e861971efe36b88927434466343b54857e207adfe3567832c","470a8548be7ece5e861971efe36b88927434466343b54857e207adfe3567832c","UNCHANGED"
"src/app/hooks/useGameCheatSession.ts","bef287e5aa7cabff5b7dd15f59892ea9b2a6c520755da5851ec556113c055c55","bef287e5aa7cabff5b7dd15f59892ea9b2a6c520755da5851ec556113c055c55","UNCHANGED"
"src/app/live-memory/process-picker.ts","e5dbcfe3d635038732d5353d69f93c69aed0dd91516f090858e49539dc72c809","e5dbcfe3d635038732d5353d69f93c69aed0dd91516f090858e49539dc72c809","UNCHANGED"
"src/app/live-memory/watch-list-bookmarks.ts","5d7ad26658545d7417c15f23ead39aee49916dd1ff5f032495f388bdcdc3e87c","5d7ad26658545d7417c15f23ead39aee49916dd1ff5f032495f388bdcdc3e87c","UNCHANGED"
"src/app/pages/backups-dashboard.ts","d71a27a2ad2c328f2944faf0a134f39f1bfa37e82412f887fd447ad5a1e7c11a","d71a27a2ad2c328f2944faf0a134f39f1bfa37e82412f887fd447ad5a1e7c11a","UNCHANGED"
"src/app/pages/Backups.tsx","d81033f389a7dc4830735b4aa819ae912b2e6861df91d737f5d13b34d2c3bcfc","d81033f389a7dc4830735b4aa819ae912b2e6861df91d737f5d13b34d2c3bcfc","UNCHANGED"
"src/app/pages/CatalogTrainerControlsPage.tsx","d70a469ce8d0508740070ffb829d40578a89776c91482cf56ae8eb7bc85f6f07","d70a469ce8d0508740070ffb829d40578a89776c91482cf56ae8eb7bc85f6f07","UNCHANGED"
"src/app/pages/CompatibilityDashboard.tsx","9a7601c23e27aa914b7ec3fe15cd263a8c573c170a9dca46ebce3b6e05085b54","9a7601c23e27aa914b7ec3fe15cd263a8c573c170a9dca46ebce3b6e05085b54","UNCHANGED"
"src/app/pages/CtLibraryExplorerPage.module.css","5eaa51c169fa1db23b119580fb56738c7fb7792c79409c7403aa7b02e8603fcc","5eaa51c169fa1db23b119580fb56738c7fb7792c79409c7403aa7b02e8603fcc","UNCHANGED"
"src/app/pages/CtLibraryExplorerPage.tsx","8e093f09c6a97c802d94faa999a05c6052a1536fcf1fb480bd57b9c0579e7b1d","8e093f09c6a97c802d94faa999a05c6052a1536fcf1fb480bd57b9c0579e7b1d","UNCHANGED"
"src/app/pages/DiscoveryLab.tsx","9d74df460dcb384d534da9b90af883f2bd50ccd1a735310d804980e71f0dbe0d","9d74df460dcb384d534da9b90af883f2bd50ccd1a735310d804980e71f0dbe0d","UNCHANGED"
"src/app/pages/ExternalTrainerResearchLab.tsx","15b4d227ed323b9195606611ca3b57dbc5dc7fa3db6073d8eccaac00f91f90e7","15b4d227ed323b9195606611ca3b57dbc5dc7fa3db6073d8eccaac00f91f90e7","UNCHANGED"
"src/app/pages/Journal.tsx","d676356b170e8bdd2b74c57009b88e9a8e736de8858b482540b087120fffe071","d676356b170e8bdd2b74c57009b88e9a8e736de8858b482540b087120fffe071","UNCHANGED"
"src/app/pages/LiveMemoryTrainerPage.tsx","a84ebf770c0f15e5f25f22a40f1c29002a815bc169a8a1b2a8782d0a923090bb","a84ebf770c0f15e5f25f22a40f1c29002a815bc169a8a1b2a8782d0a923090bb","UNCHANGED"
"src/app/pages/MultiGameTrainerPage.module.css","d0d82aa60b2814067c4774c032da782967ff2cb62b49c97f4aeddb78d7aa697a","d0d82aa60b2814067c4774c032da782967ff2cb62b49c97f4aeddb78d7aa697a","UNCHANGED"
"src/app/pages/MultiGameTrainerPage.tsx","dfb5bb9012929eacec8ad83d29dcc71123f9e8a0fca1221b763e20ae519f4be8","dfb5bb9012929eacec8ad83d29dcc71123f9e8a0fca1221b763e20ae519f4be8","UNCHANGED"
"src/app/pages/Recipes.tsx","8848573a7c255e5005c71ba99a4bd3bb7c665a740d5f5fb7b38c67cf9d329ba1","8848573a7c255e5005c71ba99a4bd3bb7c665a740d5f5fb7b38c67cf9d329ba1","UNCHANGED"
"src/app/pages/RegistryExplorerPage.tsx","e7d61c9d0d339d1acd76c857f7f3673670eb7645df446cfa3438d04bce344fbd","e7d61c9d0d339d1acd76c857f7f3673670eb7645df446cfa3438d04bce344fbd","UNCHANGED"
"src/app/pages/SaveEditor.tsx","8e8f28adc769e451f9cc738cc015585f8027d15c8b1359e5241aa379c0c3f3b9","8e8f28adc769e451f9cc738cc015585f8027d15c8b1359e5241aa379c0c3f3b9","UNCHANGED"
"src/app/pages/SaveLocations.tsx","162acd4c7aee4ad561fac863c3f0ec1b1f2d3dff19065e7c418d05335e3bac74","162acd4c7aee4ad561fac863c3f0ec1b1f2d3dff19065e7c418d05335e3bac74","UNCHANGED"
"src/app/pages/SessionMonitorPage.tsx","b2cf6f7323a9ced18176ac90b47f55820599d5c87c5bbffb0fb56b48fb6e56ad","b2cf6f7323a9ced18176ac90b47f55820599d5c87c5bbffb0fb56b48fb6e56ad","UNCHANGED"
"src/app/pages/trainer-control-panel-build.ts","bb4f5ceedb059238720591196ee1d296b8a0c4f618e3447a592184ac2dbbcac8","bb4f5ceedb059238720591196ee1d296b8a0c4f618e3447a592184ac2dbbcac8","UNCHANGED"
"src/app/pages/TrainerControlPanel.tsx","39629b1cf23863d31eb354b4a62b7455828ebbc390563accfe1f6ce18807f294","39629b1cf23863d31eb354b4a62b7455828ebbc390563accfe1f6ce18807f294","UNCHANGED"
"src/app/pages/TrainerDeckPage.module.css","1a8a9fc1b17611476956de31f7c8ef1616a0c10294c52847ec4c0c9caf9863a6","1a8a9fc1b17611476956de31f7c8ef1616a0c10294c52847ec4c0c9caf9863a6","UNCHANGED"
"src/app/pages/TrainerDeckPage.tsx","dea723dfd6c825adce0fbcfc1c5f79beaced58ca7757c082f25a3fe162f9ca04","dea723dfd6c825adce0fbcfc1c5f79beaced58ca7757c082f25a3fe162f9ca04","UNCHANGED"
"src/app/pages/TrainerLibraryPage.module.css","bc32cacc050922b7ba43b69178d15202bd278ee8d22a341409240614b2632257","bc32cacc050922b7ba43b69178d15202bd278ee8d22a341409240614b2632257","UNCHANGED"
"src/app/pages/TrainerLibraryPage.tsx","d5170b88a1f0a4b172bee3b4d3dcb6fcf2a9b797a1e2597a33e7f84821caeaf0","d5170b88a1f0a4b172bee3b4d3dcb6fcf2a9b797a1e2597a33e7f84821caeaf0","UNCHANGED"
"src/app/pages/TrainerOverlayPage.module.css","0fd824936772c3bfc653e10c4673a8c8ad3aabcf2846adf874ebee469036fb9f","0fd824936772c3bfc653e10c4673a8c8ad3aabcf2846adf874ebee469036fb9f","UNCHANGED"
"src/app/pages/TrainerOverlayPage.tsx","3053a19906f231c50c2db2304012edcc4e3cf6441f6ad3cdcc61f66247ec81f1","3053a19906f231c50c2db2304012edcc4e3cf6441f6ad3cdcc61f66247ec81f1","UNCHANGED"
"src/app/pages/TrainerPage.tsx","246862d6e0439f16e1d21979bf997d0749c0b5d7a69047f883238db48b86432e","246862d6e0439f16e1d21979bf997d0749c0b5d7a69047f883238db48b86432e","UNCHANGED"
"src/app/pages/WispOverlayPage.tsx","d021389280c6e9c69151bf7f208db4126877c4726b8f4123dcfc11a8a17a0c79","d021389280c6e9c69151bf7f208db4126877c4726b8f4123dcfc11a8a17a0c79","UNCHANGED"
"src/app/reliability-messages.ts","8bf8ff841f73d0f985bfa214e8affbadf35fba78226a02e5391801454f94d613","8bf8ff841f73d0f985bfa214e8affbadf35fba78226a02e5391801454f94d613","UNCHANGED"
"src/app/routes/GameLibrary.tsx","6572ea63bc75ebfa3628e00721e294251c56993e27f1785a8b330c092f520f3d","6572ea63bc75ebfa3628e00721e294251c56993e27f1785a8b330c092f520f3d","UNCHANGED"
"src/app/save-edit-risk-labels.ts","1f908063d5970cac5b41eadb326a2b3f5a25388c3dc7ecb7064adc4dfcd8d787","1f908063d5970cac5b41eadb326a2b3f5a25388c3dc7ecb7064adc4dfcd8d787","UNCHANGED"
"src/app/stores/trainerSessionCache.ts","107cd13c806cc4c25430b36143d2b2f0bdc7bf0a5976ba74785cdb397c32bb9e","107cd13c806cc4c25430b36143d2b2f0bdc7bf0a5976ba74785cdb397c32bb9e","UNCHANGED"
"src/app/styles/index.css","2c0adf066af2d92c0fae4b869cf0538883f05e610d9afcde627947613161c44a","2c0adf066af2d92c0fae4b869cf0538883f05e610d9afcde627947613161c44a","UNCHANGED"
"src/app/styles/trainer-control-panel.css","aca3a67e965523d1d56822d83768bd37b6c91da46774e3e0df1e960af85013c9","aca3a67e965523d1d56822d83768bd37b6c91da46774e3e0df1e960af85013c9","UNCHANGED"
"src/app/utils/download-text-file.ts","8543ddd63e94de7f02ebfe1fb4e6eef33ef9231c9b4a531340a3496d29e71ed7","8543ddd63e94de7f02ebfe1fb4e6eef33ef9231c9b4a531340a3496d29e71ed7","UNCHANGED"
"src/app/wisp/preferences.ts","08ede1c3dbf3f74b701e5ecb61f8ce037fd8af9957db702775c1a35aee2854d4","08ede1c3dbf3f74b701e5ecb61f8ce037fd8af9957db702775c1a35aee2854d4","UNCHANGED"
"src/configure-zod-csp.ts","b18b145f61f52ee501d412e514077b4c0e4dedc3834c8d0ae4ed13b14f82cb9b","b18b145f61f52ee501d412e514077b4c0e4dedc3834c8d0ae4ed13b14f82cb9b","UNCHANGED"
"src/core/adapters/binary.ts","17f6fdd695cdabb157cd32e1d01bfe52b539bd8caa5d6d20673a6ab00fb26c02","17f6fdd695cdabb157cd32e1d01bfe52b539bd8caa5d6d20673a6ab00fb26c02","UNCHANGED"
"src/core/adapters/contract.ts","12f05da6f7991f60945c8e249c73be2d027c82b76355e7b9cb97019b5f414efa","12f05da6f7991f60945c8e249c73be2d027c82b76355e7b9cb97019b5f414efa","UNCHANGED"
"src/core/adapters/csv.ts","3386c69c8c4d88e18febb144109b8d99ab83981cf776dd8858ea2822b623b431","3386c69c8c4d88e18febb144109b8d99ab83981cf776dd8858ea2822b623b431","UNCHANGED"
"src/core/adapters/drill-core-settings.ts","f72d2068bf424e8aaafda1818073319463eec84cd0a104b8ea8f33ea778d5b21","f72d2068bf424e8aaafda1818073319463eec84cd0a104b8ea8f33ea778d5b21","UNCHANGED"
"src/core/adapters/index.ts","fb351430f9195324366bc29cf1e33552c65a18239d49b9fd1d7e0c136e2240d5","fb351430f9195324366bc29cf1e33552c65a18239d49b9fd1d7e0c136e2240d5","UNCHANGED"
"src/core/adapters/ini.ts","97d6e9f95ed7b143b263a6ebf3b5a2ff0b2b34eb66c141c480accd680ee7dded","97d6e9f95ed7b143b263a6ebf3b5a2ff0b2b34eb66c141c480accd680ee7dded","UNCHANGED"
"src/core/adapters/json.ts","3a17d4bf739c7a084038c83112bdbbb05e4516a8c41c269e2a8217a67eb4b65b","3a17d4bf739c7a084038c83112bdbbb05e4516a8c41c269e2a8217a67eb4b65b","UNCHANGED"
"src/core/adapters/lua.ts","0e437af6771e8368fefc7692f66442d9e6ef8d8bdc6fe73f68423d0486ae33b4","0e437af6771e8368fefc7692f66442d9e6ef8d8bdc6fe73f68423d0486ae33b4","UNCHANGED"
"src/core/adapters/text.ts","3696bfe23e8bcaf8184a8644111fda6bc4289e4399709daf862c8785aaa9453c","3696bfe23e8bcaf8184a8644111fda6bc4289e4399709daf862c8785aaa9453c","UNCHANGED"
"src/core/adapters/xml.ts","caa5cca4a21fc86b032ac356c0244116b37c6ce26b7b0f4f5d2e7abc700e30a8","caa5cca4a21fc86b032ac356c0244116b37c6ce26b7b0f4f5d2e7abc700e30a8","UNCHANGED"
"src/core/ai/index.ts","20cb6bb20ea1f3dcfb8688ac5e001966af1a6e4ccff1cf15bfd75e3807f25fc7","20cb6bb20ea1f3dcfb8688ac5e001966af1a6e4ccff1cf15bfd75e3807f25fc7","UNCHANGED"
"src/core/backups/avowed-wingdk.ts","7c882816f54e1104a18bf29d08a5622ce0e69397ddd7707c12291cc4ac6a65d1","7c882816f54e1104a18bf29d08a5622ce0e69397ddd7707c12291cc4ac6a65d1","UNCHANGED"
"src/core/backups/index.ts","d8794fdde69ec8fd315e1eb604c54dcb20a5a6dfd00d59d714bbd690a2321389","d8794fdde69ec8fd315e1eb604c54dcb20a5a6dfd00d59d714bbd690a2321389","UNCHANGED"
"src/core/catalog-demand/store.ts","5d3f31542478bd5c0ca3af43344b89222f86630914d8eb053f401b6d9fd3571a","5d3f31542478bd5c0ca3af43344b89222f86630914d8eb053f401b6d9fd3571a","UNCHANGED"
"src/core/cheat-system/cheat-hotkey-slots.ts","bbae2de7d075861b4d47987aec535a1cc79fc35d223f26638d3ab671b7a5ea72","bbae2de7d075861b4d47987aec535a1cc79fc35d223f26638d3ab671b7a5ea72","UNCHANGED"
"src/core/cheat-system/cheat-toggle-store.ts","01a215e45cd6d3e878545f77d30b85e15f2dc951339c4317c76699d129b216dc","01a215e45cd6d3e878545f77d30b85e15f2dc951339c4317c76699d129b216dc","UNCHANGED"
"src/core/cheat-system/game-detector.ts","8a1e6a712c49f20457b0176cea391e5ddd9999ec580837634827d5376bc75278","8a1e6a712c49f20457b0176cea391e5ddd9999ec580837634827d5376bc75278","UNCHANGED"
"src/core/cheat-system/game-registry.ts","8a4ff60c0d93b34bb90704fc247a80123d4ad59d098198944dda183f371de7fc","8a4ff60c0d93b34bb90704fc247a80123d4ad59d098198944dda183f371de7fc","UNCHANGED"
"src/core/cheat-system/games.ts","1755a725855e249b9f6727c8c39d379be4686f9cc0e03f0c9cf97195cc4d1b60","1755a725855e249b9f6727c8c39d379be4686f9cc0e03f0c9cf97195cc4d1b60","UNCHANGED"
"src/core/cheat-system/index.ts","dec42df8f57e0cd257898b73d38ef3798710ead1bdadc1d46faa190b8d9382e4","dec42df8f57e0cd257898b73d38ef3798710ead1bdadc1d46faa190b8d9382e4","UNCHANGED"
"src/core/cheat-system/overlay-layout-presets.ts","ff6b829921a4ddcc282616023a21f900c40301463a8408091e0003c8af451e84","ff6b829921a4ddcc282616023a21f900c40301463a8408091e0003c8af451e84","UNCHANGED"
"src/core/cheat-system/trainer-hotkey-bindings.ts","98a26cf1f0545fd7df184e5de41beb673f7fafba13bc515b492b4bd3934269df","98a26cf1f0545fd7df184e5de41beb673f7fafba13bc515b492b4bd3934269df","UNCHANGED"
"src/core/cheat-system/trainer-hotkey-registration.ts","c997c72a45ef267d95c082e4417003562650a4c2ce2e9383244207673bfeaf59","c997c72a45ef267d95c082e4417003562650a4c2ce2e9383244207673bfeaf59","UNCHANGED"
"src/core/cheat-system/trainer-reference.ts","1999e6b8753e30f486822cdfd5050095f65a22cdd0a865b214bcbdc61e303a93","1999e6b8753e30f486822cdfd5050095f65a22cdd0a865b214bcbdc61e303a93","UNCHANGED"
"src/core/cheat-system/types.ts","7404592c2ce38bf3670c3504cafe77af9fc41f466593efd5f10f52c2c8c96b02","7404592c2ce38bf3670c3504cafe77af9fc41f466593efd5f10f52c2c8c96b02","UNCHANGED"
"src/core/companion/wisp.ts","fed9fe5fe715cca5b0c398f927162f22b01f989b161a89451346ef3e8ee93a7a","fed9fe5fe715cca5b0c398f927162f22b01f989b161a89451346ef3e8ee93a7a","UNCHANGED"
"src/core/consent/write-consent.ts","047659f8e8eca986d993902673558150c238ee5b0c2a5fef0b693cb99bc77f00","047659f8e8eca986d993902673558150c238ee5b0c2a5fef0b693cb99bc77f00","UNCHANGED"
"src/core/crash/local-crash-reporter.ts","5a154e90274807e21f57fef9991f6bcba680e7c39c9d7d0ad81b87b9ef58ef9f","5a154e90274807e21f57fef9991f6bcba680e7c39c9d7d0ad81b87b9ef58ef9f","UNCHANGED"
"src/core/ct-library/ct-zip-picker-bridge.ts","4b1ff7c4fb03bc9b59a01eeea0d8ddeb3cd9503f43823f6a16e4cbb6e82d8e43","4b1ff7c4fb03bc9b59a01eeea0d8ddeb3cd9503f43823f6a16e4cbb6e82d8e43","UNCHANGED"
"src/core/ct-library/import-single-flight.ts","4411bd8b1d07186fc3b7320fc254263cfaa7e0d38507fe7424560ca5e2d530f5","4411bd8b1d07186fc3b7320fc254263cfaa7e0d38507fe7424560ca5e2d530f5","UNCHANGED"
"src/core/ct-library/import-state.ts","988cc08549cba73e05e9ce8305d19d6ada598824b92a6da5a8a6f54b09bb9e4b","988cc08549cba73e05e9ce8305d19d6ada598824b92a6da5a8a6f54b09bb9e4b","UNCHANGED"
"src/core/ct-library/index.ts","8d0bd80758b7b963d8ad5ab5e625430cc1d0dc61d9b467bea74c11e045c1a589","8d0bd80758b7b963d8ad5ab5e625430cc1d0dc61d9b467bea74c11e045c1a589","UNCHANGED"
"src/core/ct-library/preview-receipt.ts","3c65656b7649881b3360b3df0c829f5d5859e46b2fcb251044e5c6463c8e2756","3c65656b7649881b3360b3df0c829f5d5859e46b2fcb251044e5c6463c8e2756","UNCHANGED"
"src/core/ct-library/search.ts","fe9537102297428f09216a67608a8deae5b9d6229c3ae4b3493ced70d4037206","fe9537102297428f09216a67608a8deae5b9d6229c3ae4b3493ced70d4037206","UNCHANGED"
"src/core/ct-library/types.ts","aeada427341b4779ae6b36f4c0088d3265d79ea77cc2b8c26dc198e711f65b3d","aeada427341b4779ae6b36f4c0088d3265d79ea77cc2b8c26dc198e711f65b3d","UNCHANGED"
"src/core/ct-library/write-library.ts","c43d4deca4b2eb1d4e1ac8e5176213392b8668d1dde0ad3689b2c19410e640b4","c43d4deca4b2eb1d4e1ac8e5176213392b8668d1dde0ad3689b2c19410e640b4","UNCHANGED"
"src/core/database/index.ts","e4e56c97a2e636a6bbb1a7b480fba00362e6959a9de716d1c07f218c4db240ff","e4e56c97a2e636a6bbb1a7b480fba00362e6959a9de716d1c07f218c4db240ff","UNCHANGED"
"src/core/definitions/catalog-definition-capabilities.ts","493a13fd091c189bd10db85c1a196c4e136485ee082cf6bc563ec0fb57753147","493a13fd091c189bd10db85c1a196c4e136485ee082cf6bc563ec0fb57753147","UNCHANGED"
"src/core/definitions/compile-yaml.v1.ts","3357d2da183e961cc6cb2255079c67fa60dc2f505acee7e363c0e8888be7e5e5","3357d2da183e961cc6cb2255079c67fa60dc2f505acee7e363c0e8888be7e5e5","UNCHANGED"
"src/core/definitions/ct-import.ts","a1d25eb03bff72487817fa4a4a743ef19bada7e8eac4ddf96ed5dc2bba5280ed","a1d25eb03bff72487817fa4a4a743ef19bada7e8eac4ddf96ed5dc2bba5280ed","UNCHANGED"
"src/core/definitions/ct-live-resolution.ts","710ddf225366ddb8995333f9ad7bc046ccde3a0ae2fe8232f85c8d583096acd3","710ddf225366ddb8995333f9ad7bc046ccde3a0ae2fe8232f85c8d583096acd3","UNCHANGED"
"src/core/definitions/ct-metadata.ts","3e757931089490dff3a259a2796b07382c0ee936a265fdeeeb41f2f2b88bb920","3e757931089490dff3a259a2796b07382c0ee936a265fdeeeb41f2f2b88bb920","UNCHANGED"
"src/core/definitions/definition-to-trainer-controls.ts","f9962502eb62335a97fd173546d23c88e7b08e325d689d4bb1c765217906d3c7","f9962502eb62335a97fd173546d23c88e7b08e325d689d4bb1c765217906d3c7","UNCHANGED"
"src/core/definitions/discovery-export.ts","85d7ea0c7665f577e993ae6a007e365b82b1e6e8d02b6614aeda2f71096cb7c4","85d7ea0c7665f577e993ae6a007e365b82b1e6e8d02b6614aeda2f71096cb7c4","UNCHANGED"
"src/core/definitions/dual-read-save-controls.ts","dd66e34beb70904e1b4f53601c0e86dc505f57e4dc81c96be5a8acfcb6cda075","dd66e34beb70904e1b4f53601c0e86dc505f57e4dc81c96be5a8acfcb6cda075","UNCHANGED"
"src/core/definitions/export-catalog-definition.ts","974e68cf9b731cff3079ca2fe0534644843194e79a23c8ecebda535a5e594d6c","974e68cf9b731cff3079ca2fe0534644843194e79a23c8ecebda535a5e594d6c","UNCHANGED"
"src/core/definitions/export-definition.ts","a606ed3273fc7d97845ad73d65513a107906796e7ea2de236b4af667161d55f7","a606ed3273fc7d97845ad73d65513a107906796e7ea2de236b4af667161d55f7","UNCHANGED"
"src/core/definitions/export-yaml.v1.ts","8563dd718fe4b4ab8940dab684599be4330accd1c1b98eb43c331568680932c5","8563dd718fe4b4ab8940dab684599be4330accd1c1b98eb43c331568680932c5","UNCHANGED"
"src/core/definitions/fingerprint-verify.ts","a20e2eca3922f86196a41f8cd7eba176ca221d77cb2aa8f45ac8f9ffed56bd48","a20e2eca3922f86196a41f8cd7eba176ca221d77cb2aa8f45ac8f9ffed56bd48","UNCHANGED"
"src/core/definitions/import-definition-ct.ts","8535be2920ce080136b540a7eb0bfa6b321d2753eb5613015304626b09c952c9","8535be2920ce080136b540a7eb0bfa6b321d2753eb5613015304626b09c952c9","UNCHANGED"
"src/core/definitions/import-definition-dumpspace.ts","5a6a2f13e107ab544594afa946feaa0701dfa616a3b9ad0278e728b3af9b7de7","5a6a2f13e107ab544594afa946feaa0701dfa616a3b9ad0278e728b3af9b7de7","UNCHANGED"
"src/core/definitions/import-definition.ts","32df9f3f279c9fd34a6ec1499e0da5dbaf2db8dd5898d5d6b365c5dca1b9a463","32df9f3f279c9fd34a6ec1499e0da5dbaf2db8dd5898d5d6b365c5dca1b9a463","UNCHANGED"
"src/core/definitions/index.ts","0cdc28d2d2f5f2c9e0294ef3618fe570569b6104642e35d11a40502fd639a1da","0cdc28d2d2f5f2c9e0294ef3618fe570569b6104642e35d11a40502fd639a1da","UNCHANGED"
"src/core/definitions/load-catalog-definition.ts","0eb41777674fe67b04a9803bb2d490efa341bc61f1bf08b8845680e47a3e24d3","0eb41777674fe67b04a9803bb2d490efa341bc61f1bf08b8845680e47a3e24d3","UNCHANGED"
"src/core/definitions/memory-export.ts","97e19887bc3d099e694982226125b1848c73c0a049982f6aec52b24c2798eb08","97e19887bc3d099e694982226125b1848c73c0a049982f6aec52b24c2798eb08","UNCHANGED"
"src/core/definitions/mod-pack-adapter.ts","ba7ea974c18c5c2d76b618766ad0345d2ca4a2eea7985732cc8deb81bd8f36cf","ba7ea974c18c5c2d76b618766ad0345d2ca4a2eea7985732cc8deb81bd8f36cf","UNCHANGED"
"src/core/definitions/schema.v1.ts","6c5ba41414462edec3d480353e0db2abcd8f72f8620faa3811df2eea400ecffb","6c5ba41414462edec3d480353e0db2abcd8f72f8620faa3811df2eea400ecffb","UNCHANGED"
"src/core/definitions/slug.ts","760cc15615d67a9f9ee9dde40cedf314d535dfa511de5749cebe0c47f85abda6","760cc15615d67a9f9ee9dde40cedf314d535dfa511de5749cebe0c47f85abda6","UNCHANGED"
"src/core/definitions/target-metadata.ts","64cf7d5e59d6a9020a7a86ae29ee607aaa7530a813e789a63c23de1bb6753d23","64cf7d5e59d6a9020a7a86ae29ee607aaa7530a813e789a63c23de1bb6753d23","UNCHANGED"
"src/core/discovery/binary-field-proposal.ts","125e4a062511997f08c01802bf0c968daa13c0817d530708f519b33b6b65df7e","125e4a062511997f08c01802bf0c968daa13c0817d530708f519b33b6b65df7e","UNCHANGED"
"src/core/discovery/index.ts","4a23a4afcf4c3ac040e965f914e1031f207e4d41261c500c9968a2cd2d8680ee","4a23a4afcf4c3ac040e965f914e1031f207e4d41261c500c9968a2cd2d8680ee","UNCHANGED"
"src/core/game-profiles/authoring.ts","1e5b705a827d0306c0804288830858270fa702abd282f6ab4b01f3921c738984","1e5b705a827d0306c0804288830858270fa702abd282f6ab4b01f3921c738984","UNCHANGED"
"src/core/game-profiles/catalog.ts","97cbb4439cf1541460edcdd9251de43ff3656694fad982a93ace4a08f7f9b8af","97cbb4439cf1541460edcdd9251de43ff3656694fad982a93ace4a08f7f9b8af","UNCHANGED"
"src/core/game-profiles/index.ts","5993faacb2b906fd13ba90195a443990f03f193c7d7606347e65eaa071f42ff2","5993faacb2b906fd13ba90195a443990f03f193c7d7606347e65eaa071f42ff2","UNCHANGED"
"src/core/game-profiles/loader.ts","27e8f11e602f36400311396d3b46f1729670d6ba48d5f2d3ea4b389c53143d4e","27e8f11e602f36400311396d3b46f1729670d6ba48d5f2d3ea4b389c53143d4e","UNCHANGED"
"src/core/game-profiles/review.ts","c08b222e309a956eac26abe71c2c2ad779c3e8e21e492cf832e7cabe6019f6eb","c08b222e309a956eac26abe71c2c2ad779c3e8e21e492cf832e7cabe6019f6eb","UNCHANGED"
"src/core/game-profiles/support-matrix.ts","946a0ed759a9e4b8101ed93d422e02ad72ee1e28937f2747797d60ece6fdc1c3","946a0ed759a9e4b8101ed93d422e02ad72ee1e28937f2747797d60ece6fdc1c3","UNCHANGED"
"src/core/game-profiles/transform.ts","9df708a115575892bba963d7a1ae762c66b9db68474e50d74363812997b572b5","9df708a115575892bba963d7a1ae762c66b9db68474e50d74363812997b572b5","UNCHANGED"
"src/core/game-profiles/types.ts","3bfd929f7899112d93291ba0a12351c52d0055d78a35c2918697ca996dd46a7e","3bfd929f7899112d93291ba0a12351c52d0055d78a35c2918697ca996dd46a7e","UNCHANGED"
"src/core/games/index.ts","90928393b45b702969f3500ee50d6043d9cc598d6a1fbc979bfe194027128b22","90928393b45b702969f3500ee50d6043d9cc598d6a1fbc979bfe194027128b22","UNCHANGED"
"src/core/in-process-script/aa-hook-planner.ts","80e172c85c052fda53af75cc3420620597c83b054274e34589bcddeebf7e871e","80e172c85c052fda53af75cc3420620597c83b054274e34589bcddeebf7e871e","UNCHANGED"
"src/core/in-process-script/charter.ts","a21992eb61e436c74f9fcc5d8cb85b748d050dfeb8737b4fe8cbf39a04897479","a21992eb61e436c74f9fcc5d8cb85b748d050dfeb8737b4fe8cbf39a04897479","UNCHANGED"
"src/core/in-process-script/code-cave.ts","a87d23ff39b8c30a5c0e233c0421212dc48e1ee7c1b9ce9c8e17b50be14041bc","a87d23ff39b8c30a5c0e233c0421212dc48e1ee7c1b9ce9c8e17b50be14041bc","UNCHANGED"
"src/core/in-process-script/guards.ts","aa7204617f8e748b286722495b4a3a3411078f023a24d9f69ed6f808b5c5101e","aa7204617f8e748b286722495b4a3a3411078f023a24d9f69ed6f808b5c5101e","UNCHANGED"
"src/core/in-process-script/helper-manifest.ts","53a46b1423751070c24add5920f93ef791acb3daf70bb9527a1f17aa34245d84","53a46b1423751070c24add5920f93ef791acb3daf70bb9527a1f17aa34245d84","UNCHANGED"
"src/core/in-process-script/hook-engine.ts","301a17b02733337c9f64d210381564c5bd84b8d71576d743c979586b43aba418","301a17b02733337c9f64d210381564c5bd84b8d71576d743c979586b43aba418","UNCHANGED"
"src/core/in-process-script/index.ts","23c9cc1a9281b4e73bea908501fe5e889fa9f0427c764ac535ad62b3c9858b6b","23c9cc1a9281b4e73bea908501fe5e889fa9f0427c764ac535ad62b3c9858b6b","UNCHANGED"
"src/core/in-process-script/injector-launcher.ts","33006360097c5155dfdd1b8c056e8649e1a63f27390c49a4c476cbcc2792237c","33006360097c5155dfdd1b8c056e8649e1a63f27390c49a4c476cbcc2792237c","UNCHANGED"
"src/core/in-process-script/native-bridge.ts","6336d4b4a820a19d56c21c37008948c5a670f1cf39de73da969ac2770ef9975e","6336d4b4a820a19d56c21c37008948c5a670f1cf39de73da969ac2770ef9975e","UNCHANGED"
"src/core/in-process-script/presets/crimson-fast-friendship.ts","c3330ee1ad879fcbf48dc6764a4c0266a57bc199ce202bc660977b2b438ba828","c3330ee1ad879fcbf48dc6764a4c0266a57bc199ce202bc660977b2b438ba828","UNCHANGED"
"src/core/in-process-script/types.ts","24b29e65a321322b9bf0bcc62b5cdf371881b8709cf8c2b8525580e854812161","24b29e65a321322b9bf0bcc62b5cdf371881b8709cf8c2b8525580e854812161","UNCHANGED"
"src/core/install-discovery/epic.ts","ac26fe64adb17f18dc792b5d542f57ba59d7eb75228288c1bbd6579c1496e12b","ac26fe64adb17f18dc792b5d542f57ba59d7eb75228288c1bbd6579c1496e12b","UNCHANGED"
"src/core/install-discovery/gog.ts","a6ba25ec8ec11a2919da8847737f671f808ffb7ba490fb12ae75b3153c24807c","a6ba25ec8ec11a2919da8847737f671f808ffb7ba490fb12ae75b3153c24807c","UNCHANGED"
"src/core/install-discovery/identity.ts","c44f2fd3aafa4555e7c9a1032fb6838f742df50ad8306de0983f2cf41ad87b64","c44f2fd3aafa4555e7c9a1032fb6838f742df50ad8306de0983f2cf41ad87b64","UNCHANGED"
"src/core/install-discovery/index.ts","6c26e4cdaf9bdfcb55d05d9e50467fecaebdfae75644db9c572242cf71dc1a25","6c26e4cdaf9bdfcb55d05d9e50467fecaebdfae75644db9c572242cf71dc1a25","UNCHANGED"
"src/core/install-discovery/match.ts","e86e27c2998fb052815e779a562b0e943dd783769030e56ee38dca74d575a2d5","e86e27c2998fb052815e779a562b0e943dd783769030e56ee38dca74d575a2d5","UNCHANGED"
"src/core/install-discovery/registry-win.ts","0e8283387e750e473b725c0b336be7e73694714680660ccae2746bd5951cb0dd","0e8283387e750e473b725c0b336be7e73694714680660ccae2746bd5951cb0dd","UNCHANGED"
"src/core/install-discovery/steam.ts","4f3c8a08060952ccb4084ca56d0e2b1bfcf151b4d7e122652afc83c77b884ef7","4f3c8a08060952ccb4084ca56d0e2b1bfcf151b4d7e122652afc83c77b884ef7","UNCHANGED"
"src/core/install-discovery/store.ts","e2a2e1502a40f7f0eb9f75b9778da7b72565e8dc71cca393fe0167d384c8da3f","e2a2e1502a40f7f0eb9f75b9778da7b72565e8dc71cca393fe0167d384c8da3f","UNCHANGED"
"src/core/install-discovery/types.ts","f7fa66ccc8a509f4279a90bf891a4230371a436da4358de47149dbb81010260e","f7fa66ccc8a509f4279a90bf891a4230371a436da4358de47149dbb81010260e","UNCHANGED"
"src/core/install-discovery/vdf.ts","934869b7507279d31492fb2831758c0e5dee075c198e683633665c3f0e2fb0d5","934869b7507279d31492fb2831758c0e5dee075c198e683633665c3f0e2fb0d5","UNCHANGED"
"src/core/journal/index.ts","2a14fea51003740214ca7af78254555908f5158c383b3a22b2a25ed258522493","2a14fea51003740214ca7af78254555908f5158c383b3a22b2a25ed258522493","UNCHANGED"
"src/core/live-memory/aob-resolver.ts","093287c060af1446cb865356f6bd1ffdb513eb2bd70d6e1fddfb2b8d070bdf52","093287c060af1446cb865356f6bd1ffdb513eb2bd70d6e1fddfb2b8d070bdf52","UNCHANGED"
"src/core/live-memory/audit-log.ts","8780b481c17c0fc4b0dd96c98d2b2ad79837ad5c2908433437674bd5c923e682","8780b481c17c0fc4b0dd96c98d2b2ad79837ad5c2908433437674bd5c923e682","UNCHANGED"
"src/core/live-memory/cleanup-coordinator.ts","362e389d7bb931ee62c247b5d196236693de1d1c39cf1bc07ea39ef9873297e0","362e389d7bb931ee62c247b5d196236693de1d1c39cf1bc07ea39ef9873297e0","UNCHANGED"
"src/core/live-memory/ct-promote.ts","bbbad233c99c5a77d5d67ee8a25674703bc3edd2c7005a6f9223f94a71da5c08","bbbad233c99c5a77d5d67ee8a25674703bc3edd2c7005a6f9223f94a71da5c08","UNCHANGED"
"src/core/live-memory/dual-read-controls.ts","055693ba7223ee449c539835b25756caab7dd461dd6c3d14b8ab92f93718a151","055693ba7223ee449c539835b25756caab7dd461dd6c3d14b8ab92f93718a151","UNCHANGED"
"src/core/live-memory/feature-resolver.ts","54ed089cd1620c2020ce355202e00ebb1bc12731790560877f30c428881cb280","54ed089cd1620c2020ce355202e00ebb1bc12731790560877f30c428881cb280","UNCHANGED"
"src/core/live-memory/freeze-concurrency-registry.ts","607fd00e5fafbba361e0867fe5cfea4aa8e491fc31661b2560a0d83b75f208b6","607fd00e5fafbba361e0867fe5cfea4aa8e491fc31661b2560a0d83b75f208b6","UNCHANGED"
"src/core/live-memory/game-connection-baselines.ts","eb5caff4a3b98de672a783d787c7d0009a3e1fe199e86f63a96a4cac303cb4b8","eb5caff4a3b98de672a783d787c7d0009a3e1fe199e86f63a96a4cac303cb4b8","UNCHANGED"
"src/core/live-memory/index.ts","80d862ceb8065e077bb9b8221680a31041f4ad2f3e6f2b25faf5c5bab75e503a","80d862ceb8065e077bb9b8221680a31041f4ad2f3e6f2b25faf5c5bab75e503a","UNCHANGED"
"src/core/live-memory/installed-exe-hash.ts","0932cc7aa04dad166da6643ba59b92ce7f2bb8b40575a0d6af8be933fe2df4ef","0932cc7aa04dad166da6643ba59b92ce7f2bb8b40575a0d6af8be933fe2df4ef","UNCHANGED"
"src/core/live-memory/live-correlation-watcher.ts","e1c0f8c5f0bc2d0de87d61b15663e1cfe349a72a6f1b9bc4ec0aa30baaeb622a","e1c0f8c5f0bc2d0de87d61b15663e1cfe349a72a6f1b9bc4ec0aa30baaeb622a","UNCHANGED"
"src/core/live-memory/live-memory-session.ts","b0d54400f8c216829b3a78927ae4e02b53acbfe94a9f465b32adcd7c13ce8d97","b0d54400f8c216829b3a78927ae4e02b53acbfe94a9f465b32adcd7c13ce8d97","UNCHANGED"
"src/core/live-memory/live-trainer-control.ts","188a498e5dafbc6f5773e8a755e1373552af3a3dffd9fdb70210650937e6567e","188a498e5dafbc6f5773e8a755e1373552af3a3dffd9fdb70210650937e6567e","UNCHANGED"
"src/core/live-memory/local-pack-export.ts","0d841f909fa0ed36aec167cb58ba0789de437796b7c9c104374818fe95fe4c8a","0d841f909fa0ed36aec167cb58ba0789de437796b7c9c104374818fe95fe4c8a","UNCHANGED"
"src/core/live-memory/memory-manager.ts","c37797dfd80fbd176baa0b080ca473c2a2328ac5467652c42b31fcbaef077e42","c37797dfd80fbd176baa0b080ca473c2a2328ac5467652c42b31fcbaef077e42","UNCHANGED"
"src/core/live-memory/memory-scanner.ts","47bd4709f443e6ba5051e1ad05750679e7c0973406684ed24101a506d7ec6104","47bd4709f443e6ba5051e1ad05750679e7c0973406684ed24101a506d7ec6104","UNCHANGED"
"src/core/live-memory/native-memory-driver.ts","54c53381725cce6d20c80e208ecc2322530ff05ef7eee73cec91a23075f13351","54c53381725cce6d20c80e208ecc2322530ff05ef7eee73cec91a23075f13351","UNCHANGED"
"src/core/live-memory/online-guard.ts","d235b2269763d431cd2df3f8324d493237727c9b02358a506338c1e8e2e0a1e5","d235b2269763d431cd2df3f8324d493237727c9b02358a506338c1e8e2e0a1e5","UNCHANGED"
"src/core/live-memory/palworld-cheats.ts","5a48f7d6316c272a74b87cb9ae48ae6bf8851a81ec91100e685e2d817c90e426","5a48f7d6316c272a74b87cb9ae48ae6bf8851a81ec91100e685e2d817c90e426","UNCHANGED"
"src/core/live-memory/pointer-resolver.ts","6a9d8ee841f09bbcb5e0f5c9512ef5845091a05fd1c833d9c0a1112ae0dc9cb0","6a9d8ee841f09bbcb5e0f5c9512ef5845091a05fd1c833d9c0a1112ae0dc9cb0","UNCHANGED"
"src/core/live-memory/pointer-scanner.ts","10cf79d4bccd78bc5f284d7fb41efe070791e0957278453a38b13f1df93177c4","10cf79d4bccd78bc5f284d7fb41efe070791e0957278453a38b13f1df93177c4","UNCHANGED"
"src/core/live-memory/process-watcher.ts","19121f6efa7fcb10b6bcc04527b564804529456068b40b59d1ebeaa8f1015fab","19121f6efa7fcb10b6bcc04527b564804529456068b40b59d1ebeaa8f1015fab","UNCHANGED"
"src/core/live-memory/real-time-scanner.ts","104b20031881e8db1f6eaafa4bf598543d97f9dbaca10b9800e1c349b8099bc1","104b20031881e8db1f6eaafa4bf598543d97f9dbaca10b9800e1c349b8099bc1","UNCHANGED"
"src/core/live-memory/remote-connection-observer.ts","bd14eb500dccfbf1fbeec0aed49636548725a0a3108869316e76526723254d17","bd14eb500dccfbf1fbeec0aed49636548725a0a3108869316e76526723254d17","UNCHANGED"
"src/core/live-memory/research/hex-inspector.ts","6ce24de82667bceef04c92848c654163f2908705517552a3e981db6c96405b32","6ce24de82667bceef04c92848c654163f2908705517552a3e981db6c96405b32","UNCHANGED"
"src/core/live-memory/research/index.ts","f7ca70710ec21522cdc7c4d3dddda784f1f85935eea30114698e32a17b707c6e","f7ca70710ec21522cdc7c4d3dddda784f1f85935eea30114698e32a17b707c6e","UNCHANGED"
"src/core/live-memory/research/memory-viewer.ts","a3589af07440605ac18481abcb6b15152bd0677bfb7b52fd98e19610f6c01a0d","a3589af07440605ac18481abcb6b15152bd0677bfb7b52fd98e19610f6c01a0d","UNCHANGED"
"src/core/live-memory/research/pointer-candidate-analysis.ts","888212b62059bce4af56593752cbf5766924c285d0409d6692c25ebe16b0c8ff","888212b62059bce4af56593752cbf5766924c285d0409d6692c25ebe16b0c8ff","UNCHANGED"
"src/core/live-memory/research/session-snapshot.ts","554915fd9e421059de6be05380f055360b05a43435eee515af47b29da7408e2e","554915fd9e421059de6be05380f055360b05a43435eee515af47b29da7408e2e","UNCHANGED"
"src/core/live-memory/session-cleanup.ts","2ba44a9fe07d953967a1296be497400d00617ca946254e353a9bdf7e7ef449b6","2ba44a9fe07d953967a1296be497400d00617ca946254e353a9bdf7e7ef449b6","UNCHANGED"
"src/core/live-memory/signature-engine.ts","b1aca6be62f61ea8d192419ed2334dd169f5d6873f00fa5e0f4cfef7bc7561b3","b1aca6be62f61ea8d192419ed2334dd169f5d6873f00fa5e0f4cfef7bc7561b3","UNCHANGED"
"src/core/live-memory/single-player-waiver-shared.ts","4bbcfe474641f0dad60f02bd27724e7f6b91ee304dcbbb61072eeb8ab404b0cc","4bbcfe474641f0dad60f02bd27724e7f6b91ee304dcbbb61072eeb8ab404b0cc","UNCHANGED"
"src/core/live-memory/single-player-waiver.ts","c83413b4a9efc7429053f9708ed2970ac58d6004970a14779bff18612c8e411d","c83413b4a9efc7429053f9708ed2970ac58d6004970a14779bff18612c8e411d","UNCHANGED"
"src/core/live-memory/types.ts","2c1cce3e1124c4eeb938d9276e43b4ebdd6cbba7caf0c72e3bd891600f23c54c","2c1cce3e1124c4eeb938d9276e43b4ebdd6cbba7caf0c72e3bd891600f23c54c","UNCHANGED"
"src/core/live-memory/watch-confidence.ts","d42c96c7e25c3d891539f1017bfbace684a51e40ffc4046f70014d3ddb010081","d42c96c7e25c3d891539f1017bfbace684a51e40ffc4046f70014d3ddb010081","UNCHANGED"
"src/core/live-memory/windows-process-identity.ts","1386ff3061738e0413df9d5a056cf7c569934d203568e0a0d13c757d4c7f697a","1386ff3061738e0413df9d5a056cf7c569934d203568e0a0d13c757d4c7f697a","UNCHANGED"
"src/core/live-memory/write-consent.ts","bfb2b92703b595bde239be2e3785ceae3ccbd7f39b4aedd4d9f99d65c7b74296","bfb2b92703b595bde239be2e3785ceae3ccbd7f39b4aedd4d9f99d65c7b74296","UNCHANGED"
"src/core/live-memory/write-policy.ts","fc88549e9b8807297aa8540e14eeec6043d1ba8f5567073c950d287236fb9f48","fc88549e9b8807297aa8540e14eeec6043d1ba8f5567073c950d287236fb9f48","UNCHANGED"
"src/core/live-memory/zero-input-prepare.ts","1bef38c0d56c2c30a9970e7910447334ae95a726bef158c9d1e6cedc63df8b95","1bef38c0d56c2c30a9970e7910447334ae95a726bef158c9d1e6cedc63df8b95","UNCHANGED"
"src/core/ocr/local-ocr.ts","56273edcf194bd2cc1000c9e28cabcb91384440467a02221641f412bf9804186","56273edcf194bd2cc1000c9e28cabcb91384440467a02221641f412bf9804186","UNCHANGED"
"src/core/pilot/intake.ts","109472586ffe49cae7a4387d2d83d5bba2730aa94f599dde52d755097f444af6","109472586ffe49cae7a4387d2d83d5bba2730aa94f599dde52d755097f444af6","UNCHANGED"
"src/core/pilot/manifest.ts","e8f39e89dab1c6b4d410bf99557262015d1fdf1605f7b9f9a02915cfa2d23afe","e8f39e89dab1c6b4d410bf99557262015d1fdf1605f7b9f9a02915cfa2d23afe","UNCHANGED"
"src/core/process/index.ts","7ab2839a95dae420d1eaabb1cd513914f6cf4a8025601111c8f2b604ca1065e1","7ab2839a95dae420d1eaabb1cd513914f6cf4a8025601111c8f2b604ca1065e1","UNCHANGED"
"src/core/profiles/fingerprint.ts","efe6b2c0a5374fda817efd1527b5c7a97f5eee99eab3087cc65886919810eda0","efe6b2c0a5374fda817efd1527b5c7a97f5eee99eab3087cc65886919810eda0","UNCHANGED"
"src/core/profiles/index.ts","b3b20d5e8bfc45ba600cfbc40c66d84cf78de0f37ee73c58f33c3ec61fac95a5","b3b20d5e8bfc45ba600cfbc40c66d84cf78de0f37ee73c58f33c3ec61fac95a5","UNCHANGED"
"src/core/profiles/schema.ts","eb6444be8e24545fea5e10458b56e0f2cb72e6cb1e536a479d46285c97b071c1","eb6444be8e24545fea5e10458b56e0f2cb72e6cb1e536a479d46285c97b071c1","UNCHANGED"
"src/core/proposals/index.ts","9833b987348ea0d89638fc3329a9d935bcc81fd7c92ce6317115e77ba5b4ac1c","9833b987348ea0d89638fc3329a9d935bcc81fd7c92ce6317115e77ba5b4ac1c","UNCHANGED"
"src/core/recipes/index.ts","fa498588662a8c9947faef9dc07390add13a3c737d7fac9cb7286b107e3fe3f0","fa498588662a8c9947faef9dc07390add13a3c737d7fac9cb7286b107e3fe3f0","UNCHANGED"
"src/core/registry/compile-ct-registry.ts","577f89dda371b5c0015a68b23973d07d0fcc0e3598db0d1214157f7f3c313fd6","577f89dda371b5c0015a68b23973d07d0fcc0e3598db0d1214157f7f3c313fd6","UNCHANGED"
"src/core/registry/compile-ct-zip.ts","e4a1ff1a550e423b1eaa5d9575f8dad9c885b675ae457258589a686933457c32","e4a1ff1a550e423b1eaa5d9575f8dad9c885b675ae457258589a686933457c32","UNCHANGED"
"src/core/registry/compile-ct.ts","6130e47e3d4f8fcbbf4a542f0bd05793c0bb4a4d864b94932c273718577d92d4","6130e47e3d4f8fcbbf4a542f0bd05793c0bb4a4d864b94932c273718577d92d4","UNCHANGED"
"src/core/registry/index.ts","9e30de392ae48570c3bc2c9f4a7c4c0c535ab32ea2e0f052710ad7a0a21ded16","9e30de392ae48570c3bc2c9f4a7c4c0c535ab32ea2e0f052710ad7a0a21ded16","UNCHANGED"
"src/core/registry/l4-governance.ts","5830f39076206fd48b8ca21411d58f41dccafa9d2981d9522fd31803731dc90a","5830f39076206fd48b8ca21411d58f41dccafa9d2981d9522fd31803731dc90a","UNCHANGED"
"src/core/registry/load-registry.ts","703366414e5e01d93b154f0ed7e0827f85c490734d16d6e664e85d0c5d2de5c0","703366414e5e01d93b154f0ed7e0827f85c490734d16d6e664e85d0c5d2de5c0","UNCHANGED"
"src/core/registry/loaded-registry.ts","03f23b6f19cda18dc31a11415960bb0d7980201f85a3a5b4be25f3bb9c8ae834","03f23b6f19cda18dc31a11415960bb0d7980201f85a3a5b4be25f3bb9c8ae834","UNCHANGED"
"src/core/registry/query-registry.ts","8bb71e0e2e37914d15467151bf6a33bea1c21150074dd606569fe4215e8cdbcc","8bb71e0e2e37914d15467151bf6a33bea1c21150074dd606569fe4215e8cdbcc","UNCHANGED"
"src/core/registry/schema.ts","8a0ccb3e7955423e9be88c15256136b4318091fcd073f03fd19c3dacc76bcfe9","8a0ccb3e7955423e9be88c15256136b4318091fcd073f03fd19c3dacc76bcfe9","UNCHANGED"
"src/core/registry/validate-registry.ts","76a72a89fd7ca0ff7d1b9cdbb32479522887cdd8245c38efaebc516638dfc578","76a72a89fd7ca0ff7d1b9cdbb32479522887cdd8245c38efaebc516638dfc578","UNCHANGED"
"src/core/research/feature-candidates.ts","24ece34658ff8f095ccefaa78ac7554c377fd8298f7586bfcb64f6f45b6656ca","24ece34658ff8f095ccefaa78ac7554c377fd8298f7586bfcb64f6f45b6656ca","UNCHANGED"
"src/core/research/index.ts","fea8bfed23deecc8c6b41f8ba32753baaa25833c54d036e40c37820de1628caa","fea8bfed23deecc8c6b41f8ba32753baaa25833c54d036e40c37820de1628caa","UNCHANGED"
"src/core/runtime/address-resolver.ts","9cc525367a2897d38eb32349a32b90049776b8cb8be2d002b6c62ec585023466","9cc525367a2897d38eb32349a32b90049776b8cb8be2d002b6c62ec585023466","UNCHANGED"
"src/core/runtime/aob-repair-analyzer.ts","c34f2a237078fd59e9f617205ca202d2f8a9713e1f12bff668d746156826a7ef","c34f2a237078fd59e9f617205ca202d2f8a9713e1f12bff668d746156826a7ef","UNCHANGED"
"src/core/runtime/delta-engine.ts","b2cd6186f999c0cac5a992ca6579550a0cdbac083955f5f147bfb25b1a0dce58","b2cd6186f999c0cac5a992ca6579550a0cdbac083955f5f147bfb25b1a0dce58","UNCHANGED"
"src/core/runtime/headless-verification-worker.ts","ccaba9086959dc19c7b527980e2c7cf7f9734af4cd8a7dea02df679ec1aa8c8b","ccaba9086959dc19c7b527980e2c7cf7f9734af4cd8a7dea02df679ec1aa8c8b","UNCHANGED"
"src/core/runtime/headless-verification.ts","b9e94c45dcda90d1f148f85d6291407a398d243300f5b5f442a944a3350ac014","b9e94c45dcda90d1f148f85d6291407a398d243300f5b5f442a944a3350ac014","UNCHANGED"
"src/core/runtime/index.ts","7ceb5225f5d8a3aa956c9c4638dcc9e71e0fa05df3a87f20b33cfef4a1b376d2","7ceb5225f5d8a3aa956c9c4638dcc9e71e0fa05df3a87f20b33cfef4a1b376d2","UNCHANGED"
"src/core/runtime/memory-reader.ts","76249ad71649fe0a91c578adef4e4ed2741bb52e9d3ba68cce1dd4a1081f37b8","76249ad71649fe0a91c578adef4e4ed2741bb52e9d3ba68cce1dd4a1081f37b8","UNCHANGED"
"src/core/runtime/memory-snapshot.ts","58f8869588f83a3c4bb8f8b8d83273133209c7a5bdb23c5ed19a5b4d70a1b324","58f8869588f83a3c4bb8f8b8d83273133209c7a5bdb23c5ed19a5b4d70a1b324","UNCHANGED"
"src/core/runtime/memory-viewer.ts","8ee91f9d459bc1b16ce5d06c82a93c75e6d8ec789ea0837f561bf1a20c38a395","8ee91f9d459bc1b16ce5d06c82a93c75e6d8ec789ea0837f561bf1a20c38a395","UNCHANGED"
"src/core/runtime/module-inspection.ts","857b9883f67b14956d2ddd2ea9c14746ad4713afd8ccd83b5ce83e1cfb1677b8","857b9883f67b14956d2ddd2ea9c14746ad4713afd8ccd83b5ce83e1cfb1677b8","UNCHANGED"
"src/core/runtime/pointer-candidates.ts","bdb01d9b0c952d46513f0be70346a5793a4220bc4a1a71aa12148e2adbe3dcde","bdb01d9b0c952d46513f0be70346a5793a4220bc4a1a71aa12148e2adbe3dcde","UNCHANGED"
"src/core/runtime/process-discovery.ts","fb38e8c54a24edc2f771fc4ff521b16e60a473438f0a03d666fb271b6f796999","fb38e8c54a24edc2f771fc4ff521b16e60a473438f0a03d666fb271b6f796999","UNCHANGED"
"src/core/runtime/protected-target-guard.ts","a8e2de6f9594db94e2fdd10959863ff49b52aac6dbbaafa07f6180bb95b38390","a8e2de6f9594db94e2fdd10959863ff49b52aac6dbbaafa07f6180bb95b38390","UNCHANGED"
"src/core/runtime/readonly-scanner-helper.ts","c22e75a67b8e1ffd4756e451ee91e273f3f3dcff8eb5ed1ce9323f6943f0afd0","c22e75a67b8e1ffd4756e451ee91e273f3f3dcff8eb5ed1ce9323f6943f0afd0","UNCHANGED"
"src/core/runtime/restart-validation.ts","a9d05b30da165c00aedd075ac916cd4163023b0694010c401d89206a90ffb51f","a9d05b30da165c00aedd075ac916cd4163023b0694010c401d89206a90ffb51f","UNCHANGED"
"src/core/runtime/runtime-policy.ts","3506ac5b0df9dad69dc98275d14c66d665070e6c9b23ca05188aebb8242ab886","3506ac5b0df9dad69dc98275d14c66d665070e6c9b23ca05188aebb8242ab886","UNCHANGED"
"src/core/runtime/signature-resolution.ts","1a9f2be7dac6655e8ffed02811ba7be99889e1cf6ae88731b3e3ab7b6eda69ee","1a9f2be7dac6655e8ffed02811ba7be99889e1cf6ae88731b3e3ab7b6eda69ee","UNCHANGED"
"src/core/runtime/signature-scanner.ts","f02e67eb76a852562b26da87ef35294d8c83d75dfce464d66808186c10dfde89","f02e67eb76a852562b26da87ef35294d8c83d75dfce464d66808186c10dfde89","UNCHANGED"
"src/core/runtime/signature-validation.ts","5b11dcaea9d2d9ae0b79882f0695d9f52cb93dc65b55bf4a4d207e239af44190","5b11dcaea9d2d9ae0b79882f0695d9f52cb93dc65b55bf4a4d207e239af44190","UNCHANGED"
"src/core/runtime/windows-readonly-process-module-reader.ts","20f92f4980175f0abbf89d3d314a11e526d8aaa871f5f0f8224fa42e774bf379","20f92f4980175f0abbf89d3d314a11e526d8aaa871f5f0f8224fa42e774bf379","UNCHANGED"
"src/core/runtime/write-policy.ts","b532ae2292085c97e37b8cba1f17748c97b6a5754231a6a025b2f7d25b504734","b532ae2292085c97e37b8cba1f17748c97b6a5754231a6a025b2f7d25b504734","UNCHANGED"
"src/core/safety/atomic-write.ts","afd1c5de6c661fcb68528bae94b7dd85fb0c3b2df448427a1ab09bdfcddb4119","afd1c5de6c661fcb68528bae94b7dd85fb0c3b2df448427a1ab09bdfcddb4119","UNCHANGED"
"src/core/safety/file-lock.ts","ab948458ea5c69be8695f7cf77006dbd4233ef56ead68afeef6d1f629be31001","ab948458ea5c69be8695f7cf77006dbd4233ef56ead68afeef6d1f629be31001","UNCHANGED"
"src/core/safety/index.ts","59807323d0a4c462d0dcfa922f0d9c4664be63c0de3c1577c95dc7ee30b9191d","59807323d0a4c462d0dcfa922f0d9c4664be63c0de3c1577c95dc7ee30b9191d","UNCHANGED"
"src/core/safety/operations.ts","beedba37376d94eff8690cbd3f9660306761db3df9bbd44460e0614c5aad5e4e","beedba37376d94eff8690cbd3f9660306761db3df9bbd44460e0614c5aad5e4e","UNCHANGED"
"src/core/safety/path-safety.ts","eff9c1086d615eb6acc9718a4092cbe6026c8ad07099a38bbd1708e3e250cf31","eff9c1086d615eb6acc9718a4092cbe6026c8ad07099a38bbd1708e3e250cf31","UNCHANGED"
"src/core/sandbox-script/local-sandbox.ts","c31925827d11e8b34d381a421bd9a5edaf9907d4fb41e2e5b04ad8355db898d9","c31925827d11e8b34d381a421bd9a5edaf9907d4fb41e2e5b04ad8355db898d9","UNCHANGED"
"src/core/saves/binary-formats/generic-le.ts","a21adc23e1ca709c4b8c6c64382c50f759280ab64b0dea3e7b5997d2de9fee35","a21adc23e1ca709c4b8c6c64382c50f759280ab64b0dea3e7b5997d2de9fee35","UNCHANGED"
"src/core/saves/binary-formats/index.ts","74469dd7e6f9c93a829fe0cfa211f57da6990dbf3b5a7bebd3070b2c7fd30dbc","74469dd7e6f9c93a829fe0cfa211f57da6990dbf3b5a7bebd3070b2c7fd30dbc","UNCHANGED"
"src/core/saves/binary-formats/research-profiles.ts","401271db7a7df565f61fc61230dbd949ee7006aacf27c5ba65e67fb8f41125c9","401271db7a7df565f61fc61230dbd949ee7006aacf27c5ba65e67fb8f41125c9","UNCHANGED"
"src/core/saves/binary-formats/rfsa.ts","d8c607c9f886a0dc6a80aadd4bcf32126c5b4c7be426b87963a424e4eb3875e0","d8c607c9f886a0dc6a80aadd4bcf32126c5b4c7be426b87963a424e4eb3875e0","UNCHANGED"
"src/core/saves/binary-save-field.ts","8248ab5a892057d5e8a2a2afaff8e77b722a5e4e69d4c44b36361df058a095da","8248ab5a892057d5e8a2a2afaff8e77b722a5e4e69d4c44b36361df058a095da","UNCHANGED"
"src/core/saves/editor.ts","7b1bbb8841a4b4c63925628be9d5079582ecf770627320b650cf5e590566ba54","7b1bbb8841a4b4c63925628be9d5079582ecf770627320b650cf5e590566ba54","UNCHANGED"
"src/core/saves/index.ts","c4e8b1cea283a8b2e159bc49abd8506cef408896db6b50bc15d90956bdf90616","c4e8b1cea283a8b2e159bc49abd8506cef408896db6b50bc15d90956bdf90616","UNCHANGED"
"src/core/saves/ini-save-field.ts","1303d8c0af29bc55761dcbc60861e70a40dd5175e5be1ba5fd0b8f026810b028","1303d8c0af29bc55761dcbc60861e70a40dd5175e5be1ba5fd0b8f026810b028","UNCHANGED"
"src/core/saves/json-save-field.ts","36e8b9440f3b4228edff79ff6f37330dbf6751837de5f50d5d3aa20c1db593f5","36e8b9440f3b4228edff79ff6f37330dbf6751837de5f50d5d3aa20c1db593f5","UNCHANGED"
"src/core/saves/locations.ts","54697f11da2bfaa7da1cfe64d0fdfafcd5828b87617b7d2e35380a379f81e132","54697f11da2bfaa7da1cfe64d0fdfafcd5828b87617b7d2e35380a379f81e132","UNCHANGED"
"src/core/saves/normalization.ts","88db5db8a7a2e0056d06ecc4073b1c6ccdaac44c827a8146b3dcf892533947d4","88db5db8a7a2e0056d06ecc4073b1c6ccdaac44c827a8146b3dcf892533947d4","UNCHANGED"
"src/core/saves/runtime-binding.ts","47654de0f00f46041f28c592e50b586b67917a21dd8d8937fd00e108b1baa72b","47654de0f00f46041f28c592e50b586b67917a21dd8d8937fd00e108b1baa72b","UNCHANGED"
"src/core/saves/save-format.ts","e64971a7a1fc01dc28bc5b4cd12adc861006729491feea85006cbaf302c11223","e64971a7a1fc01dc28bc5b4cd12adc861006729491feea85006cbaf302c11223","UNCHANGED"
"src/core/scanner/discovery-context.ts","81441c1e9ea4be2e288ae15c6742e7737d0467dfa39d64896a19081ff9487cb7","81441c1e9ea4be2e288ae15c6742e7737d0467dfa39d64896a19081ff9487cb7","UNCHANGED"
"src/core/scanner/discovery.ts","10ce95dbc1c9f2bbf1d0c61d4fd011a8747f7dfc78860294c51de3709dca1b81","10ce95dbc1c9f2bbf1d0c61d4fd011a8747f7dfc78860294c51de3709dca1b81","UNCHANGED"
"src/core/scanner/index.ts","a30e22978b0c753778f2f17d1537dd075ea1ffc2042bad3ecaf101e6cee09e5f","a30e22978b0c753778f2f17d1537dd075ea1ffc2042bad3ecaf101e6cee09e5f","UNCHANGED"
"src/core/script-research/aa-script-analyzer.ts","487bcd9f05e659652ddac412861410e327649e9c75744d7307aad704718bbeb9","487bcd9f05e659652ddac412861410e327649e9c75744d7307aad704718bbeb9","UNCHANGED"
"src/core/script-research/aob-parser.ts","3509180d26d7d82859354ec99bf0fc2db7c118bd18d6fafa562d25454fac5360","3509180d26d7d82859354ec99bf0fc2db7c118bd18d6fafa562d25454fac5360","UNCHANGED"
"src/core/script-research/ce-enrichment.ts","f925447987523e1c719cd219002c212efb36a7e0f5a11478a576a2a4d093b413","f925447987523e1c719cd219002c212efb36a7e0f5a11478a576a2a4d093b413","UNCHANGED"
"src/core/script-research/ct-script-research.ts","27f1f87c0ee3afacb943023a4d00822deba37b97c3c4993428e1d5cb36bc618d","27f1f87c0ee3afacb943023a4d00822deba37b97c3c4993428e1d5cb36bc618d","UNCHANGED"
"src/core/script-research/index.ts","9b20a39a5fd63e7375572887aeb2be8bce5f28b373847c8cdc6119599e8f07e5","9b20a39a5fd63e7375572887aeb2be8bce5f28b373847c8cdc6119599e8f07e5","UNCHANGED"
"src/core/script-research/types.ts","d22e39ea2d0e3ae2ff5c0d1698560db631a03dd58eb2f93f58a0fff58f4fa8ad","d22e39ea2d0e3ae2ff5c0d1698560db631a03dd58eb2f93f58a0fff58f4fa8ad","UNCHANGED"
"src/core/security/process-selection-registry.ts","88a78f5b969bf308894ac877ba57a1a9d810ae217710788e98ed270b77dfa06c","88a78f5b969bf308894ac877ba57a1a9d810ae217710788e98ed270b77dfa06c","UNCHANGED"
"src/core/security/trusted-sender-registry.ts","6ebd1197adb3d23caf3045ad87a8289a59ec65f50a8ea9dfb258ab769e3445cd","6ebd1197adb3d23caf3045ad87a8289a59ec65f50a8ea9dfb258ab769e3445cd","UNCHANGED"
"src/core/settings/index.ts","7c2df881bfa1c47edb5b20a174fb7f45a107692c3dc4e1a11f030e07fcd2a87f","7c2df881bfa1c47edb5b20a174fb7f45a107692c3dc4e1a11f030e07fcd2a87f","UNCHANGED"
"src/core/settings/unlock-trainer-capabilities.ts","8b7c6552e35878abe9b89ebde01e74ee90257b8f4bd426a53bc38de76fc07827","8b7c6552e35878abe9b89ebde01e74ee90257b8f4bd426a53bc38de76fc07827","UNCHANGED"
"src/core/trainer-catalog/bundled-community-games.ts","d4a7bdb3ce1dc3b91c56f7af8ad67a4cb62737fb0db8e5d781e63ccfcaea9c4b","d4a7bdb3ce1dc3b91c56f7af8ad67a4cb62737fb0db8e5d781e63ccfcaea9c4b","UNCHANGED"
"src/core/trainer-catalog/bundled-definition-seed.ts","fbbb84eac4f02aa8e21dcd931a6fd7a1c57c5ab83567a77f58264385a4785612","fbbb84eac4f02aa8e21dcd931a6fd7a1c57c5ab83567a77f58264385a4785612","UNCHANGED"
"src/core/trainer-catalog/catalog-game-record.ts","c1f58d00007abd28d1df27770c983ff2f04b35b6af6aba19a19ddd37e779279f","c1f58d00007abd28d1df27770c983ff2f04b35b6af6aba19a19ddd37e779279f","UNCHANGED"
"src/core/trainer-catalog/catalog-genres.ts","473693d43504f2ce9d64badd2014e59d0598c6b0d9adc1e1520c7391adda5cee","473693d43504f2ce9d64badd2014e59d0598c6b0d9adc1e1520c7391adda5cee","UNCHANGED"
"src/core/trainer-catalog/community-trust.ts","7a42734fee09fb94e40623ff480b6a1c6ea0942af5e1afa84d71979aa4db1de6","7a42734fee09fb94e40623ff480b6a1c6ea0942af5e1afa84d71979aa4db1de6","UNCHANGED"
"src/core/trainer-catalog/cover-url.ts","d9e7e9dacc57721ad9c37572ac6806734d6051d10fe0a7ef505ee5176eb227d4","d9e7e9dacc57721ad9c37572ac6806734d6051d10fe0a7ef505ee5176eb227d4","UNCHANGED"
"src/core/trainer-catalog/definition-feedback-store.ts","a032eab3b7da7dd1f5e3a66473f67a07a0f7ace5193a9e6af0146253b2b5fdcb","a032eab3b7da7dd1f5e3a66473f67a07a0f7ace5193a9e6af0146253b2b5fdcb","UNCHANGED"
"src/core/trainer-catalog/definition-promotion.ts","07d68c1fefb5e3ef62d29eb216e114a02604a855498e89b8637b533cd1c0a0c9","07d68c1fefb5e3ef62d29eb216e114a02604a855498e89b8637b533cd1c0a0c9","UNCHANGED"
"src/core/trainer-catalog/definition-quarantine.ts","32cdb1522e28be08125d7d05f2286116b81d43941ba7787dfcbeef6dcd6f502c","32cdb1522e28be08125d7d05f2286116b81d43941ba7787dfcbeef6dcd6f502c","UNCHANGED"
"src/core/trainer-catalog/ensure-bundled-definitions.ts","01af8c46fc1790fe735866443e66064087617578ecd08a8bcc3ecec7278d7be3","01af8c46fc1790fe735866443e66064087617578ecd08a8bcc3ecec7278d7be3","UNCHANGED"
"src/core/trainer-catalog/game-taglines.ts","42c80991a60dbffe9d92d48f09cf60eeea535378eeacbc17c93d3f0ce0db653c","42c80991a60dbffe9d92d48f09cf60eeea535378eeacbc17c93d3f0ce0db653c","UNCHANGED"
"src/core/trainer-catalog/index.ts","76ff95e3cfbfb030555e943a6678ff8ef005cd6e761ab3efb1292a77a257d817","76ff95e3cfbfb030555e943a6678ff8ef005cd6e761ab3efb1292a77a257d817","UNCHANGED"
"src/core/trainer-catalog/mod-pack-loader.ts","bc738173f3e67f92d53cb3d1eb42e76f25a10fbd6afc7f4f4790caaae2f3e267","bc738173f3e67f92d53cb3d1eb42e76f25a10fbd6afc7f4f4790caaae2f3e267","UNCHANGED"
"src/core/trainer-catalog/seed.ts","7e8d8a5630c2b017ba6ad44cefb35f881f5308ea5ebb12635ea0b561de1b147c","7e8d8a5630c2b017ba6ad44cefb35f881f5308ea5ebb12635ea0b561de1b147c","UNCHANGED"
"src/core/trainer-catalog/steam-executable-lookup.ts","15405993e0a925ab51351eaaf56c4109e04329bf3923c02531b88a5a2c45e727","15405993e0a925ab51351eaaf56c4109e04329bf3923c02531b88a5a2c45e727","UNCHANGED"
"src/core/trainer-catalog/store.ts","0a36945d40b5ab93d053bda8dde7f168743fef008e9464cc9a8ec043d2a1dd18","0a36945d40b5ab93d053bda8dde7f168743fef008e9464cc9a8ec043d2a1dd18","UNCHANGED"
"src/core/trainer-catalog/sync/hub-client.ts","595412e7ac2d989c00ad13921730274503e5264b1b8632667f352c958eae5626","595412e7ac2d989c00ad13921730274503e5264b1b8632667f352c958eae5626","UNCHANGED"
"src/core/trainer-catalog/sync/index.ts","df7cd5fd49e4fa2010e368dd586f2d25dc0f88a47649b874407170a7a05e5c37","df7cd5fd49e4fa2010e368dd586f2d25dc0f88a47649b874407170a7a05e5c37","UNCHANGED"
"src/core/trainer-catalog/sync/parse-html.ts","ffed610d31a540da43ae79b7ef63be87623b3275d2d3e0f4e1199d6c06251ea8","ffed610d31a540da43ae79b7ef63be87623b3275d2d3e0f4e1199d6c06251ea8","UNCHANGED"
"src/core/trainer-catalog/sync/remote-sync.ts","35f3a882eef8419e68ed9d22f19698ca2e84b2659617d47bba9dced527e4c358","35f3a882eef8419e68ed9d22f19698ca2e84b2659617d47bba9dced527e4c358","UNCHANGED"
"src/core/trainer-catalog/sync/sources.ts","c735bad531f0dc49d81843b5b515254bfaaeae1b16d78464dc0f0921a8cfea8e","c735bad531f0dc49d81843b5b515254bfaaeae1b16d78464dc0f0921a8cfea8e","UNCHANGED"
"src/core/trainer-catalog/types.ts","d172e928d6a842383c11a5c7e960dcae10e329efd309b5a548a398739f532807","d172e928d6a842383c11a5c7e960dcae10e329efd309b5a548a398739f532807","UNCHANGED"
"src/core/trainer-deck/build-deck-rows.ts","ee12fb9bf0e4c0d2e519a80f57c971377b4dc6aa38ae5f3fa18f6a2883bf2df8","ee12fb9bf0e4c0d2e519a80f57c971377b4dc6aa38ae5f3fa18f6a2883bf2df8","UNCHANGED"
"src/core/trainer-health/index.ts","67aed689824a7a46565b9cefcfffdd61142ae117a9e902bf58f9a485db71432d","67aed689824a7a46565b9cefcfffdd61142ae117a9e902bf58f9a485db71432d","UNCHANGED"
"src/core/trainer-host/host-entry.ts","67eb2f59d9cc63954e2bf0304b061091d93fb7ed7e227504dae570fd3c7ea1fa","67eb2f59d9cc63954e2bf0304b061091d93fb7ed7e227504dae570fd3c7ea1fa","UNCHANGED"
"src/core/trainer-host/host-runtime.ts","708cfc883e743e2fa15dcf31756a580d8aecc92d251c55e35a1f827abad15838","708cfc883e743e2fa15dcf31756a580d8aecc92d251c55e35a1f827abad15838","UNCHANGED"
"src/core/trainer-host/host-supervisor.ts","18fcb09f8e6f2b38c4f1cac3f8844c16b5213cc15e208e964a46348d110f88cb","18fcb09f8e6f2b38c4f1cac3f8844c16b5213cc15e208e964a46348d110f88cb","UNCHANGED"
"src/core/trainer-host/index.ts","81b2f89f0a29e1738105a70d01be410f834efb7a3cf08dde4bec615413157d27","81b2f89f0a29e1738105a70d01be410f834efb7a3cf08dde4bec615413157d27","UNCHANGED"
"src/core/trainer-host/protocol.ts","632f82c0084e0a139be36f11c8a07bf09c83b84f784328b58699f007f8c537cd","632f82c0084e0a139be36f11c8a07bf09c83b84f784328b58699f007f8c537cd","UNCHANGED"
"src/core/trainer-host/read-save-field.ts","cd1d05286f9b7b954f5e552055ca5e6272f86044960abfe793feac97bc18cefa","cd1d05286f9b7b954f5e552055ca5e6272f86044960abfe793feac97bc18cefa","UNCHANGED"
"src/core/trainer-host/trainer-control-schema.ts","c998db8f4ec01644905c76d8cd354354f24533971d5b2b153e421d529a875cc5","c998db8f4ec01644905c76d8cd354354f24533971d5b2b153e421d529a875cc5","UNCHANGED"
"src/core/trainer-host/write-save-field.ts","81dd69bad7f76176a9790322402d96c22187315a5ab8adb7d297c4811bb9d199","81dd69bad7f76176a9790322402d96c22187315a5ab8adb7d297c4811bb9d199","UNCHANGED"
"src/core/trainer-research/ct-export.ts","c54e0b00cf67a5d4818b70a0b1018a1b4d36635756e06bdddd5fc40f15e7ed6b","c54e0b00cf67a5d4818b70a0b1018a1b4d36635756e06bdddd5fc40f15e7ed6b","UNCHANGED"
"src/core/trainer-research/index.ts","0fa02209ce513da2ded26081089b6a86190d65c450f0a6ffbdf39ccff88d9ef1","0fa02209ce513da2ded26081089b6a86190d65c450f0a6ffbdf39ccff88d9ef1","UNCHANGED"
"src/core/trainer-research/pe-analyzer.ts","a9aa69c056e9f1a52c3c5a348c09a897668a6d0b383e5b914c5534db4274c3e7","a9aa69c056e9f1a52c3c5a348c09a897668a6d0b383e5b914c5534db4274c3e7","UNCHANGED"
"src/core/trainer-research/schema-draft.ts","f10405a97e27070033ae53d190531f9bc4d3e587675eef58856f53205c4a06f1","f10405a97e27070033ae53d190531f9bc4d3e587675eef58856f53205c4a06f1","UNCHANGED"
"src/core/trainer-research/types.ts","e4b316099f1b5be7c770d1fd5a0ed19aff5b3d915667b9ed5cbdd7e66c2154b6","e4b316099f1b5be7c770d1fd5a0ed19aff5b3d915667b9ed5cbdd7e66c2154b6","UNCHANGED"
"src/core/trainer/index.ts","0e1801e0635b6fe30a3e299e3a21cfbc19db838e3bd3626a88473281726cf639","0e1801e0635b6fe30a3e299e3a21cfbc19db838e3bd3626a88473281726cf639","UNCHANGED"
"src/core/ue-research/dumpspace-import.ts","decffe0ea9127b74b5fc0c14289178b0e45a89dbd355c553829dd158292d4203","decffe0ea9127b74b5fc0c14289178b0e45a89dbd355c553829dd158292d4203","UNCHANGED"
"src/core/ue-research/index.ts","998e26aecea58a550c3f8322b9f757dca6d5676dcabbe151ba3dba94d0c236cb","998e26aecea58a550c3f8322b9f757dca6d5676dcabbe151ba3dba94d0c236cb","UNCHANGED"
"src/core/ue-research/research-merge.ts","dba0ee36b1ae054ba4c2ab40bd300c367ec128e27de9870e42347d0bc769fc8b","dba0ee36b1ae054ba4c2ab40bd300c367ec128e27de9870e42347d0bc769fc8b","UNCHANGED"
"src/core/ue-research/types.ts","c0fe1c627fcf2e7f4a08e03b2a89e325920a02ca281e32d47f0648faf94bd91c","c0fe1c627fcf2e7f4a08e03b2a89e325920a02ca281e32d47f0648faf94bd91c","UNCHANGED"
"src/core/v2/lifecycle-wiring.ts","53b7914680177d7f8277cff3d1fb72e92c7f4b5f23c855b61e9f68054b6f2b03","53b7914680177d7f8277cff3d1fb72e92c7f4b5f23c855b61e9f68054b6f2b03","UNCHANGED"
"src/core/v2/lifecycle/evaluator.ts","ec2b0d45ef66db73508eeb002edbf19af0b64e97979fa93e50946e028b05a8c6","ec2b0d45ef66db73508eeb002edbf19af0b64e97979fa93e50946e028b05a8c6","UNCHANGED"
"src/core/v2/lifecycle/timeline.ts","e67a79ebac34c785e31bb3922cbba0ecc14ec6433e47eeb0da3105d2a48aeec5","e67a79ebac34c785e31bb3922cbba0ecc14ec6433e47eeb0da3105d2a48aeec5","UNCHANGED"
"src/core/v2/lifecycle/types.ts","487d5c397d2da9995b805d82fba76b2fa1d85d572fc9c9c08c126ba8800f2988","487d5c397d2da9995b805d82fba76b2fa1d85d572fc9c9c08c126ba8800f2988","UNCHANGED"
"src/core/v2/observers/command-runner.ts","5619b8c129c01afa20dd640f2cf6ad7f20845a6d2de47bc91717f1b0e5945800","5619b8c129c01afa20dd640f2cf6ad7f20845a6d2de47bc91717f1b0e5945800","UNCHANGED"
"src/core/v2/observers/endpoint-observer.ts","0426cb5c0b5233af419afbf18028fb9d468eebba81c806c60b15edb8ae50689c","0426cb5c0b5233af419afbf18028fb9d468eebba81c806c60b15edb8ae50689c","UNCHANGED"
"src/core/v2/observers/marker-observer.ts","9edbfd864d0255ab476aa6e9b4b5880c4ffea8027b192346ca00bc37b06c343c","9edbfd864d0255ab476aa6e9b4b5880c4ffea8027b192346ca00bc37b06c343c","UNCHANGED"
"src/core/v2/observers/process-observer.ts","6b78a8541cbeea362bfb30f6d1e754aa357c576bd2233df64a053f9305dde00b","6b78a8541cbeea362bfb30f6d1e754aa357c576bd2233df64a053f9305dde00b","UNCHANGED"
"src/core/v2/session-monitor.ts","27331a17ce3d42a574843a9bcc85976592f4f6c85320a72c3aba0198aed3819f","27331a17ce3d42a574843a9bcc85976592f4f6c85320a72c3aba0198aed3819f","UNCHANGED"
"src/index.tsx","9fac87f6143b60941e46de73a56878c7b3398dae600c58b1448600fc4a102546","9fac87f6143b60941e46de73a56878c7b3398dae600c58b1448600fc4a102546","UNCHANGED"
"src/shared/app-paths.ts","63677c905251e0f31f90f1c73fb47e682b1ffa94ad5007cfaf758926d4548311","63677c905251e0f31f90f1c73fb47e682b1ffa94ad5007cfaf758926d4548311","UNCHANGED"
"src/shared/constants/index.ts","af94957687337e5fec8e66d360aecbf5cfac1842308e334786d4225f0646de8e","af94957687337e5fec8e66d360aecbf5cfac1842308e334786d4225f0646de8e","UNCHANGED"
"src/shared/ids.ts","fa915d6483e898011c73c1d4c65a2c1fa4762fc011b462e77e5974ca82a22946","fa915d6483e898011c73c1d4c65a2c1fa4762fc011b462e77e5974ca82a22946","UNCHANGED"
"src/shared/types/index.ts","e05d276255e7ac8e838864193d1f8d3e90973b56cd50eb8077240f69831dec37","e05d276255e7ac8e838864193d1f8d3e90973b56cd50eb8077240f69831dec37","UNCHANGED"
"src/types/global.d.ts","5181057041fc2b7bbf2265e7351838bd4b8aa2da3a7f7c7c25fb31e116c9ff47","5181057041fc2b7bbf2265e7351838bd4b8aa2da3a7f7c7c25fb31e116c9ff47","UNCHANGED"
"src/vite-env.d.ts","65996936fbb042915f7b74a200fcdde7e410f32a669b1ab9597cfaa4b0faddb5","65996936fbb042915f7b74a200fcdde7e410f32a669b1ab9597cfaa4b0faddb5","UNCHANGED"
"tests/accessibility.e2e.test.ts","0ca9dd50960bd284a078eb073cbb4d987d14ffeffc0ed03c2109a9bd9128fba4","0ca9dd50960bd284a078eb073cbb4d987d14ffeffc0ed03c2109a9bd9128fba4","UNCHANGED"
"tests/add-game-integration.test.ts","703d1690eabd956c6bea9d7ef90a9646669fad53b123be2d3da674dda9eb0998","703d1690eabd956c6bea9d7ef90a9646669fad53b123be2d3da674dda9eb0998","UNCHANGED"
"tests/aob-parser.test.ts","b59c93ffdc97779929161e91149ffbc1a7c6b5c4447319ddf78ed1e273a9931a","b59c93ffdc97779929161e91149ffbc1a7c6b5c4447319ddf78ed1e273a9931a","UNCHANGED"
"tests/aob-repair-analyzer.test.ts","f2d5293f8ce996962c7db3f359474719a4b07fd01253d23817aa28bcd40adf75","f2d5293f8ce996962c7db3f359474719a4b07fd01253d23817aa28bcd40adf75","UNCHANGED"
"tests/backups-dashboard.test.ts","511a68918b778eedb1b434525c1b83bf5f7507d394e5ae9a93cddb1c26e460c8","511a68918b778eedb1b434525c1b83bf5f7507d394e5ae9a93cddb1c26e460c8","UNCHANGED"
"tests/backups/avowed-wingdk.test.ts","eeb73253b2d85eece472e192ed530deda4d73194117f7accaba0a8c301af534b","eeb73253b2d85eece472e192ed530deda4d73194117f7accaba0a8c301af534b","UNCHANGED"
"tests/binary-field-proposal.test.ts","06c95397992570b2327ab1866cae05f88d0602a42f26111bda66f44732ba9f42","06c95397992570b2327ab1866cae05f88d0602a42f26111bda66f44732ba9f42","UNCHANGED"
"tests/binary-save-field.test.ts","a211f3cd4ffccbdb2e5021d39e67232eeb590f1a3e77d4220d9ab57d28affa3e","a211f3cd4ffccbdb2e5021d39e67232eeb590f1a3e77d4220d9ab57d28affa3e","UNCHANGED"
"tests/binary-save-formats.test.ts","e3c1649e925bbb82fc0544dfc775e2fa20a6f7b1889d33f5df376e3d1cf9373a","e3c1649e925bbb82fc0544dfc775e2fa20a6f7b1889d33f5df376e3d1cf9373a","UNCHANGED"
"tests/binary-save-research.test.ts","8995c07bb3502221a0bce55c7b46a3407d48d3e3c32f31ff9a5c3455e0e57cf3","8995c07bb3502221a0bce55c7b46a3407d48d3e3c32f31ff9a5c3455e0e57cf3","UNCHANGED"
"tests/browser-fallback.e2e.test.ts","8cbfe763959f0f6290982e89f09103e96e17ebee95c6f2b7f9b6bd1002ae2ee4","8cbfe763959f0f6290982e89f09103e96e17ebee95c6f2b7f9b6bd1002ae2ee4","UNCHANGED"
"tests/bundled-definition-seed.test.ts","4dceb419110b177b04da80b607527280abdb6b8494340e6bd3775db744701c8a","4dceb419110b177b04da80b607527280abdb6b8494340e6bd3775db744701c8a","UNCHANGED"
"tests/catalog-definition-export.test.ts","88b0b5f354d180259b3be5bfc0d35bef42ae19f01cc96772e9a3a2c8b091bca9","88b0b5f354d180259b3be5bfc0d35bef42ae19f01cc96772e9a3a2c8b091bca9","UNCHANGED"
"tests/catalog-demand.test.ts","f51d73e855d3a2b659bf63e80be1f3ec746157a247bc1748100180e401424ea4","f51d73e855d3a2b659bf63e80be1f3ec746157a247bc1748100180e401424ea4","UNCHANGED"
"tests/ce-enrichment.test.ts","befabc27150e8724ffcb15bf2719b580538f55ca532e9c6371df3913dcb00ace","befabc27150e8724ffcb15bf2719b580538f55ca532e9c6371df3913dcb00ace","UNCHANGED"
"tests/cheat-hotkey-slots.test.ts","c651002fb869d366961ade0d8a258b8dd07d5650bbb0b15d7bab54bfde5d091b","c651002fb869d366961ade0d8a258b8dd07d5650bbb0b15d7bab54bfde5d091b","UNCHANGED"
"tests/cheat-toggle-store.test.ts","eb80aebd802ed960783364e847195307e44b8f284a4b2ee729a3cc1da2c6385e","eb80aebd802ed960783364e847195307e44b8f284a4b2ee729a3cc1da2c6385e","UNCHANGED"
"tests/command-runner.test.ts","3ec1666fa2b512e775546280883edeb44cd8e3c04beece4b50432f71776d5c3f","3ec1666fa2b512e775546280883edeb44cd8e3c04beece4b50432f71776d5c3f","UNCHANGED"
"tests/community-sync-orchestrator.test.ts","3f542871b38ff26d5c61741907dd2908a3da4ace0540f2c5aa30b7a874c9cd3a","3f542871b38ff26d5c61741907dd2908a3da4ace0540f2c5aa30b7a874c9cd3a","UNCHANGED"
"tests/community-trust.test.ts","152f4d10c80f26c7a5aa4f216be7c634f66b072e4eed70cc8df2d1c41e1750ba","152f4d10c80f26c7a5aa4f216be7c634f66b072e4eed70cc8df2d1c41e1750ba","UNCHANGED"
"tests/companion-wisp.test.ts","b726721b06b9b406db063e65ee7e1301af9d7adb3aaf8a7933f8988f31dd0cee","b726721b06b9b406db063e65ee7e1301af9d7adb3aaf8a7933f8988f31dd0cee","UNCHANGED"
"tests/consent-write-artifact.test.ts","8bcecbe7a7dd1370375d7bc108e881b436eaa96e39c0a871aa0ca56aab5da10c","8bcecbe7a7dd1370375d7bc108e881b436eaa96e39c0a871aa0ca56aab5da10c","UNCHANGED"
"tests/core.test.ts","c42297280acb44f5c51f72bbf09bf21f79dc25b4a3889c66e0846435c98f14b4","c42297280acb44f5c51f72bbf09bf21f79dc25b4a3889c66e0846435c98f14b4","UNCHANGED"
"tests/csp-static.test.ts","5cb9693fb81e800b9025dd9763c3bfc83df83dca84da3de239786218b451e758","5cb9693fb81e800b9025dd9763c3bfc83df83dca84da3de239786218b451e758","UNCHANGED"
"tests/ct-compiler.test.ts","590702d4f6e4e68afc3f0af99c66c46f056512b931b5cc3fad61a8c9e8a41934","590702d4f6e4e68afc3f0af99c66c46f056512b931b5cc3fad61a8c9e8a41934","UNCHANGED"
"tests/ct-import-state.test.ts","f7e9ccb2d3bb7e44f947b0d647f768aed47de9f128c339e9a5aed3a73f08f424","f7e9ccb2d3bb7e44f947b0d647f768aed47de9f128c339e9a5aed3a73f08f424","UNCHANGED"
"tests/ct-import.test.ts","2893e8620562e19466b6c2c85b5a31acc5e9c3fc69096676706900a3af310828","2893e8620562e19466b6c2c85b5a31acc5e9c3fc69096676706900a3af310828","UNCHANGED"
"tests/ct-library-search.test.ts","23b63df9789a78249ab0ba0568834150c5ac424cbb619e8a23514745d84fb6af","23b63df9789a78249ab0ba0568834150c5ac424cbb619e8a23514745d84fb6af","UNCHANGED"
"tests/ct-library.test.ts","90f10f6070115c6332e6d2a21657472e2db18a206d61fdf157c105ef0dfc1fec","90f10f6070115c6332e6d2a21657472e2db18a206d61fdf157c105ef0dfc1fec","UNCHANGED"
"tests/ct-metadata.test.ts","1a86edca1cfecf3532870a885b48da8e5d0b1ecc70a807a1830f5ae9e092f168","1a86edca1cfecf3532870a885b48da8e5d0b1ecc70a807a1830f5ae9e092f168","UNCHANGED"
"tests/ct-preview-receipt.test.ts","4cc29709ba71ce2014f8a1e980d2915abd834c37a1373ab995f5728f73759466","4cc29709ba71ce2014f8a1e980d2915abd834c37a1373ab995f5728f73759466","UNCHANGED"
"tests/ct-registry.test.ts","9838390f51ac1d60239c12d101482a52d4bac91a7e67a6d6ba376244182c8d1c","9838390f51ac1d60239c12d101482a52d4bac91a7e67a6d6ba376244182c8d1c","UNCHANGED"
"tests/ct-zip-electron-bridge.test.ts","d9951688aa67625b83647bbde9ee89935ab43d4ee6b3d629c708a51ad8f33077","d9951688aa67625b83647bbde9ee89935ab43d4ee6b3d629c708a51ad8f33077","UNCHANGED"
"tests/definitions-compile.v1.test.ts","651ddb762fdbd79965f03c47feb849c91df8aad3238ea37cc72082c5e88dc91c","651ddb762fdbd79965f03c47feb849c91df8aad3238ea37cc72082c5e88dc91c","UNCHANGED"
"tests/definitions-export.v1.test.ts","2c2b719b36f7e81b9086ee9da241dd4e1def5228adf5e83deeb7e2c6bfb4cc87","2c2b719b36f7e81b9086ee9da241dd4e1def5228adf5e83deeb7e2c6bfb4cc87","UNCHANGED"
"tests/definitions-schema.v1.test.ts","e591980ad8af6c447e891efe4a2b0ea4c12a647479c41159c3cc3e9400477932","e591980ad8af6c447e891efe4a2b0ea4c12a647479c41159c3cc3e9400477932","UNCHANGED"
"tests/definitions-trainer-controls.v1.test.ts","dc70901610142231fef635b4ad1abb403d1a3b74b0fd87bcf679539bfeff0d14","dc70901610142231fef635b4ad1abb403d1a3b74b0fd87bcf679539bfeff0d14","UNCHANGED"
"tests/delete-game.test.ts","d5f1881894a0c0a2ccc60bf57122999512aa68295bfaf0c2120e5c3621e4e0ac","d5f1881894a0c0a2ccc60bf57122999512aa68295bfaf0c2120e5c3621e4e0ac","UNCHANGED"
"tests/delta-engine.test.ts","b270cf241f8f77dfa0badf01d4918c863bec81e07d594d55c47818d3524de96f","b270cf241f8f77dfa0badf01d4918c863bec81e07d594d55c47818d3524de96f","UNCHANGED"
"tests/dependency-security-overrides.test.ts","801f5861cb3d5ac2a30446e1b4ce8d6073a96e9ea9eddb8e8e37effc26e7e33f","801f5861cb3d5ac2a30446e1b4ce8d6073a96e9ea9eddb8e8e37effc26e7e33f","UNCHANGED"
"tests/discovery.test.ts","6af1dd0dc8129c7215b1f1c48a60e49dd4a549ad17e578c668f3b9fdfaea8415","6af1dd0dc8129c7215b1f1c48a60e49dd4a549ad17e578c668f3b9fdfaea8415","UNCHANGED"
"tests/drill-core-settings.test.ts","9b7938de9553bebc1760e0a3ca1a840473cf677eac5fb1ceeff6c3f6ad25468e","9b7938de9553bebc1760e0a3ca1a840473cf677eac5fb1ceeff6c3f6ad25468e","UNCHANGED"
"tests/electron-boundary-static.test.ts","cd225a1bd734fcd4275214e8e0ccb8d950356d7673d8a03cb0239b57fdf70735","cd225a1bd734fcd4275214e8e0ccb8d950356d7673d8a03cb0239b57fdf70735","UNCHANGED"
"tests/electron-consent-boundary.e2e.test.ts","ff93e3b1153b98b5f06998c97ebb1393210eb3da78c783a1858220983be81cbc","ff93e3b1153b98b5f06998c97ebb1393210eb3da78c783a1858220983be81cbc","UNCHANGED"
"tests/electron.e2e.test.ts","753131144d7b2f15cc2b62fbd3a8f255501b56b9117a80a8931b7cea488a2d75","753131144d7b2f15cc2b62fbd3a8f255501b56b9117a80a8931b7cea488a2d75","UNCHANGED"
"tests/electron.smoke.test.ts","a1460da57355f0a69bd49cf2ebc30492a42ac13b4b81778d7643821547d29039","a1460da57355f0a69bd49cf2ebc30492a42ac13b4b81778d7643821547d29039","UNCHANGED"
"tests/failure-injection.test.ts","8590b8dcfaa96bbc7024aa3569fc8f066ffd85d68ddef3c71f2c221792c04b6f","8590b8dcfaa96bbc7024aa3569fc8f066ffd85d68ddef3c71f2c221792c04b6f","UNCHANGED"
"tests/feature-candidates.test.ts","c291201d051d94ba9c4bd1dacab5a001ac6a57acf31b9a21fcb065c737046ecd","c291201d051d94ba9c4bd1dacab5a001ac6a57acf31b9a21fcb065c737046ecd","UNCHANGED"
"tests/fixtures/discovery-test/game/player_save.json","269cb1a4e497525453ca71f6b840bfa855ae716d4068c6abafd41754fcc82e55","269cb1a4e497525453ca71f6b840bfa855ae716d4068c6abafd41754fcc82e55","UNCHANGED"
"tests/fixtures/drill-core-settings.fixture.json","52002bad79bb271df5dc62407284fdc63d063b42f1c16eb4dbff352dd906fe06","52002bad79bb271df5dc62407284fdc63d063b42f1c16eb4dbff352dd906fe06","UNCHANGED"
"tests/fixtures/epic-game/Hades2.bin","e3b0c44298fc1c149afbf4c8996fb92427ae41e4649b934ca495991b7852b855","e3b0c44298fc1c149afbf4c8996fb92427ae41e4649b934ca495991b7852b855","UNCHANGED"
"tests/fixtures/epic-manifests/Hades2.item","ae66a630110072245f6fd90af881f94a942348822c7f51d55cf39730a363bb7e","ae66a630110072245f6fd90af881f94a942348822c7f51d55cf39730a363bb7e","UNCHANGED"
"tests/fixtures/fake-memory-driver.ts","aa21765d1b47a4cdaf9120608ff1caf74015d5a381c9c4823b3d51a7eeb8df7a","aa21765d1b47a4cdaf9120608ff1caf74015d5a381c9c4823b3d51a7eeb8df7a","UNCHANGED"
"tests/fixtures/gate2-2-memory-fixture/bin/Release/net9.0/Gate2_2Fixture.deps.json","00fab3e173d565c50c2dbf2714f02f06d94926e0466ad91fb234e6f7dc375a48","00fab3e173d565c50c2dbf2714f02f06d94926e0466ad91fb234e6f7dc375a48","UNCHANGED"
"tests/fixtures/gate2-2-memory-fixture/bin/Release/net9.0/Gate2_2Fixture.dll","a38cd95af5ec7867c275604fa076e996c2350eaf1cbd4ea15fc2f24e6354893f","a38cd95af5ec7867c275604fa076e996c2350eaf1cbd4ea15fc2f24e6354893f","UNCHANGED"
"tests/fixtures/gate2-2-memory-fixture/bin/Release/net9.0/Gate2_2Fixture.pdb","92a0ac80a22aea5a8fb351ca87f696a8383a3476c3b0ddc814f2f0caebf9dab3","92a0ac80a22aea5a8fb351ca87f696a8383a3476c3b0ddc814f2f0caebf9dab3","UNCHANGED"
"tests/fixtures/gate2-2-memory-fixture/bin/Release/net9.0/Gate2_2Fixture.runtimeconfig.json","86f305aced9638bcf63e9ed062b33bd4b51ede05e37bbdec2ea3eb782a606483","86f305aced9638bcf63e9ed062b33bd4b51ede05e37bbdec2ea3eb782a606483","UNCHANGED"
"tests/fixtures/gate2-2-memory-fixture/Gate2_2Fixture.csproj","01bd5d3175055bd1581c7a153cf6eae6f5015dc2d75ad9336d33e343963708d1","01bd5d3175055bd1581c7a153cf6eae6f5015dc2d75ad9336d33e343963708d1","UNCHANGED"
"tests/fixtures/gate2-2-memory-fixture/obj/Gate2_2Fixture.csproj.nuget.dgspec.json","40dca75249c2ab5c034909627ec6223abfb7127aa7e12cfe39273040869f12e5","40dca75249c2ab5c034909627ec6223abfb7127aa7e12cfe39273040869f12e5","UNCHANGED"
"tests/fixtures/gate2-2-memory-fixture/obj/Gate2_2Fixture.csproj.nuget.g.props","f3842527f7bb367cd6492a14fb1d30387b57f8165bb4056e0651fc862f3a3dbe","f3842527f7bb367cd6492a14fb1d30387b57f8165bb4056e0651fc862f3a3dbe","UNCHANGED"
"tests/fixtures/gate2-2-memory-fixture/obj/Gate2_2Fixture.csproj.nuget.g.targets","971cc9b535384849b5c661d776cd7a80833a416265e32e8968e06c367368b8b5","971cc9b535384849b5c661d776cd7a80833a416265e32e8968e06c367368b8b5","UNCHANGED"
"tests/fixtures/gate2-2-memory-fixture/obj/project.assets.json","aedbe0701600da9b583e5ae74bf24908eeb45516a83aea1e06a19b181ad72632","aedbe0701600da9b583e5ae74bf24908eeb45516a83aea1e06a19b181ad72632","UNCHANGED"
"tests/fixtures/gate2-2-memory-fixture/obj/project.nuget.cache","ca7add8b6334f4e8ba70a6ec7ffb78e141b77edde9c4ac5a113aaa56159e07d2","ca7add8b6334f4e8ba70a6ec7ffb78e141b77edde9c4ac5a113aaa56159e07d2","UNCHANGED"
"tests/fixtures/gate2-2-memory-fixture/obj/Release/net9.0/.NETCoreApp,Version=v9.0.AssemblyAttributes.cs","9e76499c4e5cb623ad4889eaa99b1a53d9c970efcf902d8b096e78a19ee4285d","9e76499c4e5cb623ad4889eaa99b1a53d9c970efcf902d8b096e78a19ee4285d","UNCHANGED"
"tests/fixtures/gate2-2-memory-fixture/obj/Release/net9.0/Gate2_2Fixture.AssemblyInfo.cs","b2e143822514f14820f8af2f5fc3b4c00ae5372feee3d1abd947a93b36264281","b2e143822514f14820f8af2f5fc3b4c00ae5372feee3d1abd947a93b36264281","UNCHANGED"
"tests/fixtures/gate2-2-memory-fixture/obj/Release/net9.0/Gate2_2Fixture.AssemblyInfoInputs.cache","b5a294c0d97a535a2fe9d60d3f766b6006dc14a3eb0325cb733d66094932aa12","b5a294c0d97a535a2fe9d60d3f766b6006dc14a3eb0325cb733d66094932aa12","UNCHANGED"
"tests/fixtures/gate2-2-memory-fixture/obj/Release/net9.0/Gate2_2Fixture.assets.cache","46df66d1898edefb7231464547c7f2f3615184ddae38ead10b4ba9ae4ace1f4b","46df66d1898edefb7231464547c7f2f3615184ddae38ead10b4ba9ae4ace1f4b","UNCHANGED"
"tests/fixtures/gate2-2-memory-fixture/obj/Release/net9.0/Gate2_2Fixture.csproj.CoreCompileInputs.cache","d1e1cdebce820d649c73367ae6f4f21a8b21e9dcfb91c24064d70f89fb54a564","d1e1cdebce820d649c73367ae6f4f21a8b21e9dcfb91c24064d70f89fb54a564","UNCHANGED"
"tests/fixtures/gate2-2-memory-fixture/obj/Release/net9.0/Gate2_2Fixture.csproj.FileListAbsolute.txt","bc7c3877c7b834c875a53d50aa8d970a429b8efeecc1ea94181f8ecadb365f79","bc7c3877c7b834c875a53d50aa8d970a429b8efeecc1ea94181f8ecadb365f79","UNCHANGED"
"tests/fixtures/gate2-2-memory-fixture/obj/Release/net9.0/Gate2_2Fixture.dll","a38cd95af5ec7867c275604fa076e996c2350eaf1cbd4ea15fc2f24e6354893f","a38cd95af5ec7867c275604fa076e996c2350eaf1cbd4ea15fc2f24e6354893f","UNCHANGED"
"tests/fixtures/gate2-2-memory-fixture/obj/Release/net9.0/Gate2_2Fixture.GeneratedMSBuildEditorConfig.editorconfig","653acc5681947ef7aaffd31245d204d2527fa3b96b605ccb153b26ad8567a015","653acc5681947ef7aaffd31245d204d2527fa3b96b605ccb153b26ad8567a015","UNCHANGED"
"tests/fixtures/gate2-2-memory-fixture/obj/Release/net9.0/Gate2_2Fixture.genruntimeconfig.cache","34b4a083d4eb2ffcdfe672cf82d493b3f2ccfb588f18b8567fc99ecd99d3ec61","34b4a083d4eb2ffcdfe672cf82d493b3f2ccfb588f18b8567fc99ecd99d3ec61","UNCHANGED"
"tests/fixtures/gate2-2-memory-fixture/obj/Release/net9.0/Gate2_2Fixture.GlobalUsings.g.cs","f3f134e9e825e3e7268090f58b1af2bda2de513f61a09c56f48b9b8d08612abc","f3f134e9e825e3e7268090f58b1af2bda2de513f61a09c56f48b9b8d08612abc","UNCHANGED"
"tests/fixtures/gate2-2-memory-fixture/obj/Release/net9.0/Gate2_2Fixture.pdb","92a0ac80a22aea5a8fb351ca87f696a8383a3476c3b0ddc814f2f0caebf9dab3","92a0ac80a22aea5a8fb351ca87f696a8383a3476c3b0ddc814f2f0caebf9dab3","UNCHANGED"
"tests/fixtures/gate2-2-memory-fixture/obj/Release/net9.0/Gate2_2Fixture.sourcelink.json","56d1b5d43ea1e46c8492d12d9bc026004493f93bde4f08427500f00176df0646","56d1b5d43ea1e46c8492d12d9bc026004493f93bde4f08427500f00176df0646","UNCHANGED"
"tests/fixtures/gate2-2-memory-fixture/obj/Release/net9.0/ref/Gate2_2Fixture.dll","801fee9c2d7e7ef3e9e4bdb8a90464946e78cbeeefa6aa36e116afb602a50103","801fee9c2d7e7ef3e9e4bdb8a90464946e78cbeeefa6aa36e116afb602a50103","UNCHANGED"
"tests/fixtures/gate2-2-memory-fixture/obj/Release/net9.0/refint/Gate2_2Fixture.dll","801fee9c2d7e7ef3e9e4bdb8a90464946e78cbeeefa6aa36e116afb602a50103","801fee9c2d7e7ef3e9e4bdb8a90464946e78cbeeefa6aa36e116afb602a50103","UNCHANGED"
"tests/fixtures/gate2-2-memory-fixture/Program.cs","f555fc19d934d509e85e77195fe0ca759154dae76fd19213bbbd6868b3a0336a","f555fc19d934d509e85e77195fe0ca759154dae76fd19213bbbd6868b3a0336a","UNCHANGED"
"tests/fixtures/gog-game/DemoGame.bin","e3b0c44298fc1c149afbf4c8996fb92427ae41e4649b934ca495991b7852b855","e3b0c44298fc1c149afbf4c8996fb92427ae41e4649b934ca495991b7852b855","UNCHANGED"
"tests/fixtures/gog-games.json","f9f36e934929af1205d185938f315614bb834e00982c3b4b0f07bd3060b7774b","f9f36e934929af1205d185938f315614bb834e00982c3b4b0f07bd3060b7774b","UNCHANGED"
"tests/fixtures/parsers/binary/after.dat","28f72b16d676660094875cc29c86f20972390eae02dde139a03c2cf6b084a0cb","28f72b16d676660094875cc29c86f20972390eae02dde139a03c2cf6b084a0cb","UNCHANGED"
"tests/fixtures/parsers/binary/before.dat","25c95b02414c1ca7ebce0c076891d67ca3ea7df8683af856e33ad791424fe3e3","25c95b02414c1ca7ebce0c076891d67ca3ea7df8683af856e33ad791424fe3e3","UNCHANGED"
"tests/fixtures/parsers/csv/multiline/multiline.csv","9a62fdb8de79ac67d2ccce36ca9bae0d441092ca6e92f4bdb9bcb9d0751b455c","9a62fdb8de79ac67d2ccce36ca9bae0d441092ca6e92f4bdb9bcb9d0751b455c","UNCHANGED"
"tests/fixtures/parsers/csv/quoted/quoted.csv","cf77c1ec81d0b792ffd3d0868eb91b315992a0233117772baba5032d6fbf5e03","cf77c1ec81d0b792ffd3d0868eb91b315992a0233117772baba5032d6fbf5e03","UNCHANGED"
"tests/fixtures/parsers/csv/valid/weapons.csv","4e0956b9fa463d7d10ad3aef6213abd1092dbe7eca63f591cdcc62739d6ba92f","4e0956b9fa463d7d10ad3aef6213abd1092dbe7eca63f591cdcc62739d6ba92f","UNCHANGED"
"tests/fixtures/parsers/ini/comments/comments.ini","22adf3dc4924a2d0e3de60864fa906001a87998dfedee141c9575bde1022aad6","22adf3dc4924a2d0e3de60864fa906001a87998dfedee141c9575bde1022aad6","UNCHANGED"
"tests/fixtures/parsers/ini/duplicates/dupes.ini","92926f8742416e7bbc22d2d7a91c235346d6ac6a23f89625d37320099fc6a5f9","92926f8742416e7bbc22d2d7a91c235346d6ac6a23f89625d37320099fc6a5f9","UNCHANGED"
"tests/fixtures/parsers/ini/valid/settings.ini","53950e5c7a1cd7172324fd709b27eaf41891efe7be22d67e84714736ae899c39","53950e5c7a1cd7172324fd709b27eaf41891efe7be22d67e84714736ae899c39","UNCHANGED"
"tests/fixtures/parsers/json/bom/bom.json","ed36e3e28acf00941e545f40ce428c810d5a3ae93641114bce5321087ea1d1cc","ed36e3e28acf00941e545f40ce428c810d5a3ae93641114bce5321087ea1d1cc","UNCHANGED"
"tests/fixtures/parsers/json/comments/comments.json","353741be6f3ce46fcb77c579df75c7666a557f03ccfab1f4a340e291db97d22d","353741be6f3ce46fcb77c579df75c7666a557f03ccfab1f4a340e291db97d22d","UNCHANGED"
"tests/fixtures/parsers/json/invalid/bad.json","c0529923fab3a06b01c812dc286f9aae1743852387a8b0d618fb96c5aa85a7df","c0529923fab3a06b01c812dc286f9aae1743852387a8b0d618fb96c5aa85a7df","UNCHANGED"
"tests/fixtures/parsers/json/valid/save.json","ed48b993296be4ec2464a32b91e4f16a077e79ba5b08bf7d3b07fee34d6a1597","ed48b993296be4ec2464a32b91e4f16a077e79ba5b08bf7d3b07fee34d6a1597","UNCHANGED"
"tests/fixtures/parsers/lua/safe/table.lua","675e82072a0acdd25b70d5c0abd971822263fc51b2263f47df73c81cc03dff9d","675e82072a0acdd25b70d5c0abd971822263fc51b2263f47df73c81cc03dff9d","UNCHANGED"
"tests/fixtures/parsers/lua/unsupported/dynamic.lua","9c8be543bf2f5745775569c312d344f1e2539b0fd3bb4803e73bbb558d060c0f","9c8be543bf2f5745775569c312d344f1e2539b0fd3bb4803e73bbb558d060c0f","UNCHANGED"
"tests/fixtures/parsers/text/stats.txt","20a6e0f852a2d4d18fae121295e38ef822ee239b6ab63a761add5b9f33fc0d26","20a6e0f852a2d4d18fae121295e38ef822ee239b6ab63a761add5b9f33fc0d26","UNCHANGED"
"tests/fixtures/parsers/tsv/items.tsv","f827f9c8f64822cc103b5f99b5a3174da52c09944acab242c41ae9a3635eedd8","f827f9c8f64822cc103b5f99b5a3174da52c09944acab242c41ae9a3635eedd8","UNCHANGED"
"tests/fixtures/parsers/xml/malicious/bomb.xml","5e5e5cdf8d24ac189b794c2874c9cf8f2470628dd0ac4cfaa8e7e36fd53f4603","5e5e5cdf8d24ac189b794c2874c9cf8f2470628dd0ac4cfaa8e7e36fd53f4603","UNCHANGED"
"tests/fixtures/parsers/xml/malicious/xxe.xml","2917ef1fcce5eb7dbf5b217098e702d04d3e1012db8ad740245703dcad51f9c8","2917ef1fcce5eb7dbf5b217098e702d04d3e1012db8ad740245703dcad51f9c8","UNCHANGED"
"tests/fixtures/parsers/xml/namespaces/ns.xml","c263742034023081551625768b13d81fae7dbe46a87ed0f1fc44669be71df566","c263742034023081551625768b13d81fae7dbe46a87ed0f1fc44669be71df566","UNCHANGED"
"tests/fixtures/parsers/xml/valid/save.xml","e26de630d663b046443c49f667648b78acf5bbcdb8c4274d1bdd8434c0520ff0","e26de630d663b046443c49f667648b78acf5bbcdb8c4274d1bdd8434c0520ff0","UNCHANGED"
"tests/fixtures/steam-root/steamapps/appmanifest_413150.acf","7098834a6ba5da03129cf2812bbb4a2b817a70f11eb0eea28326f62dc837fddf","7098834a6ba5da03129cf2812bbb4a2b817a70f11eb0eea28326f62dc837fddf","UNCHANGED"
"tests/fixtures/steam-root/steamapps/libraryfolders.vdf","580dea76dbd718bd9192f498965fe07df0e2e36c2d659301f76e648acb2ac2f0","580dea76dbd718bd9192f498965fe07df0e2e36c2d659301f76e648acb2ac2f0","UNCHANGED"
"tests/game-metadata-persistence.test.ts","b62945723ccb2fea112929ecca168f43c48cf6b534d44f070d8b1cc05830edd7","b62945723ccb2fea112929ecca168f43c48cf6b534d44f070d8b1cc05830edd7","UNCHANGED"
"tests/game-profile-catalog.test.ts","edbff5086f3d1dda6eb0f28e47ab7e08417c3aea2caf34cee3e59426e9dba667","edbff5086f3d1dda6eb0f28e47ab7e08417c3aea2caf34cee3e59426e9dba667","UNCHANGED"
"tests/game-profile-review.test.ts","f7d3f34bbb96352e6df1374e4d0793a8bfde924f18323855998af1eb0a4ed1db","f7d3f34bbb96352e6df1374e4d0793a8bfde924f18323855998af1eb0a4ed1db","UNCHANGED"
"tests/game-profile-support-matrix.test.ts","dac5f9c0180248f033bf61106e65f949d2af567ba85d283884ebe3c0b4e84b72","dac5f9c0180248f033bf61106e65f949d2af567ba85d283884ebe3c0b4e84b72","UNCHANGED"
"tests/game-profile.test.ts","f330aad75d13887fddd46f366178d6b039a6cdff49105660cfc397538161b2d9","f330aad75d13887fddd46f366178d6b039a6cdff49105660cfc397538161b2d9","UNCHANGED"
"tests/game-taglines.test.ts","bb38be5079f676903d0e0bc287dd4fce58089fb8adc7813b30cac6ad35104ca1","bb38be5079f676903d0e0bc287dd4fce58089fb8adc7813b30cac6ad35104ca1","UNCHANGED"
"tests/gate2-2-resume-packaged-lifecycle.e2e.test.ts","5b2ec952afeed548161ba11b76322b161283dc72221f46ea05530d6e09a28d85","5b2ec952afeed548161ba11b76322b161283dc72221f46ea05530d6e09a28d85","UNCHANGED"
"tests/gate2-2a1-packaged-real-process-write-proof.e2e.test.ts","e1bd5c012f58024b5344ed214f68c038b4c95917f22a675b0a7e9d278adc461e","e1bd5c012f58024b5344ed214f68c038b4c95917f22a675b0a7e9d278adc461e","UNCHANGED"
"tests/gate2-3-freeze-authorization-security.e2e.test.ts","b192a80be98fe5361b7142f5929551d64a082dc4721239753ea69503e878d149","b192a80be98fe5361b7142f5929551d64a082dc4721239753ea69503e878d149","UNCHANGED"
"tests/gate2-4-final-certification.e2e.test.ts","58754c14fdb201d548732d1f9b28d68119640464f9c5519270d43cdbcd3be760","58754c14fdb201d548732d1f9b28d68119640464f9c5519270d43cdbcd3be760","UNCHANGED"
"tests/headless-verification.test.ts","aabd318520de33fd67fdc94aa4dff7853bdf4ca5dc72236ca096a23fd563e352","aabd318520de33fd67fdc94aa4dff7853bdf4ca5dc72236ca096a23fd563e352","UNCHANGED"
"tests/hub-sync.test.ts","0969ef0916c9cebd293999eef335e1aa1269dc25926e71eb660bbd41de789a1a","0969ef0916c9cebd293999eef335e1aa1269dc25926e71eb660bbd41de789a1a","UNCHANGED"
"tests/in-process-script.test.ts","cf64ccad5e776faaf7eec42f28e34864ae6da585d30e93e5b2757a48b71fcaad","cf64ccad5e776faaf7eec42f28e34864ae6da585d30e93e5b2757a48b71fcaad","UNCHANGED"
"tests/ini-save-field.test.ts","94288ac38c503bc982d7d451b9a36d8ed2beb210ae05f36d2480cc5e000ac2d2","94288ac38c503bc982d7d451b9a36d8ed2beb210ae05f36d2480cc5e000ac2d2","UNCHANGED"
"tests/injector-destructive-boundary.test.ts","9f774b6cc4f23300a84fc20944a49c9dc5a529d4592d49d5cc61d27224b212e5","9f774b6cc4f23300a84fc20944a49c9dc5a529d4592d49d5cc61d27224b212e5","UNCHANGED"
"tests/injector-process-integration.test.ts","90d07c51424bfdd0d53d39327865d6e1dbfa6b84bbd214a4e836246484c7ec5d","90d07c51424bfdd0d53d39327865d6e1dbfa6b84bbd214a4e836246484c7ec5d","UNCHANGED"
"tests/install-discovery-epic-gog.test.ts","c413377ffc1d0358bb31bbddccf0e78ba98d35e4893f7ac50ed26c7e15b48e5a","c413377ffc1d0358bb31bbddccf0e78ba98d35e4893f7ac50ed26c7e15b48e5a","UNCHANGED"
"tests/install-discovery-match.test.ts","94641a6056a5687ab9954fa5b42c4c7709f63d98752d9d04818bcfa6bf149758","94641a6056a5687ab9954fa5b42c4c7709f63d98752d9d04818bcfa6bf149758","UNCHANGED"
"tests/install-discovery-steam.test.ts","3cec8ffbd2171251b430783f85977b114c115c957eb40e1bf7fbf02f64e5ead1","3cec8ffbd2171251b430783f85977b114c115c957eb40e1bf7fbf02f64e5ead1","UNCHANGED"
"tests/installed-game-identity.test.ts","ad0a5490676751c69194a9f275695e75744d608ba65c00f65b956d67e90a1aa2","ad0a5490676751c69194a9f275695e75744d608ba65c00f65b956d67e90a1aa2","UNCHANGED"
"tests/ipc-channels.e2e.test.ts","32124285df494675a8771211d4fc1b977aa1cbd6e6ac6f435b4defd7191fdd80","32124285df494675a8771211d4fc1b977aa1cbd6e6ac6f435b4defd7191fdd80","UNCHANGED"
"tests/ipc-save-path-approval.test.ts","8d30f50eee7274aad315a29c0b077f7982a5ca7114649452e257f807769647c6","8d30f50eee7274aad315a29c0b077f7982a5ca7114649452e257f807769647c6","UNCHANGED"
"tests/json-save-field.test.ts","f17275d0ee9b4f4bc04b0313cb0030961183ac713cd600ce5d1bd1ca88871c44","f17275d0ee9b4f4bc04b0313cb0030961183ac713cd600ce5d1bd1ca88871c44","UNCHANGED"
"tests/l4-governance.test.ts","2a15daaa27a53d9b974f761a8bca8566065bc8618a78abdb28c4355c0f8a9632","2a15daaa27a53d9b974f761a8bca8566065bc8618a78abdb28c4355c0f8a9632","UNCHANGED"
"tests/live-memory-rollback-freeze-ipc-validation.test.ts","5a639cce1140ca36d59b2ed65069c35328b0650af4e7d39ebd6ccaa9d2c1180a","5a639cce1140ca36d59b2ed65069c35328b0650af4e7d39ebd6ccaa9d2c1180a","UNCHANGED"
"tests/live-memory/aob-resolver.test.ts","cbbb7b71557d675f4deccaeb424e442a96946b5a5d2d7b38a145fcb4f6581af3","cbbb7b71557d675f4deccaeb424e442a96946b5a5d2d7b38a145fcb4f6581af3","UNCHANGED"
"tests/live-memory/app-shutdown-cleanup.test.ts","d543b55591c3b72f2a372ea664615a2047953486a66be523290d391d6fc060f4","d543b55591c3b72f2a372ea664615a2047953486a66be523290d391d6fc060f4","UNCHANGED"
"tests/live-memory/cleanup-failure-handling.test.ts","592020f1be17ab3b7949ca81de92e2797e4699a589c4f6a6b963968fb36e14c5","592020f1be17ab3b7949ca81de92e2797e4699a589c4f6a6b963968fb36e14c5","UNCHANGED"
"tests/live-memory/ct-promote-pack.test.ts","02c71c95ec76787b059bb07cc8914cace8280be36001fedb346db160bcc93e35","02c71c95ec76787b059bb07cc8914cace8280be36001fedb346db160bcc93e35","UNCHANGED"
"tests/live-memory/feature-disable-cleanup.test.ts","9a1b52304e785cfcadac2026c5bdd2c9c86717b90ac14be211b66091ea0ad36c","9a1b52304e785cfcadac2026c5bdd2c9c86717b90ac14be211b66091ea0ad36c","UNCHANGED"
"tests/live-memory/feature-resolver.test.ts","95918413875237c69c3d9b0710db498abf16df77a8987932c43c4340b23e7039","95918413875237c69c3d9b0710db498abf16df77a8987932c43c4340b23e7039","UNCHANGED"
"tests/live-memory/game-connection-baselines.test.ts","75f3928fe7b2fdbac6875ab6157afdf670a5948f31495c9cb875c9c2b91bf85a","75f3928fe7b2fdbac6875ab6157afdf670a5948f31495c9cb875c9c2b91bf85a","UNCHANGED"
"tests/live-memory/gate2-1-test-build-hooks.test.ts","ca97b90547032258d32b3a73a29b5b9c3a328bbc7629732ea142baed466b80d5","ca97b90547032258d32b3a73a29b5b9c3a328bbc7629732ea142baed466b80d5","UNCHANGED"
"tests/live-memory/installed-exe-hash.test.ts","159a29eb7ed24f71715f6d7e2c1a6e92ed8e9f4c194c4cd4f56666567738e330","159a29eb7ed24f71715f6d7e2c1a6e92ed8e9f4c194c4cd4f56666567738e330","UNCHANGED"
"tests/live-memory/live-correlation-watcher.test.ts","6fe29b65f8039b0e057a2af2d1b1a38a692fd4849f9080da6a0facfcea86846e","6fe29b65f8039b0e057a2af2d1b1a38a692fd4849f9080da6a0facfcea86846e","UNCHANGED"
"tests/live-memory/live-memory-session.test.ts","3fd7b5913be4d7e8bcb6be809b6c9cffed5149b487a4ec48c57570aad22f7dc5","3fd7b5913be4d7e8bcb6be809b6c9cffed5149b487a4ec48c57570aad22f7dc5","UNCHANGED"
"tests/live-memory/local-crash-reporter.test.ts","0e72b381476a6f7502b99fc025de5a9925b6b08b46f731712feba4174446e43f","0e72b381476a6f7502b99fc025de5a9925b6b08b46f731712feba4174446e43f","UNCHANGED"
"tests/live-memory/local-sandbox.test.ts","22d663cff9e1c2a70dc42dc161f43d8a6b87d3c7da4b2131c232c114929f5570","22d663cff9e1c2a70dc42dc161f43d8a6b87d3c7da4b2131c232c114929f5570","UNCHANGED"
"tests/live-memory/memory-manager.test.ts","793131b50fbd1af8c726da5f74ff3b5352945b31641b3a5e4478f2d0b94da7c7","793131b50fbd1af8c726da5f74ff3b5352945b31641b3a5e4478f2d0b94da7c7","UNCHANGED"
"tests/live-memory/memory-scanner.test.ts","0c5e51b7b74604db5545129d0ba77c0f029f98d7b9a5eec4905119cf54a0c6ef","0c5e51b7b74604db5545129d0ba77c0f029f98d7b9a5eec4905119cf54a0c6ef","UNCHANGED"
"tests/live-memory/online-guard.test.ts","4094bfd69fe08f187cbc53bcf041d826c062116bd3a0486146d2b697efaf9ffa","4094bfd69fe08f187cbc53bcf041d826c062116bd3a0486146d2b697efaf9ffa","UNCHANGED"
"tests/live-memory/pointer-scanner.test.ts","5cbb2e9a0828d872f060a8f8bda31f03ae3f10c796188f07e15cee4d05386820","5cbb2e9a0828d872f060a8f8bda31f03ae3f10c796188f07e15cee4d05386820","UNCHANGED"
"tests/live-memory/process-watcher.test.ts","98bb52f3b67b1029d033a38e99c0a80e00515301d9d55b5da809da99c0227a4c","98bb52f3b67b1029d033a38e99c0a80e00515301d9d55b5da809da99c0227a4c","UNCHANGED"
"tests/live-memory/real-time-scanner.test.ts","710cc70f5caea92e5c75670232204ffb0fda2dbc65e7be62e0b9ac836682c6e5","710cc70f5caea92e5c75670232204ffb0fda2dbc65e7be62e0b9ac836682c6e5","UNCHANGED"
"tests/live-memory/remote-connection-observer.test.ts","55b46cd64915549fbe9b0ded706f649857e9e5215a22f3070ef84c95aba6c443","55b46cd64915549fbe9b0ded706f649857e9e5215a22f3070ef84c95aba6c443","UNCHANGED"
"tests/live-memory/renderer-crash-cleanup.test.ts","c229830b6282c7030c56e8cf57de5d606f5f1305f49ad595ee973884bfac1542","c229830b6282c7030c56e8cf57de5d606f5f1305f49ad595ee973884bfac1542","UNCHANGED"
"tests/live-memory/research-tools.test.ts","10571d4699753d2badd8689afb7a4fcf3258ab90c6e3d2d08ba64abd3b9892e0","10571d4699753d2badd8689afb7a4fcf3258ab90c6e3d2d08ba64abd3b9892e0","UNCHANGED"
"tests/live-memory/rollback-byte-integrity.test.ts","1a2606e8d72e209924b8bd3bfc57ae674f6775f2f619166c62c88c62cb3c3dc1","1a2606e8d72e209924b8bd3bfc57ae674f6775f2f619166c62c88c62cb3c3dc1","UNCHANGED"
"tests/live-memory/rollback-float-integrity.test.ts","dea56ff5756e03484d69e9755b4e9e5d77f2acba3c34c2ecceac48466dc1db2e","dea56ff5756e03484d69e9755b4e9e5d77f2acba3c34c2ecceac48466dc1db2e","UNCHANGED"
"tests/live-memory/session-cleanup-on-destroy.test.ts","f03e4612bb97351bec9280300f6551d35564166c9424d53f3c70bd04e1ff9748","f03e4612bb97351bec9280300f6551d35564166c9424d53f3c70bd04e1ff9748","UNCHANGED"
"tests/live-memory/signature-engine.test.ts","edaa817ed314e89ef0f7d84fc0172c66044d725844f77233af9949500aa72124","edaa817ed314e89ef0f7d84fc0172c66044d725844f77233af9949500aa72124","UNCHANGED"
"tests/live-memory/write-consent.test.ts","d94fc94a46ad58c312b9a8965d255a8c25f0882c662d18a8b1c59b904369853d","d94fc94a46ad58c312b9a8965d255a8c25f0882c662d18a8b1c59b904369853d","UNCHANGED"
"tests/live-memory/write-policy-gate.test.ts","f5bf1dbb80658f65009d22eab37f399ed719d03edee163f6bf54ed595ffbc3d8","f5bf1dbb80658f65009d22eab37f399ed719d03edee163f6bf54ed595ffbc3d8","UNCHANGED"
"tests/live-memory/write-policy.test.ts","b9715071767faf0fbfa9be2503ac7cb88b95a01d9ab0aa3199d53b3fd9892829","b9715071767faf0fbfa9be2503ac7cb88b95a01d9ab0aa3199d53b3fd9892829","UNCHANGED"
"tests/live-memory/zero-input-prepare.test.ts","901b671b4d0d6b9963369a2de9d3dcf257440581573155ce7340bb456b03df21","901b671b4d0d6b9963369a2de9d3dcf257440581573155ce7340bb456b03df21","UNCHANGED"
"tests/live-watch-confidence.test.ts","2188f5ee11b1ac7353087ac840397d830e518d3b536f9d8d8a34f22ed5acd26c","2188f5ee11b1ac7353087ac840397d830e518d3b536f9d8d8a34f22ed5acd26c","UNCHANGED"
"tests/local-ocr.test.ts","e5c5a0f3bba8b11186f23371b4fd15f2def22432c8ac1ad5953ede85177aba6e","e5c5a0f3bba8b11186f23371b4fd15f2def22432c8ac1ad5953ede85177aba6e","UNCHANGED"
"tests/memory-research.test.ts","e4804d20f7dca08e260b2ea24a07e18ca56dbf6e0f2c500261e55d8aa243d4c6","e4804d20f7dca08e260b2ea24a07e18ca56dbf6e0f2c500261e55d8aa243d4c6","UNCHANGED"
"tests/milestone-e-acceptance.test.ts","46148b08aaf6403d392ef0fc1917dfc366abec010564064d0ff226c29236e81c","46148b08aaf6403d392ef0fc1917dfc366abec010564064d0ff226c29236e81c","UNCHANGED"
"tests/milestone-j-acceptance.test.ts","86e38445334ea66aea6582f628caeb2a91f279c4795e3d9be3c7c63f2fb609f0","86e38445334ea66aea6582f628caeb2a91f279c4795e3d9be3c7c63f2fb609f0","UNCHANGED"
"tests/module-artwork.test.ts","80ddc92350cde5bb3eac41761c59d67e11d795ed68edd69fae39d77bf092846a","80ddc92350cde5bb3eac41761c59d67e11d795ed68edd69fae39d77bf092846a","UNCHANGED"
"tests/onboarding-branding.test.ts","433cd3582534b2ba1b3d1f2bc39222f82d1bb6003cee297eef9cb49d8db4c3e7","433cd3582534b2ba1b3d1f2bc39222f82d1bb6003cee297eef9cb49d8db4c3e7","UNCHANGED"
"tests/overlay-layout-presets.test.ts","9f963a51b294e77fc7997bd71901391016287a947c4d6bd4f7b7363281820a57","9f963a51b294e77fc7997bd71901391016287a947c4d6bd4f7b7363281820a57","UNCHANGED"
"tests/packaged-lifecycle-gate2-1.e2e.test.ts","406993e1de5098d5dd9bee9422e024a6f0ac3a88fc2aaddd0ed0fbea0060ebff","406993e1de5098d5dd9bee9422e024a6f0ac3a88fc2aaddd0ed0fbea0060ebff","UNCHANGED"
"tests/packaged-smoke.test.ts","ea665a3ab728c11c802deb2759e43a05f444586498c695541a53cf811547ae1f","ea665a3ab728c11c802deb2759e43a05f444586498c695541a53cf811547ae1f","UNCHANGED"
"tests/page-walkthrough.test.tsx","0fe4ba01483171f068fd811f013701e37e7a0440df3e3eaadab0d216597f05d5","0fe4ba01483171f068fd811f013701e37e7a0440df3e3eaadab0d216597f05d5","UNCHANGED"
"tests/parsers.test.ts","3d3ef9e6654d2bf3ce05a5fa3449b577151f2822b0e2505978b80eb0946ca5af","3d3ef9e6654d2bf3ce05a5fa3449b577151f2822b0e2505978b80eb0946ca5af","UNCHANGED"
"tests/performance.e2e.test.ts","2328cee33905cea7462a7044a9e68850083d721645bd21d6ee833cd2959dd4cb","2328cee33905cea7462a7044a9e68850083d721645bd21d6ee833cd2959dd4cb","UNCHANGED"
"tests/pilot-intake.test.ts","c0ccd2bd84c05dbb98621ccde907a295df508460cfd16c2222f73cfe46124ffc","c0ccd2bd84c05dbb98621ccde907a295df508460cfd16c2222f73cfe46124ffc","UNCHANGED"
"tests/process-picker.test.ts","16060bf8cca43b11da66bb827609647a0ecd9e925a450ffa3c36c0278e04e565","16060bf8cca43b11da66bb827609647a0ecd9e925a450ffa3c36c0278e04e565","UNCHANGED"
"tests/process-selection-registry.test.ts","1c930bf0c1834a57d5c54256758fd63f7ac6a7ca6e4eec58253f76304baee9f3","1c930bf0c1834a57d5c54256758fd63f7ac6a7ca6e4eec58253f76304baee9f3","UNCHANGED"
"tests/process.test.ts","147275f3185bc1fb74993133b521c5081e9b4625be5be38a44270701bccf252d","147275f3185bc1fb74993133b521c5081e9b4625be5be38a44270701bccf252d","UNCHANGED"
"tests/profiles.test.ts","3c4a1118ee63b1116662d7a3ea22462005b3b7fb2c23c261800ac27efe47cd5a","3c4a1118ee63b1116662d7a3ea22462005b3b7fb2c23c261800ac27efe47cd5a","UNCHANGED"
"tests/protected-target-guard.test.ts","ad4b1a0b37a12c2d8570e9d19539471e392f6507f3c40244e86c6484856ede13","ad4b1a0b37a12c2d8570e9d19539471e392f6507f3c40244e86c6484856ede13","UNCHANGED"
"tests/registry-cli.test.ts","3dcb6f8c0877f4e0726a16b1c8433e7f6de020411ffdd24c2c592ab3b8d22780","3dcb6f8c0877f4e0726a16b1c8433e7f6de020411ffdd24c2c592ab3b8d22780","UNCHANGED"
"tests/registry-explorer-page.test.tsx","361293b71d4ec9b862ef5c14b33bdc083ceb7b1240f207704b6592dfa2197a80","361293b71d4ec9b862ef5c14b33bdc083ceb7b1240f207704b6592dfa2197a80","UNCHANGED"
"tests/registry-query.test.ts","3ce02c3990ed4013fe90857a432eed54b29fcd7dc5f3f5070a863c94f0cc5863","3ce02c3990ed4013fe90857a432eed54b29fcd7dc5f3f5070a863c94f0cc5863","UNCHANGED"
"tests/registry-schema.test.ts","2aacda1e5178f6ec92b5fee0016fb8e8a98e0a7eba705d476e50cd1f75a805f5","2aacda1e5178f6ec92b5fee0016fb8e8a98e0a7eba705d476e50cd1f75a805f5","UNCHANGED"
"tests/release-artifacts.test.ts","d622ba96ac80f670843db416173ab41cfdb420641ec6516501f63ba96c84f890","d622ba96ac80f670843db416173ab41cfdb420641ec6516501f63ba96c84f890","UNCHANGED"
"tests/restart-validation.test.ts","cdc51409f89851cd7a64843c833eb3499e5f722cbeb6b9638cdf9456767c5bf4","cdc51409f89851cd7a64843c833eb3499e5f722cbeb6b9638cdf9456767c5bf4","UNCHANGED"
"tests/runtime-readonly.test.ts","35cac3b79da3f5704b1358ebc1fbfbc9babd4c2279549d43906ef646d7416a40","35cac3b79da3f5704b1358ebc1fbfbc9babd4c2279549d43906ef646d7416a40","UNCHANGED"
"tests/runtime-signature-validation.test.ts","4dad20ae52210165bb58534e1a57a2ec9f6342859d46ee77086279a63349cccd","4dad20ae52210165bb58534e1a57a2ec9f6342859d46ee77086279a63349cccd","UNCHANGED"
"tests/safety-honest-gates.test.ts","87250a064f78dc722d487f8a06fb54d3d8f709987236b4967be1a97f03184dc7","87250a064f78dc722d487f8a06fb54d3d8f709987236b4967be1a97f03184dc7","UNCHANGED"
"tests/safety-integration.test.ts","21b64fd011c2d0350b75fc6cb1ce038cdfd8b4c774142c7c32f32b0d7eb89890","21b64fd011c2d0350b75fc6cb1ce038cdfd8b4c774142c7c32f32b0d7eb89890","UNCHANGED"
"tests/save-editor-static.test.ts","ca2a33a225af90a9592d8fce2eed836b51f7a1f6ba3a5067d6d2a5055a058da1","ca2a33a225af90a9592d8fce2eed836b51f7a1f6ba3a5067d6d2a5055a058da1","UNCHANGED"
"tests/save-format.test.ts","3f803fc646aacdb2b7e120cc2d523449084522d2901453c23493fe332930714d","3f803fc646aacdb2b7e120cc2d523449084522d2901453c23493fe332930714d","UNCHANGED"
"tests/schema-v1-boundaries.test.ts","ae432b20192d21f64e3acfbd87f3b5e526d54c7c8f03c70438d614e292814873","ae432b20192d21f64e3acfbd87f3b5e526d54c7c8f03c70438d614e292814873","UNCHANGED"
"tests/schema-v1-capability-lanes.test.ts","4e5009dbc6116ee233f043e8a2b9153ba1265f80f2c9390069974dedf2f8fb6d","4e5009dbc6116ee233f043e8a2b9153ba1265f80f2c9390069974dedf2f8fb6d","UNCHANGED"
"tests/schema-v1-dual-read.test.ts","2a5c805596e47106844e4278aa510cc4027547339bbe662cfbc4626e1175e7d7","2a5c805596e47106844e4278aa510cc4027547339bbe662cfbc4626e1175e7d7","UNCHANGED"
"tests/schema-v1-phase3-silence.test.ts","8351713ab7244928bad764be082ff6d2018690725e9cc97fb9aae0242eeeb687","8351713ab7244928bad764be082ff6d2018690725e9cc97fb9aae0242eeeb687","UNCHANGED"
"tests/script-research.test.ts","69cd84f95afbeb390c2400c886d75a07bf93bcbb86624a0be5c4206c6f36c30a","69cd84f95afbeb390c2400c886d75a07bf93bcbb86624a0be5c4206c6f36c30a","UNCHANGED"
"tests/settings-onboarding.test.ts","e63418b111fa3e0e000d698abbebe4c4118f13c372ff765149985210bde60977","e63418b111fa3e0e000d698abbebe4c4118f13c372ff765149985210bde60977","UNCHANGED"
"tests/signature-resolution.test.ts","0523a39b64c06c2739e504877196cc7da6b966726f321f84d1fc86015f3dbe80","0523a39b64c06c2739e504877196cc7da6b966726f321f84d1fc86015f3dbe80","UNCHANGED"
"tests/sql-parameter-binding.test.ts","4643f5be3f64fd9f3feb93a1a200a965d9121e643d8a88c6d8251044af823699","4643f5be3f64fd9f3feb93a1a200a965d9121e643d8a88c6d8251044af823699","UNCHANGED"
"tests/target-metadata.test.ts","b0994f8f90e0e5ae73995a75d2d4a20a9e31031433bc688d2b2b9acaad778a06","b0994f8f90e0e5ae73995a75d2d4a20a9e31031433bc688d2b2b9acaad778a06","UNCHANGED"
"tests/trainer-catalog-ipc-validation.test.ts","c2d89df52692a69f2d0c10e8ee64179fd3ebb887a83b5d8756b53824fd651c81","c2d89df52692a69f2d0c10e8ee64179fd3ebb887a83b5d8756b53824fd651c81","UNCHANGED"
"tests/trainer-catalog-offline.test.ts","9731beae259bdc6ef35407dc1c6184e3b8cca23a82aaeec26606be28791e03bd","9731beae259bdc6ef35407dc1c6184e3b8cca23a82aaeec26606be28791e03bd","UNCHANGED"
"tests/trainer-catalog-search.test.ts","b20de9f6d3c223182f4a348d0b345d582baa77adfe4e328bf5b156a5205885ce","b20de9f6d3c223182f4a348d0b345d582baa77adfe4e328bf5b156a5205885ce","UNCHANGED"
"tests/trainer-catalog.test.ts","6943d991e56c0a7e0d1d1e69990a931822caaaf9f2635ec1193a08c4584c2218","6943d991e56c0a7e0d1d1e69990a931822caaaf9f2635ec1193a08c4584c2218","UNCHANGED"
"tests/trainer-control-schema.test.ts","bb216e4375a9b71f10e57907638566cfef4825a899d65a5fd1ec6cc3bab69aac","bb216e4375a9b71f10e57907638566cfef4825a899d65a5fd1ec6cc3bab69aac","UNCHANGED"
"tests/trainer-deck-rows.test.ts","6bb41814fa88f3a6668ddf93153e1848c02a86bc31a753f3958ee42e1aba7827","6bb41814fa88f3a6668ddf93153e1848c02a86bc31a753f3958ee42e1aba7827","UNCHANGED"
"tests/trainer-health.test.ts","0a37b4a56ccb6a24b871506f01b2b7690dd4435c1cc5b37a3f75c788853d4599","0a37b4a56ccb6a24b871506f01b2b7690dd4435c1cc5b37a3f75c788853d4599","UNCHANGED"
"tests/trainer-host/e2e.test.ts","b5d5791fb0f466ba698da82306c5c516e03817943851a0b2dad495255f6a410f","b5d5791fb0f466ba698da82306c5c516e03817943851a0b2dad495255f6a410f","UNCHANGED"
"tests/trainer-host/host-runtime.test.ts","617bf66560d9798e882c0db4b25f8b1731884081142e3a50fb26ad19cfdb2215","617bf66560d9798e882c0db4b25f8b1731884081142e3a50fb26ad19cfdb2215","UNCHANGED"
"tests/trainer-host/host-supervisor.test.ts","2f8f89c724890210bbc301c878db4de8ee7061b51f9fbf4c9605c291483d8e3a","2f8f89c724890210bbc301c878db4de8ee7061b51f9fbf4c9605c291483d8e3a","UNCHANGED"
"tests/trainer-host/protocol.test.ts","4c1b6d52fa28a3f89744ca17a865d341ba8cf938f68f3918c833702e00642bef","4c1b6d52fa28a3f89744ca17a865d341ba8cf938f68f3918c833702e00642bef","UNCHANGED"
"tests/trainer-host/read-save-field.test.ts","8c351ba1e25ee9168087e65324fcf0186c3016ccae10b4b84685ab3a269e76cd","8c351ba1e25ee9168087e65324fcf0186c3016ccae10b4b84685ab3a269e76cd","UNCHANGED"
"tests/trainer-host/write-save-field.test.ts","5f4c1cc140717b02f3166c32f0790d8ffdafbf00f0cbf062e3c0b89662b93660","5f4c1cc140717b02f3166c32f0790d8ffdafbf00f0cbf062e3c0b89662b93660","UNCHANGED"
"tests/trainer-hotkey-bindings.test.ts","408a687765b196572a848590faaac87aafe4299e75bac8e533009f96b962082d","408a687765b196572a848590faaac87aafe4299e75bac8e533009f96b962082d","UNCHANGED"
"tests/trainer-hotkeys.test.ts","ad826ea674b002ecbcb8cd882c4763d0feff51647c5b1945ab02a56e9a00eaf7","ad826ea674b002ecbcb8cd882c4763d0feff51647c5b1945ab02a56e9a00eaf7","UNCHANGED"
"tests/trainer-library-persistence-lifecycle.test.ts","09a25403d884e80164221d8360fd52483738db5e8fa411c490830bf59084c869","09a25403d884e80164221d8360fd52483738db5e8fa411c490830bf59084c869","UNCHANGED"
"tests/trainer-library-preview-gates.test.ts","b53e6d7bbfede50ab48ae86e8e7311894828719a942872d93ac5a982bedf1ca7","b53e6d7bbfede50ab48ae86e8e7311894828719a942872d93ac5a982bedf1ca7","UNCHANGED"
"tests/trainer-library-ui-static.test.ts","af11ebb1a9142b6acf99dc0e383f28ac09e3ac5373cde8bb4ffcd1217a0db13e","af11ebb1a9142b6acf99dc0e383f28ac09e3ac5373cde8bb4ffcd1217a0db13e","UNCHANGED"
"tests/trainer-research.test.ts","6a3c41fea5d920257c4cd15072c3d059dad4cd25e1beef84faaed52a16dcf618","6a3c41fea5d920257c4cd15072c3d059dad4cd25e1beef84faaed52a16dcf618","UNCHANGED"
"tests/trainer-states-controls.e2e.test.ts","de34d6f27eb3e9278714766449413cfdb5d0040679d01a9e42872c85dfda5c40","de34d6f27eb3e9278714766449413cfdb5d0040679d01a9e42872c85dfda5c40","UNCHANGED"
"tests/trainer-ui.test.ts","21d36c62e30286f99aeff2e5ac410336563bcc766ad4a2586072d901eeb9b13f","21d36c62e30286f99aeff2e5ac410336563bcc766ad4a2586072d901eeb9b13f","UNCHANGED"
"tests/trainer.e2e.test.ts","189a3dd1aec22d4d297e3023d8947226c007e54bba3f8cef55676c53cb81e8ff","189a3dd1aec22d4d297e3023d8947226c007e54bba3f8cef55676c53cb81e8ff","UNCHANGED"
"tests/trusted-sender-registry.test.ts","ffa0947d042f16db715cb5107e65f14108e90d5d3b4a51a8f63a57d5104f603d","ffa0947d042f16db715cb5107e65f14108e90d5d3b4a51a8f63a57d5104f603d","UNCHANGED"
"tests/ue-dumpspace-import.test.ts","28a64f3580a66b7d5ccad8431afb99548fb6f7a42612463772db3f77fae1a3cf","28a64f3580a66b7d5ccad8431afb99548fb6f7a42612463772db3f77fae1a3cf","UNCHANGED"
"tests/v2-lifecycle-wiring.test.ts","73bf60b21603c7a927ad9dc04ccedeea456820b917dee7ba2fa7129b13d73859","73bf60b21603c7a927ad9dc04ccedeea456820b917dee7ba2fa7129b13d73859","UNCHANGED"
"tests/v2-lifecycle.test.ts","9cc80cd929b2448389d0484b06856dd97239a1960b9a56a48b3c692a8a8b0ceb","9cc80cd929b2448389d0484b06856dd97239a1960b9a56a48b3c692a8a8b0ceb","UNCHANGED"
"tests/v2-safe-workflow-copy.test.ts","da18798cf43c639aab642182f0a36ef6c8ea493511180b786630d325512a1497","da18798cf43c639aab642182f0a36ef6c8ea493511180b786630d325512a1497","UNCHANGED"
"tests/version-consistency.test.ts","b3e8529ff7f5ecbc1aa00aff5bb0f1519de8e7212d9dc78beb8f3b03ee6c94dd","b3e8529ff7f5ecbc1aa00aff5bb0f1519de8e7212d9dc78beb8f3b03ee6c94dd","UNCHANGED"
"tests/walkthrough-navigation.e2e.test.ts","64606e6d267c515846e8e45729e759d247e44de7bdd99dda78f53db36ee474f0","64606e6d267c515846e8e45729e759d247e44de7bdd99dda78f53db36ee474f0","UNCHANGED"
"tests/windows-readonly-adapter.test.ts","ec7002b00998c5935d3734e6300a1d3ae1821acb98b219bdb41bbf46d34fe202","ec7002b00998c5935d3734e6300a1d3ae1821acb98b219bdb41bbf46d34fe202","UNCHANGED"
"tests/wisp-preferences.test.ts","29aa1f7a86545c1231f9bdb7768ebf306b8798288010526d18e11d6c1d030a43","29aa1f7a86545c1231f9bdb7768ebf306b8798288010526d18e11d6c1d030a43","UNCHANGED"
"tests/write-policy.test.ts","0acf2be3793d4ded04af566b07189dc449217732825066e8df4a23402dfc397e","0acf2be3793d4ded04af566b07189dc449217732825066e8df4a23402dfc397e","UNCHANGED"
"THIRD_PARTY_LICENSES.md","27b549e2e2e9ba2011480384963e60d693c6f04035891bb6257901c34df969d5","27b549e2e2e9ba2011480384963e60d693c6f04035891bb6257901c34df969d5","UNCHANGED"
"tsconfig.electron.json","6937654b019883094d1f7bcd6ab2e1d31723572bb1f30e387550fb788e9ad0d2","6937654b019883094d1f7bcd6ab2e1d31723572bb1f30e387550fb788e9ad0d2","UNCHANGED"
"tsconfig.json","0087396c65ef22bffae2f850a15ced4586a76378869d187c14e6f6b07f154b35","0087396c65ef22bffae2f850a15ced4586a76378869d187c14e6f6b07f154b35","UNCHANGED"
"tsup.config.ts","da7b3a4a6d6bef0d762cd96ae096595e84fbc78088afa971f96396ea0314a72d","da7b3a4a6d6bef0d762cd96ae096595e84fbc78088afa971f96396ea0314a72d","UNCHANGED"
"vendor/memoryjs-3.5.1-patched/binding.gyp","05c258624ce8e298fb71d420f81acc80aa6ff1c17276cbb8b372be4a1d618b4a","05c258624ce8e298fb71d420f81acc80aa6ff1c17276cbb8b372be4a1d618b4a","UNCHANGED"
"vendor/memoryjs-3.5.1-patched/index.js","c6594ce3e6197d03d0b134442f55f217ba7711461c26acb122cb403ee85fb226","c6594ce3e6197d03d0b134442f55f217ba7711461c26acb122cb403ee85fb226","UNCHANGED"
"vendor/memoryjs-3.5.1-patched/lib/debugger.cc","ace2a96b5340f9ec0b72654b27eb447ba1ae2a01c16a8598a1e0ed04d0c8a3f9","ace2a96b5340f9ec0b72654b27eb447ba1ae2a01c16a8598a1e0ed04d0c8a3f9","UNCHANGED"
"vendor/memoryjs-3.5.1-patched/lib/debugger.h","00b9bd5c9fb00329262b6a99e15adec1cb304940394b7954ecb06f1d8ea45421","00b9bd5c9fb00329262b6a99e15adec1cb304940394b7954ecb06f1d8ea45421","UNCHANGED"
"vendor/memoryjs-3.5.1-patched/lib/dll.h","197fcb31ec2e94a3aa59c90e9136ff1830ec31bb314e77914e3e4ba1ed134d6b","197fcb31ec2e94a3aa59c90e9136ff1830ec31bb314e77914e3e4ba1ed134d6b","UNCHANGED"
"vendor/memoryjs-3.5.1-patched/lib/functions.cc","3ede8b93901e7353dff990836b5d2d7937058bca987f83fe32e96ae9866f04b1","3ede8b93901e7353dff990836b5d2d7937058bca987f83fe32e96ae9866f04b1","UNCHANGED"
"vendor/memoryjs-3.5.1-patched/lib/functions.h","1f119b37b938e9f6fd10f7c950dfd51f697b1ac6c6ed5ac896451a460ac49a32","1f119b37b938e9f6fd10f7c950dfd51f697b1ac6c6ed5ac896451a460ac49a32","UNCHANGED"
"vendor/memoryjs-3.5.1-patched/lib/memory.cc","c6d37fa75a44bad8865ae790ab01adbbb4686e934515f2c7908df5eab66aaaba","c6d37fa75a44bad8865ae790ab01adbbb4686e934515f2c7908df5eab66aaaba","UNCHANGED"
"vendor/memoryjs-3.5.1-patched/lib/memory.h","9a7e0b6226e58569ed6947b92d2a7028eafff6ab3451caf7932a7579dcdba35d","9a7e0b6226e58569ed6947b92d2a7028eafff6ab3451caf7932a7579dcdba35d","UNCHANGED"
"vendor/memoryjs-3.5.1-patched/lib/memoryjs.cc","df7d4b1c129b8f7f658e2063fdc428c9600e3b12eb15a6331a2c5aef31de6b90","df7d4b1c129b8f7f658e2063fdc428c9600e3b12eb15a6331a2c5aef31de6b90","UNCHANGED"
"vendor/memoryjs-3.5.1-patched/lib/memoryjs.h","cabc77ed8ebc16c9c89ca8d81ffb7ecaa02d7608bd013323c04d407b8b334cda","cabc77ed8ebc16c9c89ca8d81ffb7ecaa02d7608bd013323c04d407b8b334cda","UNCHANGED"
"vendor/memoryjs-3.5.1-patched/lib/module.cc","49db11e8a4fe2ef4a6de7cc7f660fc5f8b79dc719cb40b9fad136656314241a8","49db11e8a4fe2ef4a6de7cc7f660fc5f8b79dc719cb40b9fad136656314241a8","UNCHANGED"
"vendor/memoryjs-3.5.1-patched/lib/module.h","b691b5f710abf9abfca9dd61f689524200cc33a1ac44a6ab9f720ab5a198f2d6","b691b5f710abf9abfca9dd61f689524200cc33a1ac44a6ab9f720ab5a198f2d6","UNCHANGED"
"vendor/memoryjs-3.5.1-patched/lib/pattern.cc","b06a98071885f31872a0613b341ce4874601b4a9d4564873e67fdb484a558655","b06a98071885f31872a0613b341ce4874601b4a9d4564873e67fdb484a558655","UNCHANGED"
"vendor/memoryjs-3.5.1-patched/lib/pattern.h","4554538e24733da0c272dab3bc60c2d408f887204b1929727f8faaf792996be3","4554538e24733da0c272dab3bc60c2d408f887204b1929727f8faaf792996be3","UNCHANGED"
"vendor/memoryjs-3.5.1-patched/lib/process.cc","148f20821a8191eef41013e660ccf5343e77b056493d3f34f11fbde7eef577fd","148f20821a8191eef41013e660ccf5343e77b056493d3f34f11fbde7eef577fd","UNCHANGED"
"vendor/memoryjs-3.5.1-patched/lib/process.h","43fd217ce2a95c7d9f66885e8709aa84a293507ff341edf98ba88bb16d3d8192","43fd217ce2a95c7d9f66885e8709aa84a293507ff341edf98ba88bb16d3d8192","UNCHANGED"
"vendor/memoryjs-3.5.1-patched/LICENSE.md","c126f43d0394f4de2e7330fcdddfffbb6018455d5be1f3a361d834c4a7cac8b0","c126f43d0394f4de2e7330fcdddfffbb6018455d5be1f3a361d834c4a7cac8b0","UNCHANGED"
"vendor/memoryjs-3.5.1-patched/NOTES.md","a02b11c876b0c19176389a5fd6e0ce1cc096926696be2f6815b9d8d9c25a5873","a02b11c876b0c19176389a5fd6e0ce1cc096926696be2f6815b9d8d9c25a5873","UNCHANGED"
"vendor/memoryjs-3.5.1-patched/package.json","7a592eb66c633037dce8716b2fb014c4436dd4528a0f13dea5f4b40f82357ce4","7a592eb66c633037dce8716b2fb014c4436dd4528a0f13dea5f4b40f82357ce4","UNCHANGED"
"vendor/memoryjs-3.5.1-patched/scripts/debug.js","226d6c139c1d3019ac53f803615c2d8dad4ba7768db57aa6b32aeb5384a27ecf","226d6c139c1d3019ac53f803615c2d8dad4ba7768db57aa6b32aeb5384a27ecf","UNCHANGED"
"vendor/memoryjs-3.5.1-patched/scripts/install.js","6cc97cfb44e8b05e3eb58a58aa216b5e38ed15ae5542f8c31b99df0cb6e09cd5","6cc97cfb44e8b05e3eb58a58aa216b5e38ed15ae5542f8c31b99df0cb6e09cd5","UNCHANGED"
"vendor/memoryjs-3.5.1-patched/src/consts.js","cbd16984c3ccd10d222171f9f718a64ce262c5604a04ec9db514ab69593c907b","cbd16984c3ccd10d222171f9f718a64ce262c5604a04ec9db514ab69593c907b","UNCHANGED"
"vendor/memoryjs-3.5.1-patched/src/debugger.js","d228aa2ba50b72473f6f87a6551d7776d2fa94cb23ee628d8363f605643bb651","d228aa2ba50b72473f6f87a6551d7776d2fa94cb23ee628d8363f605643bb651","UNCHANGED"
"vendor/memoryjs-3.5.1-patched/src/utils.js","e290e7c7754d708b3cd3d887a01bdc5e469ecf6860a1d15fb857c3588a6baeb5","e290e7c7754d708b3cd3d887a01bdc5e469ecf6860a1d15fb857c3588a6baeb5","UNCHANGED"
"vite.config.ts","64c53b820a7bf8936d094222f37856013414b253fe574cb9cc71c5094cfc946a","64c53b820a7bf8936d094222f37856013414b253fe574cb9cc71c5094cfc946a","UNCHANGED"
